"lon","lat","spatial_effect"
-125,25,3.67170127105716
-124.504201680672,25,3.5343096950072
-124.008403361345,25,3.38929449350704
-123.512605042017,25,3.23682611875642
-123.016806722689,25,3.07717435760892
-122.521008403361,25,2.91072275503512
-122.025210084034,25,2.73798285111981
-121.529411764706,25,2.55960667245517
-121.033613445378,25,2.37639542768724
-120.53781512605,25,2.18930201846329
-120.042016806723,25,1.99942496591852
-119.546218487395,25,1.80799176474558
-119.050420168067,25,1.61633058246718
-118.55462184874,25,1.42583054688178
-118.058823529412,25,1.23789239883862
-117.563025210084,25,1.05387279122574
-117.067226890756,25,0.875026601697796
-116.571428571429,25,0.702452121055611
-116.075630252101,25,0.53704381235822
-115.579831932773,25,0.379456620919652
-115.084033613445,25,0.230084907628973
-114.588235294118,25,0.0890582405320166
-114.09243697479,25,-0.0437443034997971
-113.596638655462,25,-0.168660130040152
-113.100840336134,25,-0.286188910207998
-112.605042016807,25,-0.396919124761427
-112.109243697479,25,-0.501438909524811
-111.613445378151,25,-0.600238323620978
-111.117647058824,25,-0.693614076820307
-110.621848739496,25,-0.781590738768803
-110.126050420168,25,-0.86387317464637
-109.63025210084,25,-0.939842388039418
-109.134453781513,25,-1.00860100236932
-108.638655462185,25,-1.0690662209867
-108.142857142857,25,-1.1200990885172
-107.647058823529,25,-1.16065136655857
-107.151260504202,25,-1.18990711570243
-106.655462184874,25,-1.20739616585127
-106.159663865546,25,-1.21306104335611
-105.663865546218,25,-1.20726669862826
-105.168067226891,25,-1.19075199242201
-104.672268907563,25,-1.16453159339487
-104.176470588235,25,-1.12976519279928
-103.680672268908,25,-1.08761681009013
-103.18487394958,25,-1.03913011755243
-102.689075630252,25,-0.985145997596044
-102.193277310924,25,-0.926285289631418
-101.697478991597,25,-0.863010943093172
-101.201680672269,25,-0.795766580771401
-100.705882352941,25,-0.725160610012245
-100.210084033613,25,-0.652128882725114
-99.7142857142857,25,-0.577976294191346
-99.218487394958,25,-0.504198382012374
-98.7226890756303,25,-0.432094700615661
-98.2268907563025,25,-0.362545046208757
-97.7310924369748,25,-0.296539942552919
-97.2352941176471,25,-0.235779336202329
-96.7394957983193,25,-0.182137549248346
-96.2436974789916,25,-0.136537550029518
-95.7478991596639,25,-0.0982241618699078
-95.2521008403361,25,-0.064957513014036
-94.7563025210084,25,-0.0338154996483417
-94.2605042016807,25,-0.00197739934755505
-93.7647058823529,25,0.0327812690546334
-93.2689075630252,25,0.071879107110947
-92.7731092436975,25,0.115914403915127
-92.2773109243697,25,0.164756670261159
-91.781512605042,25,0.21768575813496
-91.2857142857143,25,0.273551546790057
-90.7899159663866,25,0.330944293428613
-90.2941176470588,25,0.388366238225216
-89.7983193277311,25,0.444386567250815
-89.3025210084034,25,0.497756221750113
-88.8067226890756,25,0.547464892880676
-88.3109243697479,25,0.592739724852963
-87.8151260504202,25,0.633005416558387
-87.3193277310924,25,0.667837719918532
-86.8235294117647,25,0.696939716066058
-86.327731092437,25,0.720151778547929
-85.8319327731092,25,0.737475890176175
-85.3361344537815,25,0.749060299342973
-84.8403361344538,25,0.75506198393115
-84.344537815126,25,0.755298578610057
-83.8487394957983,25,0.748646105785287
-83.3529411764706,25,0.732277172176708
-82.8571428571429,25,0.701104675127702
-82.3613445378151,25,0.648133505962817
-81.8655462184874,25,0.566452667281374
-81.3697478991597,25,0.452879474485581
-80.8739495798319,25,0.313045973085435
-80.3781512605042,25,0.1621825680216
-79.8823529411765,25,0.0153335903087201
-79.3865546218487,25,-0.124376541063858
-78.890756302521,25,-0.25849855740798
-78.3949579831933,25,-0.388766033579964
-77.8991596638655,25,-0.516783199879542
-77.4033613445378,25,-0.643842052459812
-76.9075630252101,25,-0.770877276682251
-76.4117647058823,25,-0.898503057168864
-75.9159663865546,25,-1.02707207722897
-75.4201680672269,25,-1.15673253757265
-74.9243697478992,25,-1.28747734031487
-74.4285714285714,25,-1.41918534796838
-73.9327731092437,25,-1.55165575581993
-73.436974789916,25,-1.68463654293857
-72.9411764705882,25,-1.81784770534052
-72.4453781512605,25,-1.95099980396829
-71.9495798319328,25,-2.08380829213675
-71.453781512605,25,-2.21600407795514
-70.9579831932773,25,-2.34734079364097
-70.4621848739496,25,-2.47759926627153
-69.9663865546218,25,-2.60658968678148
-69.4705882352941,25,-2.7341519538203
-68.9747899159664,25,-2.8601546432908
-68.4789915966387,25,-2.98449300186307
-67.9831932773109,25,-3.10708631182628
-67.4873949579832,25,-3.22787491313643
-66.9915966386555,25,-3.34681711554283
-66.4957983193277,25,-3.46388617552837
-66,25,-3.57906746661176
-125,25.3164556962025,3.66321711217521
-124.504201680672,25.3164556962025,3.52711924786415
-124.008403361345,25.3164556962025,3.38321636757123
-123.512605042017,25.3164556962025,3.23165744476694
-123.016806722689,25.3164556962025,3.07269228290046
-122.521008403361,25.3164556962025,2.90668796356167
-122.025210084034,25.3164556962025,2.73414574790087
-121.529411764706,25.3164556962025,2.55571673297238
-121.033613445378,25.3164556962025,2.37221388449004
-120.53781512605,25.3164556962025,2.18461757188048
-120.042016806723,25.3164556962025,1.99407158851171
-119.546218487395,25.3164556962025,1.80186704828099
-119.050420168067,25.3164556962025,1.60941257879102
-118.55462184874,25.3164556962025,1.41819082935077
-118.058823529412,25.3164556962025,1.22970325801404
-117.563025210084,25.3164556962025,1.04540702280888
-117.067226890756,25.3164556962025,0.866649208421424
-116.571428571429,25.3164556962025,0.694604187243103
-116.075630252101,25.3164556962025,0.530219593290137
-115.579831932773,25.3164556962025,0.374175377418328
-115.084033613445,25.3164556962025,0.226859161059279
-114.588235294118,25.3164556962025,0.08836008971625
-114.09243697479,25.3164556962025,-0.0415171093410938
-113.596638655462,25.3164556962025,-0.163216296103602
-113.100840336134,25.3164556962025,-0.277371050144666
-112.605042016807,25.3164556962025,-0.384722781084534
-112.109243697479,25.3164556962025,-0.486018708385549
-111.613445378151,25.3164556962025,-0.58189710322123
-111.117647058824,25.3164556962025,-0.672772468053252
-110.621848739496,25.3164556962025,-0.758737767785123
-110.126050420168,25.3164556962025,-0.839502451526077
-109.63025210084,25.3164556962025,-0.914382356296617
-109.134453781513,25.3164556962025,-0.982350343378854
-108.638655462185,25.3164556962025,-1.04214591913783
-108.142857142857,25.3164556962025,-1.09243052524771
-107.647058823529,25.3164556962025,-1.13196549712621
-107.151260504202,25.3164556962025,-1.15978425934677
-106.655462184874,25.3164556962025,-1.17533038058013
-106.159663865546,25.3164556962025,-1.17853862431525
-105.663865546218,25.3164556962025,-1.16984583874452
-105.168067226891,25.3164556962025,-1.15013042306463
-104.672268907563,25.3164556962025,-1.12059089554527
-104.176470588235,25.3164556962025,-1.08258383953671
-103.680672268908,25.3164556962025,-1.03744823762256
-103.18487394958,25.3164556962025,-0.986346836973996
-102.689075630252,25.3164556962025,-0.930156189230474
-102.193277310924,25.3164556962025,-0.86943505818264
-101.697478991597,25.3164556962025,-0.804493715799675
-101.201680672269,25.3164556962025,-0.73556956547053
-100.705882352941,25.3164556962025,-0.663082509245772
-100.210084033613,25.3164556962025,-0.587896154497005
-99.7142857142857,25.3164556962025,-0.511458086188684
-99.218487394958,25.3164556962025,-0.435658491561995
-98.7226890756303,25.3164556962025,-0.362302953718983
-98.2268907563025,25.3164556962025,-0.292546175890588
-97.7310924369748,25.3164556962025,-0.227548821707634
-97.2352941176471,25.3164556962025,-0.169471398907907
-96.7394957983193,25.3164556962025,-0.120560882319434
-96.2436974789916,25.3164556962025,-0.0816574841827643
-95.7478991596639,25.3164556962025,-0.0513681077479593
-95.2521008403361,25.3164556962025,-0.0265539247107567
-94.7563025210084,25.3164556962025,-0.0035109720722558
-94.2605042016807,25.3164556962025,0.0210904426760692
-93.7647058823529,25.3164556962025,0.0497137630549626
-93.2689075630252,25.3164556962025,0.0838144588197659
-92.7731092436975,25.3164556962025,0.123901718745416
-92.2773109243697,25.3164556962025,0.169687335527175
-91.781512605042,25.3164556962025,0.220258590831793
-91.2857142857143,25.3164556962025,0.274257005907326
-90.7899159663866,25.3164556962025,0.330065434020779
-90.2941176470588,25.3164556962025,0.386001049790639
-89.7983193277311,25.3164556962025,0.440493820247822
-89.3025210084034,25.3164556962025,0.492217502503451
-88.8067226890756,25.3164556962025,0.540146429926208
-88.3109243697479,25.3164556962025,0.583535973786821
-87.8151260504202,25.3164556962025,0.621854426356552
-87.3193277310924,25.3164556962025,0.654712834204829
-86.8235294117647,25.3164556962025,0.681837320542766
-86.327731092437,25.3164556962025,0.703105257755813
-85.8319327731092,25.3164556962025,0.718627733439886
-85.3361344537815,25.3164556962025,0.728814131427166
-84.8403361344538,25.3164556962025,0.734310554410872
-84.344537815126,25.3164556962025,0.735678020758901
-83.8487394957983,25.3164556962025,0.732698776232386
-83.3529411764706,25.3164556962025,0.723329883631867
-82.8571428571429,25.3164556962025,0.702656888086272
-82.3613445378151,25.3164556962025,0.662770306026549
-81.8655462184874,25.3164556962025,0.594930768097789
-81.3697478991597,25.3164556962025,0.494448944661406
-80.8739495798319,25.3164556962025,0.365875490499017
-80.3781512605042,25.3164556962025,0.223131908744836
-79.8823529411765,25.3164556962025,0.0808813684249829
-79.3865546218487,25.3164556962025,-0.0557295914744482
-78.890756302521,25.3164556962025,-0.187287283367536
-78.3949579831933,25.3164556962025,-0.315446488924327
-77.8991596638655,25.3164556962025,-0.441860729198942
-77.4033613445378,25.3164556962025,-0.567825270393035
-76.9075630252101,25.3164556962025,-0.694234691575217
-76.4117647058823,25.3164556962025,-0.82164343205032
-75.9159663865546,25.3164556962025,-0.950338427929053
-75.4201680672269,25.3164556962025,-1.08040230691674
-74.9243697478992,25.3164556962025,-1.21176544994552
-74.4285714285714,25.3164556962025,-1.34424882844898
-73.9327731092437,25.3164556962025,-1.47759940291116
-73.436974789916,25.3164556962025,-1.61151926920888
-72.9411764705882,25.3164556962025,-1.74568930207731
-72.4453781512605,25.3164556962025,-1.8797878337736
-71.9495798319328,25.3164556962025,-2.01350484394458
-71.453781512605,25.3164556962025,-2.14655214625823
-70.9579831932773,25.3164556962025,-2.27867009529683
-70.4621848739496,25.3164556962025,-2.40963136214595
-69.9663865546218,25.3164556962025,-2.53924233080664
-69.4705882352941,25.3164556962025,-2.66734264760572
-68.9747899159664,25.3164556962025,-2.79380341535456
-68.4789915966387,25.3164556962025,-2.91852446161899
-67.9831932773109,25.3164556962025,-3.04143105259693
-67.4873949579832,25.3164556962025,-3.16247035407334
-66.9915966386555,25.3164556962025,-3.28160787323049
-66.4957983193277,25.3164556962025,-3.39882406024558
-66,25.3164556962025,-3.51411119192175
-125,25.6329113924051,3.65285685144183
-124.504201680672,25.6329113924051,3.51813712084811
-124.008403361345,25.6329113924051,3.37543481482011
-123.512605042017,25.6329113924051,3.22487507867249
-123.016806722689,25.6329113924051,3.06668450783471
-122.521008403361,25.6329113924051,2.90120971351458
-122.025210084034,25.6329113924051,2.7289371845415
-121.529411764706,25.6329113924051,2.55051261518976
-121.033613445378,25.6329113924051,2.36675698041336
-120.53781512605,25.6329113924051,2.17867590523357
-120.042016806723,25.6329113924051,1.98745855939157
-119.546218487395,25.6329113924051,1.79446266213476
-119.050420168067,25.6329113924051,1.60118334550213
-118.55462184874,25.6329113924051,1.40920557738206
-118.058823529412,25.6329113924051,1.22014227062853
-117.563025210084,25.6329113924051,1.03556261178289
-117.067226890756,25.6329113924051,0.856916925289655
-116.571428571429,25.6329113924051,0.685465074650898
-116.075630252101,25.6329113924051,0.522214856676454
-115.579831932773,25.6329113924051,0.367875376004287
-115.084033613445,25.6329113924051,0.222828622148162
-114.588235294118,25.6329113924051,0.0871211914932737
-114.09243697479,25.6329113924051,-0.0395223177796698
-113.596638655462,25.6329113924051,-0.157662312874306
-113.100840336134,25.6329113924051,-0.268081340482888
-112.605042016807,25.6329113924051,-0.371693911510556
-112.109243697479,25.6329113924051,-0.469430670144954
-111.613445378151,25.6329113924051,-0.562104166588532
-111.117647058824,25.6329113924051,-0.650270619348662
-110.621848739496,25.6329113924051,-0.734108507753273
-110.126050420168,25.6329113924051,-0.813337866722216
-109.63025210084,25.6329113924051,-0.887201554445281
-109.134453781513,25.6329113924051,-0.954520960668596
-108.638655462185,25.6329113924051,-1.01382513685229
-108.142857142857,25.6329113924051,-1.06353745369788
-107.647058823529,25.6329113924051,-1.10219140166331
-107.151260504202,25.6329113924051,-1.12864017725443
-106.655462184874,25.6329113924051,-1.14222477293595
-106.159663865546,25.6329113924051,-1.14287227522179
-105.663865546218,25.6329113924051,-1.13110824836421
-105.168067226891,25.6329113924051,-1.10798185429446
-104.672268907563,25.6329113924051,-1.07491667541809
-104.176470588235,25.6329113924051,-1.03351161976839
-103.680672268908,25.6329113924051,-0.985323645682666
-103.18487394958,25.6329113924051,-0.931667771026698
-102.689075630252,25.6329113924051,-0.873471267554715
-102.193277310924,25.6329113924051,-0.811218713072907
-101.697478991597,25.6329113924051,-0.745020359811476
-101.201680672269,25.6329113924051,-0.67482152037798
-100.705882352941,25.6329113924051,-0.600736307357258
-100.210084033613,25.6329113924051,-0.523431008335864
-99.7142857142857,25.6329113924051,-0.444409729115497
-99.218487394958,25.6329113924051,-0.365988178613201
-98.7226890756303,25.6329113924051,-0.290715486650149
-98.2268907563025,25.6329113924051,-0.220303867712232
-97.7310924369748,25.6329113924051,-0.156246661740292
-97.2352941176471,25.6329113924051,-0.101385484720985
-96.7394957983193,25.6329113924051,-0.0582728453647771
-96.2436974789916,25.6329113924051,-0.0274077921144007
-95.7478991596639,25.6329113924051,-0.00641619561924972
-95.2521008403361,25.6329113924051,0.0089716808587263
-94.7563025210084,25.6329113924051,0.0233009396152142
-94.2605042016807,25.6329113924051,0.04036279776922
-93.7647058823529,25.6329113924051,0.0627680024620146
-93.2689075630252,25.6329113924051,0.0919158163926628
-92.7731092436975,25.6329113924051,0.128154433934054
-92.2773109243697,25.6329113924051,0.170991973093493
-91.781512605042,25.6329113924051,0.219295898588886
-91.2857142857143,25.6329113924051,0.27147991169501
-90.7899159663866,25.6329113924051,0.325700773490483
-90.2941176470588,25.6329113924051,0.380073175852117
-89.7983193277311,25.6329113924051,0.432877810330449
-89.3025210084034,25.6329113924051,0.482714325737361
-88.8067226890756,25.6329113924051,0.528557540276473
-88.3109243697479,25.6329113924051,0.569711208486464
-87.8151260504202,25.6329113924051,0.605697898631553
-87.3193277310924,25.6329113924051,0.636151277802968
-86.8235294117647,25.6329113924051,0.660775811975553
-86.327731092437,25.6329113924051,0.679409909746455
-85.8319327731092,25.6329113924051,0.692180008667367
-85.3361344537815,25.6329113924051,0.69967383442309
-84.8403361344538,25.6329113924051,0.70300046532093
-84.344537815126,25.6329113924051,0.703555916152237
-83.8487394957983,25.6329113924051,0.702301787883579
-83.3529411764706,25.6329113924051,0.69845845529954
-82.8571428571429,25.6329113924051,0.687869074062816
-82.3613445378151,25.6329113924051,0.662097538150699
-81.8655462184874,25.6329113924051,0.610422983176483
-81.3697478991597,25.6329113924051,0.526040220913515
-80.8739495798319,25.6329113924051,0.411668867910073
-80.3781512605042,25.6329113924051,0.279282626364792
-79.8823529411765,25.6329113924051,0.143359865788905
-79.3865546218487,25.6329113924051,0.0107405197103947
-78.890756302521,25.6329113924051,-0.117743487624042
-78.3949579831933,25.6329113924051,-0.2434906519869
-77.8991596638655,25.6329113924051,-0.368138013509706
-77.4033613445378,25.6329113924051,-0.492929908263806
-76.9075630252101,25.6329113924051,-0.618685394761119
-76.4117647058823,25.6329113924051,-0.745878171770071
-75.9159663865546,25.6329113924051,-0.874716525079865
-75.4201680672269,25.6329113924051,-1.00520889069709
-74.9243697478992,25.6329113924051,-1.13721693928034
-74.4285714285714,25.6329113924051,-1.27049915393164
-73.9327731092437,25.6329113924051,-1.40474687899546
-73.436974789916,25.6329113924051,-1.53961397751093
-72.9411764705882,25.6329113924051,-1.67474076500046
-72.4453781512605,25.6329113924051,-1.80977270994453
-71.9495798319328,25.6329113924051,-1.94437436534975
-71.453781512605,25.6329113924051,-2.0782390528001
-70.9579831932773,25.6329113924051,-2.21109487165652
-70.4621848739496,25.6329113924051,-2.34270764623317
-69.9663865546218,25.6329113924051,-2.47288143256952
-69.4705882352941,25.6329113924051,-2.60145716710498
-68.9747899159664,25.6329113924051,-2.7283099992347
-68.4789915966387,25.6329113924051,-2.85334576889423
-67.9831932773109,25.6329113924051,-2.97649702292386
-67.4873949579832,25.6329113924051,-3.0977188808241
-66.9915966386555,25.6329113924051,-3.21698499224956
-66.4957983193277,25.6329113924051,-3.33428375962474
-66,25.6329113924051,-3.44961493766733
-125,25.9493670886076,3.64050878850803
-124.504201680672,25.9493670886076,3.50725282231826
-124.008403361345,25.9493670886076,3.36584242086073
-123.512605042017,25.9493670886076,3.2163766456487
-123.016806722689,25.9493670886076,3.0590555323764
-122.521008403361,25.9493670886076,2.89420081815406
-122.025210084034,25.9493670886076,2.72227903919433
-121.529411764706,25.9493670886076,2.54392508596042
-121.033613445378,25.9493670886076,2.35996313777318
-120.53781512605,25.9493670886076,2.17142085851424
-120.042016806723,25.9493670886076,1.97953215571843
-119.546218487395,25.9493670886076,1.78572405315502
-119.050420168067,25.9493670886076,1.59158452289962
-118.55462184874,25.9493670886076,1.39881049162647
-118.058823529412,25.9493670886076,1.20913831342934
-117.563025210084,25.9493670886076,1.02426211496355
-117.067226890756,25.9493670886076,0.845747739252823
-116.571428571429,25.9493670886076,0.674950855171217
-116.075630252101,25.9493670886076,0.512946937216054
-115.579831932773,25.9493670886076,0.360478659397114
-115.084033613445,25.9493670886076,0.21792373887541
-114.588235294118,25.9493670886076,0.0852845099427708
-114.09243697479,25.9493670886076,-0.0377997494962075
-113.596638655462,25.9493670886076,-0.152015597620751
-113.100840336134,25.9493670886076,-0.258309727703854
-112.605042016807,25.9493670886076,-0.357791217771
-112.109243697479,25.9493670886076,-0.451601293140551
-111.613445378151,25.9493670886076,-0.540757073115474
-111.117647058824,25.9493670886076,-0.625985341907109
-110.621848739496,25.9493670886076,-0.707571676033626
-110.126050420168,25.9493670886076,-0.785255400753841
-109.63025210084,25.9493670886076,-0.858198544266975
-109.134453781513,25.9493670886076,-0.925046201090859
-108.638655462185,25.9493670886076,-0.984078491658858
-108.142857142857,25.9493670886076,-1.03343505902188
-107.647058823529,25.9493670886076,-1.07137694233771
-107.151260504202,25.9493670886076,-1.0965417821334
-106.655462184874,25.9493670886076,-1.10814850476904
-106.159663865546,25.9493670886076,-1.10611653758369
-105.663865546218,25.9493670886076,-1.09107997440828
-105.168067226891,25.9493670886076,-1.06429552028436
-104.672268907563,25.9493670886076,-1.02746049131071
-104.176470588235,25.9493670886076,-0.98247039850315
-103.680672268908,25.9493670886076,-0.931153242815546
-103.18487394958,25.9493670886076,-0.875020712752144
-102.689075630252,25.9493670886076,-0.815077693982223
-102.193277310924,25.9493670886076,-0.751733096389573
-101.697478991597,25.9493670886076,-0.684855366516542
-101.201680672269,25.9493670886076,-0.614006637249505
-100.705882352941,25.9493670886076,-0.538855472635881
-100.210084033613,25.9493670886076,-0.459699364881568
-99.7142857142857,25.9493670886076,-0.377935262920874
-99.218487394958,25.9493670886076,-0.296225565853673
-98.7226890756303,25.9493670886076,-0.218029821143171
-98.2268907563025,25.9493670886076,-0.146159424242419
-97.7310924369748,25.9493670886076,-0.0829256853798194
-97.2352941176471,25.9493670886076,-0.032072074251538
-96.7394957983193,25.9493670886076,0.0038032423887049
-96.2436974789916,25.9493670886076,0.0250490963915052
-95.7478991596639,25.9493670886076,0.0354639521440957
-95.2521008403361,25.9493670886076,0.0406124045927995
-94.7563025210084,25.9493670886076,0.0458547685992868
-94.2605042016807,25.9493670886076,0.0553301270888394
-93.7647058823529,25.9493670886076,0.0716614644271277
-93.2689075630252,25.9493670886076,0.0960772569185538
-92.7731092436975,25.9493670886076,0.128689948744435
-92.2773109243697,25.9493670886076,0.16876772034049
-91.781512605042,25.9493670886076,0.214945398731183
-91.2857142857143,25.9493670886076,0.265401569550724
-90.7899159663866,25.9493670886076,0.318054542477211
-90.2941176470588,25.9493670886076,0.370800569462518
-89.7983193277311,25.9493670886076,0.421761866992542
-89.3025210084034,25.9493670886076,0.46947169470141
-88.8067226890756,25.9493670886076,0.512931068793468
-88.3109243697479,25.9493670886076,0.55152512527397
-87.8151260504202,25.9493670886076,0.58485263060249
-87.3193277310924,25.9493670886076,0.612561845322877
-86.8235294117647,25.9493670886076,0.634284455684958
-86.327731092437,25.9493670886076,0.649722722505595
-85.8319327731092,25.9493670886076,0.65888577152727
-85.3361344537815,25.9493670886076,0.662398866827753
-84.8403361344538,25.9493670886076,0.661732813679524
-84.344537815126,25.9493670886076,0.659128941746924
-83.8487394957983,25.9493670886076,0.656944779340807
-83.3529411764706,25.9493670886076,0.656171192291453
-82.8571428571429,25.9493670886076,0.654173559044079
-82.3613445378151,25.9493670886076,0.642688491421557
-81.8655462184874,25.9493670886076,0.60893002059616
-81.3697478991597,25.9493670886076,0.543341631336832
-80.8739495798319,25.9493670886076,0.446257057036397
-80.3781512605042,25.9493670886076,0.327143727704313
-79.8823529411765,25.9493670886076,0.199702664350148
-79.3865546218487,25.9493670886076,0.072702467737197
-78.890756302521,25.9493670886076,-0.0515549126868937
-78.3949579831933,25.9493670886076,-0.174180764532769
-77.8991596638655,25.9493670886076,-0.29663465470769
-77.4033613445378,25.9493670886076,-0.419991870731143
-76.9075630252101,25.9493670886076,-0.544930331363863
-76.4117647058823,25.9493670886076,-0.671805974793924
-75.9159663865546,25.9493670886076,-0.800725667797941
-75.4201680672269,25.9493670886076,-0.931608426133036
-74.9243697478992,25.9493670886076,-1.06423642850799
-74.4285714285714,25.9493670886076,-1.19829783554926
-73.9327731092437,25.9493670886076,-1.33342271036619
-73.436974789916,25.9493670886076,-1.46921273226796
-72.9411764705882,25.9493670886076,-1.60526511690708
-72.4453781512605,25.9493670886076,-1.74119109166387
-71.9495798319328,25.9493670886076,-1.87662935049249
-71.453781512605,25.9493670886076,-2.01125502525023
-70.9579831932773,25.9493670886076,-2.14478480161388
-70.4621848739496,25.9493670886076,-2.27697886496069
-69.9663865546218,25.9493670886076,-2.40764036002355
-69.4705882352941,25.9493670886076,-2.53661301479357
-68.9747899159664,25.9493670886076,-2.66377750819736
-68.4789915966387,25.9493670886076,-2.78904708181451
-67.9831932773109,25.9493670886076,-2.91236280563533
-67.4873949579832,25.9493670886076,-3.03368881760189
-66.9915966386555,25.9493670886076,-3.15300778031316
-66.4957983193277,25.9493670886076,-3.27031671881461
-66,25.9493670886076,-3.38562334791273
-125,26.2658227848101,3.62605460641382
-124.504201680672,26.2658227848101,3.49434837351326
-124.008403361345,26.2658227848101,3.35432368227509
-123.512605042017,26.2658227848101,3.2060514621952
-123.016806722689,26.2658227848101,3.04970180361477
-122.521008403361,26.2658227848101,2.88556680469433
-122.025210084034,26.2658227848101,2.71408714515593
-121.529411764706,26.2658227848101,2.53588045732691
-121.033613445378,26.2658227848101,2.35176806311679
-120.53781512605,26.2658227848101,2.16279520032638
-120.042016806723,26.2658227848101,1.97023890549743
-119.546218487395,26.2658227848101,1.77559777234562
-119.050420168067,26.2658227848101,1.58055920943286
-118.55462184874,26.2658227848101,1.38694270010026
-118.058823529412,26.2658227848101,1.19662147959933
-117.563025210084,26.2658227848101,1.01142912931359
-117.067226890756,26.2658227848101,0.833060658995665
-116.571428571429,26.2658227848101,0.662978724398744
-116.075630252101,26.2658227848101,0.502334313902298
-115.579831932773,26.2658227848101,0.35190808234143
-115.084033613445,26.2658227848101,0.212074869917291
-114.588235294118,26.2658227848101,0.0827914675771068
-114.09243697479,26.2658227848101,-0.036392456640043
-113.596638655462,26.2658227848101,-0.146298150059272
-113.100840336134,26.2658227848101,-0.24805108972229
-112.605042016807,26.2658227848101,-0.342977203875406
-112.109243697479,26.2658227848101,-0.432458237241813
-111.613445378151,26.2658227848101,-0.517750915214075
-111.117647058824,26.2658227848101,-0.599787353765552
-110.621848739496,26.2658227848101,-0.67898743397086
-110.126050420168,26.2658227848101,-0.755122116642812
-109.63025210084,26.2658227848101,-0.827265084813588
-109.134453781513,26.2658227848101,-0.893856892777353
-108.638655462185,26.2658227848101,-0.952883639039326
-108.142857142857,26.2658227848101,-1.002147166814
-107.647058823529,26.2658227848101,-1.03958304461614
-107.151260504202,26.2658227848101,-1.0635713527091
-106.655462184874,26.2658227848101,-1.07318579203671
-106.159663865546,26.2658227848101,-1.0683380608879
-105.663865546218,26.2658227848101,-1.04979390791671
-105.168067226891,26.2658227848101,-1.01906031944173
-104.672268907563,26.2658227848101,-0.97816473944896
-104.176470588235,26.2658227848101,-0.929362517215214
-103.680672268908,26.2658227848101,-0.87481609079312
-103.18487394958,26.2658227848101,-0.816290593054572
-102.689075630252,26.2658227848101,-0.754910317371557
-102.193277310924,26.2658227848101,-0.691023506309136
-101.697478991597,26.2658227848101,-0.624229471203709
-101.201680672269,26.2658227848101,-0.553622197603762
-100.705882352941,26.2658227848101,-0.478275406398685
-100.210084033613,26.2658227848101,-0.397913528549867
-99.7142857142857,26.2658227848101,-0.313594980960001
-99.218487394958,26.2658227848101,-0.228124940408243
-98.7226890756303,26.2658227848101,-0.145819607429405
-98.2268907563025,26.2658227848101,-0.0712048007113714
-97.7310924369748,26.2658227848101,-0.00868693068860113
-97.2352941176471,26.2658227848101,0.0370750152213678
-96.7394957983193,26.2658227848101,0.0639292988490865
-96.2436974789916,26.2658227848101,0.0739427623053333
-95.7478991596639,26.2658227848101,0.0727333016609593
-95.2521008403361,26.2658227848101,0.067183309265738
-94.7563025210084,26.2658227848101,0.0633471476378104
-94.2605042016807,26.2658227848101,0.065535939367128
-93.7647058823529,26.2658227848101,0.0762140221291937
-93.2689075630252,26.2658227848101,0.0963121553655103
-92.7731092436975,26.2658227848101,0.125639795661573
-92.2773109243697,26.2658227848101,0.163209163939823
-91.781512605042,26.2658227848101,0.207432936270959
-91.2857142857143,26.2658227848101,0.256264969236439
-90.7899159663866,26.2658227848101,0.307380606597854
-90.2941176470588,26.2658227848101,0.358441718697869
-89.7983193277311,26.2658227848101,0.407401700060155
-89.3025210084034,26.2658227848101,0.452739537793687
-88.8067226890756,26.2658227848101,0.493520384740103
-88.3109243697479,26.2658227848101,0.529260830478517
-87.8151260504202,26.2658227848101,0.559674066082701
-87.3193277310924,26.2658227848101,0.584424841697984
-86.8235294117647,26.2658227848101,0.603019726759997
-86.327731092437,26.2658227848101,0.614911007020799
-85.8319327731092,26.2658227848101,0.61982157010763
-85.3361344537815,26.2658227848101,0.618213264579265
-84.8403361344538,26.2658227848101,0.611729490169319
-84.344537815126,26.2658227848101,0.603351982218106
-83.8487394957983,26.2658227848101,0.596926901845807
-83.3529411764706,26.2658227848101,0.59565400152557
-82.8571428571429,26.2658227848101,0.59927395550179
-82.3613445378151,26.2658227848101,0.600774290469422
-81.8655462184874,26.2658227848101,0.585704404385806
-81.3697478991597,26.2658227848101,0.54132494223139
-80.8739495798319,26.2658227848101,0.465016366669491
-80.3781512605042,26.2658227848101,0.362950644034245
-79.8823529411765,26.2658227848101,0.246897270031664
-79.3865546218487,26.2658227848101,0.12789349109085
-78.890756302521,26.2658227848101,0.00957317881193351
-78.3949579831933,26.2658227848101,-0.108858508960316
-77.8991596638655,26.2658227848101,-0.228429666700448
-77.4033613445378,26.2658227848101,-0.349895053689837
-76.9075630252101,26.2658227848101,-0.473707252840516
-76.4117647058823,26.2658227848101,-0.600053752795646
-75.9159663865546,26.2658227848101,-0.728907103098452
-75.4201680672269,26.2658227848101,-0.860074385586788
-74.9243697478992,26.2658227848101,-0.993242351102164
-74.4285714285714,26.2658227848101,-1.12801738558989
-73.9327731092437,26.2658227848101,-1.2639600767414
-73.436974789916,26.2658227848101,-1.40061422297856
-72.9411764705882,26.2658227848101,-1.53753021446659
-72.4453781512605,26.2658227848101,-1.67428287866156
-71.9495798319328,26.2658227848101,-1.81048411855504
-71.453781512605,26.2658227848101,-1.94579087145189
-70.9579831932773,26.2658227848101,-2.07990907271177
-70.4621848739496,26.2658227848101,-2.21259436974337
-69.9663865546218,26.2658227848101,-2.3436503498868
-69.4705882352941,26.2658227848101,-2.4729249837633
-68.9747899159664,26.2658227848101,-2.60030591537825
-68.4789915966387,26.2658227848101,-2.72571512237332
-67.9831932773109,26.2658227848101,-2.84910337363902
-67.4873949579832,26.2658227848101,-2.97044481038049
-66.9915966386555,26.2658227848101,-3.08973188411594
-66.4957983193277,26.2658227848101,-3.20697081258064
-66,26.2658227848101,-3.32217764384417
-125,26.5822784810127,3.60936918358637
-124.504201680672,26.5822784810127,3.47929785457441
-124.008403361345,26.5822784810127,3.34075428110824
-123.512605042017,26.5822784810127,3.19377957621403
-123.016806722689,26.5822784810127,3.03851059093377
-122.521008403361,26.5822784810127,2.87520473184348
-122.025210084034,26.5822784810127,2.70427017839698
-121.529411764706,26.5822784810127,2.52629967157007
-121.033613445378,26.5822784810127,2.3421041263631
-120.53781512605,26.5822784810127,2.15274034620176
-120.042016806723,26.5822784810127,1.95952562830382
-119.546218487395,26.5822784810127,1.76403176738069
-119.050420168067,26.5822784810127,1.56805243094317
-118.55462184874,26.5822784810127,1.37354135626213
-118.058823529412,26.5822784810127,1.18252382669508
-117.563025210084,26.5822784810127,0.996989282346063
-117.067226890756,26.5822784810127,0.818777078968693
-116.571428571429,26.5822784810127,0.649468835139102
-116.075630252101,26.5822784810127,0.490298896270652
-115.579831932773,26.5822784810127,0.342089851324986
-115.084033613445,26.5822784810127,0.205214721568731
-114.588235294118,26.5822784810127,0.0795838143135541
-114.09243697479,26.5822784810127,-0.0353458442652673
-113.596638655462,26.5822784810127,-0.140536897862153
-113.100840336134,26.5822784810127,-0.237306752197226
-112.605042016807,26.5822784810127,-0.327220511495752
-112.109243697479,26.5822784810127,-0.411932928334686
-111.613445378151,26.5822784810127,-0.492980630540563
-111.117647058824,26.5822784810127,-0.571542917732464
-110.621848739496,26.5822784810127,-0.648208249617155
-110.126050420168,26.5822784810127,-0.722796413677001
-109.63025210084,26.5822784810127,-0.794286101070386
-109.134453781513,26.5822784810127,-0.860881345181161
-108.638655462185,26.5822784810127,-0.920221495019683
-108.142857142857,26.5822784810127,-0.969706731509433
-107.647058823529,26.5822784810127,-1.00688437758784
-107.151260504202,26.5822784810127,-1.02982728477191
-106.655462184874,26.5822784810127,-1.03743665258371
-106.159663865546,26.5822784810127,-1.02961638791395
-105.663865546218,26.5822784810127,-1.00729075190621
-105.168067226891,26.5822784810127,-0.972266099306391
-104.672268907563,26.5822784810127,-0.926964090252518
-104.176470588235,26.5822784810127,-0.874071522998136
-103.680672268908,26.5822784810127,-0.816158178559734
-103.18487394958,26.5822784810127,-0.755311634168673
-102.689075630252,26.5822784810127,-0.692834231730973
-102.193277310924,26.5822784810127,-0.629050613924816
-101.697478991597,26.5822784810127,-0.563288206727658
-101.201680672269,26.5822784810127,-0.494108426968508
-100.705882352941,26.5822784810127,-0.419850100329509
-100.210084033613,26.5822784810127,-0.339453501768241
-99.7142857142857,26.5822784810127,-0.253377706073228
-99.218487394958,26.5822784810127,-0.164304505567924
-98.7226890756303,26.5822784810127,-0.0772809031602112
-98.2268907563025,26.5822784810127,0.000963166408050404
-97.7310924369748,26.5822784810127,0.0629596437089852
-97.2352941176471,26.5822784810127,0.102703959913658
-96.7394957983193,26.5822784810127,0.119148676766574
-96.2436974789916,26.5822784810127,0.116831089708317
-95.7478991596639,26.5822784810127,0.103532934116415
-95.2521008403361,26.5822784810127,0.0874110444020323
-94.7563025210084,26.5822784810127,0.0750315341203364
-94.2605042016807,26.5822784810127,0.0706620522296395
-93.7647058823529,26.5822784810127,0.0764174285268586
-93.2689075630252,26.5822784810127,0.0928046970185321
-92.7731092436975,26.5822784810127,0.11928366274659
-92.2773109243697,26.5822784810127,0.154627323552063
-91.781512605042,26.5822784810127,0.197070148469326
-91.2857142857143,26.5822784810127,0.244375175545166
-90.7899159663866,26.5822784810127,0.293978863251686
-90.2941176470588,26.5822784810127,0.343289697323331
-89.7983193277311,26.5822784810127,0.390077067454009
-89.3025210084034,26.5822784810127,0.432781107667894
-88.8067226890756,26.5822784810127,0.47058362176531
-88.3109243697479,26.5822784810127,0.503204313471894
-87.8151260504202,26.5822784810127,0.530530680697776
-87.3193277310924,26.5822784810127,0.552261759413577
-86.8235294117647,26.5822784810127,0.567732390512592
-86.327731092437,26.5822784810127,0.57602241764168
-85.8319327731092,26.5822784810127,0.576371806302583
-85.3361344537815,26.5822784810127,0.568825211002813
-84.8403361344538,26.5822784810127,0.554922915470311
-84.344537815126,26.5822784810127,0.538149676302182
-83.8487394957983,26.5822784810127,0.523749007090295
-83.3529411764706,26.5822784810127,0.517377650503535
-82.8571428571429,26.5822784810127,0.521944519238543
-82.3613445378151,26.5822784810127,0.532898283229377
-81.8655462184874,26.5822784810127,0.53580181685664
-81.3697478991597,26.5822784810127,0.514903763300032
-80.8739495798319,26.5822784810127,0.463227700821793
-80.3781512605042,26.5822784810127,0.382843021742738
-79.8823529411765,26.5822784810127,0.28239122507763
-79.3865546218487,26.5822784810127,0.174480765087424
-78.890756302521,26.5822784810127,0.0641006657710943
-78.3949579831933,26.5822784810127,-0.0488015921246558
-77.8991596638655,26.5822784810127,-0.164572224858487
-77.4033613445378,26.5822784810127,-0.28350766218309
-76.9075630252101,26.5822784810127,-0.405745635152367
-76.4117647058823,26.5822784810127,-0.531244541417121
-75.9159663865546,26.5822784810127,-0.659800859432685
-75.4201680672269,26.5822784810127,-0.791080531288618
-74.9243697478992,26.5822784810127,-0.924654144261747
-74.4285714285714,26.5822784810127,-1.06003147149824
-73.9327731092437,26.5822784810127,-1.19669307023796
-73.436974789916,26.5822784810127,-1.33411754114782
-72.9411764705882,26.5822784810127,-1.47180363900421
-72.4453781512605,26.5822784810127,-1.60928693360907
-71.9495798319328,26.5822784810127,-1.74615117221609
-71.453781512605,26.5822784810127,-1.88203484259311
-70.9579831932773,26.5822784810127,-2.0166336492971
-70.4621848739496,26.5822784810127,-2.1496997258697
-69.9663865546218,26.5822784810127,-2.28103840352385
-69.4705882352941,26.5822784810127,-2.41050330554434
-68.9747899159664,26.5822784810127,-2.53799042631224
-68.4789915966387,26.5822784810127,-2.6634317507555
-67.9831932773109,26.5822784810127,-2.78678884416564
-67.4873949579832,26.5822784810127,-2.9080467407475
-66.9915966386555,26.5822784810127,-3.02720835127528
-66.4957983193277,26.5822784810127,-3.14428953934305
-66,26.5822784810127,-3.25931493444734
-125,26.8987341772152,3.59032052144007
-124.504201680672,26.8987341772152,3.46196701157118
-124.008403361345,26.8987341772152,3.32500035951009
-123.512605042017,26.8987341772152,3.17943072760035
-123.016806722689,26.8987341772152,3.0253587082943
-122.521008403361,26.8987341772152,2.86300179685854
-122.025210084034,26.8987341772152,2.69272830283581
-121.529411764706,26.8987341772152,2.51509714213987
-121.033613445378,26.8987341772152,2.33089952682756
-120.53781512605,26.8987341772152,2.14119591630209
-120.042016806723,26.8987341772152,1.94733937118504
-119.546218487395,26.8987341772152,1.75097561932793
-119.050420168067,26.8987341772152,1.5540115726749
-118.55462184874,26.8987341772152,1.35854820317187
-118.058823529412,26.8987341772152,1.16678010193685
-117.563025210084,26.8987341772152,0.980871259170648
-117.067226890756,26.8987341772152,0.802822310672071
-116.571428571429,26.8987341772152,0.634346504191078
-116.075630252101,26.8987341772152,0.476768926540578
-115.579831932773,26.8987341772152,0.330956909849145
-115.084033613445,26.8987341772152,0.197281744174904
-114.588235294118,26.8987341772152,0.0756064119418526
-114.09243697479,26.8987341772152,-0.0347061108454229
-113.596638655462,26.8987341772152,-0.13476375838525
-113.100840336134,26.8987341772152,-0.226086188484206
-112.605042016807,26.8987341772152,-0.310498864280657
-112.109243697479,26.8987341772152,-0.389964062963399
-111.613445378151,26.8987341772152,-0.46634432476047
-111.117647058824,26.8987341772152,-0.541116429627936
-110.621848739496,26.8987341772152,-0.615080553459972
-110.126050420168,26.8987341772152,-0.688128887080688
-109.63025210084,26.8987341772152,-0.759140062152019
-109.134453781513,26.8987341772152,-0.826045547323422
-108.638655462185,26.8987341772152,-0.886076429009163
-108.142857142857,26.8987341772152,-0.936156042324269
-107.647058823529,26.8987341772152,-0.973369507743786
-107.151260504202,26.8987341772152,-0.995424135940812
-106.655462184874,26.8987341772152,-1.00101689883563
-106.159663865546,26.8987341772152,-0.990044144358955
-105.663865546218,26.8987341772152,-0.963619878460454
-105.168067226891,26.8987341772152,-0.923905713171201
-104.672268907563,26.8987341772152,-0.873788990825448
-104.176470588235,26.8987341772152,-0.816466524150598
-103.680672268908,26.8987341772152,-0.754995573891239
-103.18487394958,26.8987341772152,-0.69186523421466
-102.689075630252,26.8987341772152,-0.628631144837114
-102.193277310924,26.8987341772152,-0.565657451685338
-101.697478991597,26.8987341772152,-0.50203142328666
-101.201680672269,26.8987341772152,-0.435753535772484
-100.705882352941,26.8987341772152,-0.364317412873654
-100.210084033613,26.8987341772152,-0.285691462983108
-99.7142857142857,26.8987341772152,-0.199491401236158
-99.218487394958,26.8987341772152,-0.10800861653195
-98.7226890756303,26.8987341772152,-0.0168470552200696
-98.2268907563025,26.8987341772152,0.0649663535914917
-97.7310924369748,26.8987341772152,0.126519099223813
-97.2352941176471,26.8987341772152,0.159906058470549
-96.7394957983193,26.8987341772152,0.165512478535683
-96.2436974789916,26.8987341772152,0.150791845518122
-95.7478991596639,26.8987341772152,0.125873797200141
-95.2521008403361,26.8987341772152,0.100103675511357
-94.7563025210084,26.8987341772152,0.0803589139500684
-94.2605042016807,26.8987341772152,0.070638928473121
-93.7647058823529,26.8987341772152,0.0725168964712384
-93.2689075630252,26.8987341772152,0.0859654841492189
-92.7731092436975,26.8987341772152,0.110082802663743
-92.2773109243697,26.8987341772152,0.143465525829207
-91.781512605042,26.8987341772152,0.184257961856925
-91.2857142857143,26.8987341772152,0.230095488950885
-90.7899159663866,26.8987341772152,0.278188020959089
-90.2941176470588,26.8987341772152,0.32566344725953
-89.7983193277311,26.8987341772152,0.370081343514906
-89.3025210084034,26.8987341772152,0.409859627443891
-88.8067226890756,26.8987341772152,0.444366180262418
-88.3109243697479,26.8987341772152,0.473621477076104
-87.8151260504202,26.8987341772152,0.497773708563022
-87.3193277310924,26.8987341772152,0.516595698201188
-86.8235294117647,26.8987341772152,0.529217690626451
-86.327731092437,26.8987341772152,0.534226932149
-85.8319327731092,26.8987341772152,0.53017028860411
-85.3361344537815,26.8987341772152,0.516386540870678
-84.8403361344538,26.8987341772152,0.493971160159132
-84.344537815126,26.8987341772152,0.466557251938287
-83.8487394957983,26.8987341772152,0.440491917673857
-83.3529411764706,26.8987341772152,0.423838827340185
-82.8571428571429,26.8987341772152,0.423279237671533
-82.3613445378151,26.8987341772152,0.438023863750016
-81.8655462184874,26.8987341772152,0.456298414929616
-81.3697478991597,26.8987341772152,0.460359157293879
-80.8739495798319,26.8987341772152,0.437216785662873
-80.3781512605042,26.8987341772152,0.383884964859979
-79.8823529411765,26.8987341772152,0.30439152597768
-79.3865546218487,26.8987341772152,0.211031517285732
-78.890756302521,26.8987341772152,0.110728134626742
-78.3949579831933,26.8987341772152,0.00488581619381906
-77.8991596638655,26.8987341772152,-0.10598994498774
-77.4033613445378,26.8987341772152,-0.221615215964278
-76.9075630252101,26.8987341772152,-0.341719438721373
-76.4117647058823,26.8987341772152,-0.465964157064729
-75.9159663865546,26.8987341772152,-0.59392183877361
-75.4201680672269,26.8987341772152,-0.725083399016785
-74.9243697478992,26.8987341772152,-0.858879105346316
-74.4285714285714,26.8987341772152,-0.99470481060483
-73.9327731092437,26.8987341772152,-1.13194873588834
-73.436974789916,26.8987341772152,-1.27001576199227
-72.9411764705882,26.8987341772152,-1.40834740764096
-72.4453781512605,26.8987341772152,-1.54643663916684
-71.9495798319328,26.8987341772152,-1.68383740987542
-71.453781512605,26.8987341772152,-1.82016936044769
-70.9579831932773,26.8987341772152,-1.9551184242734
-70.4621848739496,26.8987341772152,-2.08843421721213
-69.9663865546218,26.8987341772152,-2.21992510118456
-69.4705882352941,26.8987341772152,-2.34945173340521
-68.9747899159664,26.8987341772152,-2.47691980029703
-68.4789915966387,26.8987341772152,-2.60227249941184
-67.9831932773109,26.8987341772152,-2.72548320411372
-67.4873949579832,26.8987341772152,-2.84654862595342
-66.9915966386555,26.8987341772152,-2.96548268561725
-66.4957983193277,26.8987341772152,-3.08231121441861
-66,26.8987341772152,-3.19706753544442
-125,27.2151898734177,3.5687698269109
-124.504201680672,27.2151898734177,3.44221297205812
-124.008403361345,27.2151898734177,3.30691782339007
-123.512605042017,27.2151898734177,3.16286325268158
-123.016806722689,27.2151898734177,3.01011108719751
-122.521008403361,27.2151898734177,2.84883370661053
-122.025210084034,27.2151898734177,2.67935152495792
-121.529411764706,27.2151898734177,2.5021792960859
-121.033613445378,27.2151898734177,2.31807719412666
-120.53781512605,27.2151898734177,2.12809909065258
-120.042016806723,27.2151898734177,1.9336272128005
-119.546218487395,27.2151898734177,1.73638069438782
-119.050420168067,27.2151898734177,1.53838674369331
-118.55462184874,27.2151898734177,1.34190805963902
-118.058823529412,27.2151898734177,1.14932838759697
-117.563025210084,27.2151898734177,0.963007799259215
-117.067226890756,27.2151898734177,0.785127231784944
-116.571428571429,27.2151898734177,0.617544792897731
-116.075630252101,27.2151898734177,0.461682584890963
-115.579831932773,27.2151898734177,0.318453340157945
-115.084033613445,27.2151898734177,0.188224753624564
-114.588235294118,27.2151898734177,0.070811239599386
-114.09243697479,27.2151898734177,-0.0345177252098853
-113.596638655462,27.2151898734177,-0.129015211860203
-113.100840336134,27.2151898734177,-0.214408825956366
-112.605042016807,27.2151898734177,-0.292802692467261
-112.109243697479,27.2151898734177,-0.36650220949945
-111.613445378151,27.2151898734177,-0.437747880395181
-111.117647058824,27.2151898734177,-0.508374277070896
-110.621848739496,27.2151898734177,-0.579447508801725
-110.126050420168,27.2151898734177,-0.650964083409601
-109.63025210084,27.2151898734177,-0.721700005379115
-109.134453781513,27.2151898734177,-0.789273720173143
-108.638655462185,27.2151898734177,-0.85043644106056
-108.142857142857,27.2151898734177,-0.901546501521807
-107.647058823529,27.2151898734177,-0.939140223814762
-107.151260504202,27.2151898734177,-0.960491536720486
-106.655462184874,27.2151898734177,-0.964056862043956
-106.159663865546,27.2151898734177,-0.949726110183132
-105.663865546218,27.2151898734177,-0.918839625081256
-105.168067226891,27.2151898734177,-0.873977634539748
-104.672268907563,27.2151898734177,-0.818571484206863
-104.176470588235,27.2151898734177,-0.756411210028486
-103.680672268908,27.2151898734177,-0.691124885798459
-103.18487394958,27.2151898734177,-0.625687455633989
-102.689075630252,27.2151898734177,-0.561996108534145
-102.193277310924,27.2151898734177,-0.500544254767126
-101.697478991597,27.2151898734177,-0.44025301522105
-101.201680672269,27.2151898734177,-0.378584169559658
-100.705882352941,27.2151898734177,-0.312122855757695
-100.210084033613,27.2151898734177,-0.237726019722345
-99.7142857142857,27.2151898734177,-0.153975872611231
-99.218487394958,27.2151898734177,-0.0625257150872141
-98.7226890756303,27.2151898734177,0.03081567463503
-98.2268907563025,27.2151898734177,0.115069257007775
-97.7310924369748,27.2151898734177,0.175945209550539
-97.2352941176471,27.2151898734177,0.203225759185737
-96.7394957983193,27.2151898734177,0.1987467745515
-96.2436974789916,27.2151898734177,0.172873678429207
-95.7478991596639,27.2151898734177,0.137971554345564
-95.2521008403361,27.2151898734177,0.104397350129091
-94.7563025210084,27.2151898734177,0.0791568091599685
-94.2605042016807,27.2151898734177,0.0657725249070593
-93.7647058823529,27.2151898734177,0.0650968076643273
-93.2689075630252,27.2151898734177,0.0764846457825383
-92.7731092436975,27.2151898734177,0.0987080418997832
-92.2773109243697,27.2151898734177,0.130309128216403
-91.781512605042,27.2151898734177,0.169484182125346
-91.2857142857143,27.2151898734177,0.21383836047532
-90.7899159663866,27.2151898734177,0.26037413138385
-90.2941176470588,27.2151898734177,0.305896002876228
-89.7983193277311,27.2151898734177,0.347709074901514
-89.3025210084034,27.2151898734177,0.384223895611375
-88.8067226890756,27.2151898734177,0.41508318936654
-88.3109243697479,27.2151898734177,0.440735507621901
-87.8151260504202,27.2151898734177,0.461705698850853
-87.3193277310924,27.2151898734177,0.47790596817882
-86.8235294117647,27.2151898734177,0.488250878393009
-86.327731092437,27.2151898734177,0.49073002243733
-85.8319327731092,27.2151898734177,0.482991897624845
-85.3361344537815,27.2151898734177,0.463372285970349
-84.8403361344538,27.2151898734177,0.432153202397754
-84.344537815126,27.2151898734177,0.39269914865566
-83.8487394957983,27.2151898734177,0.352023679860894
-83.3529411764706,27.2151898734177,0.32024297024559
-82.8571428571429,27.2151898734177,0.30798261043509
-82.3613445378151,27.2151898734177,0.320210837290524
-81.8655462184874,27.2151898734177,0.349916892854715
-81.3697478991597,27.2151898734177,0.378607078791436
-80.8739495798319,27.2151898734177,0.387119928855887
-80.3781512605042,27.2151898734177,0.365320993172003
-79.8823529411765,27.2151898734177,0.311524023600176
-79.3865546218487,27.2151898734177,0.236354773471005
-78.890756302521,27.2151898734177,0.148518382904933
-78.3949579831933,27.2151898734177,0.0513985438337226
-77.8991596638655,27.2151898734177,-0.0533964618038607
-77.4033613445378,27.2151898734177,-0.16485665001202
-76.9075630252101,27.2151898734177,-0.282203055442153
-76.4117647058823,27.2151898734177,-0.404730280298819
-75.9159663865546,27.2151898734177,-0.531737570492053
-75.4201680672269,27.2151898734177,-0.662505860394616
-74.9243697478992,27.2151898734177,-0.796299924254139
-74.4285714285714,27.2151898734177,-0.932383471900511
-73.9327731092437,27.2151898734177,-1.07003933969308
-73.436974789916,27.2151898734177,-1.20858963556362
-72.9411764705882,27.2151898734177,-1.34741271665132
-72.4453781512605,27.2151898734177,-1.48595544236339
-71.9495798319328,27.2151898734177,-1.62374029196952
-71.453781512605,27.2151898734177,-1.76036769009128
-70.9579831932773,27.2151898734177,-1.89551431097209
-70.4621848739496,27.2151898734177,-2.02892830197672
-69.9663865546218,27.2151898734177,-2.16042236933088
-69.4705882352941,27.2151898734177,-2.28986558855193
-68.9747899159664,27.2151898734177,-2.41717464632354
-68.4789915966387,27.2151898734177,-2.54230509473609
-67.9831932773109,27.2151898734177,-2.66524303380284
-67.4873949579832,27.2151898734177,-2.78599752396581
-66.9915966386555,27.2151898734177,-2.90459391423991
-66.4957983193277,27.2151898734177,-3.02106818211409
-66,27.2151898734177,-3.13546230768765
-125,27.5316455696203,3.54457181364331
-124.504201680672,27.5316455696203,3.41988412388494
-124.008403361345,27.5316455696203,3.28635172950077
-123.512605042017,27.5316455696203,3.14392296138859
-123.016806722689,27.5316455696203,2.99261920215662
-122.521008403361,27.5316455696203,2.83256279781581
-122.025210084034,27.5316455696203,2.66401772133228
-121.529411764706,27.5316455696203,2.48744275642528
-121.033613445378,27.5316455696203,2.30355335757009
-120.53781512605,27.5316455696203,2.11338370737154
-120.042016806723,27.5316455696203,1.91833589579772
-119.546218487395,27.5316455696203,1.72020019086403
-119.050420168067,27.5316455696203,1.52113104976253
-118.55462184874,27.5316455696203,1.3235691841898
-118.058823529412,27.5316455696203,1.13011059081126
-117.563025210084,27.5316455696203,0.943336570076589
-117.067226890756,27.5316455696203,0.765629971095379
-116.571428571429,27.5316455696203,0.599007431985643
-116.075630252101,27.5316455696203,0.444992361037966
-115.579831932773,27.5316455696203,0.304539972480117
-115.084033613445,27.5316455696203,0.178009076886484
-114.588235294118,27.5316455696203,0.0651629946000178
-114.09243697479,27.5316455696203,-0.0348195559741495
-113.596638655462,27.5316455696203,-0.123331081975045
-113.100840336134,27.5316455696203,-0.202305806718229
-112.605042016807,27.5316455696203,-0.274139464934416
-112.109243697479,27.5316455696203,-0.341515705030222
-111.613445378151,27.5316455696203,-0.40711117951976
-111.117647058824,27.5316455696203,-0.473190361757123
-110.621848739496,27.5316455696203,-0.54115331180802
-110.126050420168,27.5316455696203,-0.611143558807051
-109.63025210084,27.5316455696203,-0.681835564355971
-109.134453781513,27.5316455696203,-0.75048945293574
-108.638655462185,27.5316455696203,-0.813293374278357
-108.142857142857,27.5316455696203,-0.865937791847899
-107.647058823529,27.5316455696203,-0.904309636363987
-107.151260504202,27.5316455696203,-0.925171393629413
-106.655462184874,27.5316455696203,-0.926698163091474
-106.159663865546,27.5316455696203,-0.908776424579272
-105.663865546218,27.5316455696203,-0.873016321625657
-105.168067226891,27.5316455696203,-0.822488611685457
-104.672268907563,27.5316455696203,-0.761253256076853
-104.176470588235,27.5316455696203,-0.693778233423051
-103.680672268908,27.5316455696203,-0.624343076787772
-103.18487394958,27.5316455696203,-0.556490279756063
-102.689075630252,27.5316455696203,-0.492551773917062
-102.193277310924,27.5316455696203,-0.433261902596344
-101.697478991597,27.5316455696203,-0.37749532470205
-101.201680672269,27.5316455696203,-0.322260552275881
-100.705882352941,27.5316455696203,-0.263228926225278
-100.210084033613,27.5316455696203,-0.196064398216438
-99.7142857142857,27.5316455696203,-0.118210950671461
-99.218487394958,27.5316455696203,-0.0304684668468127
-98.7226890756303,27.5316455696203,0.0616288306831533
-98.2268907563025,27.5316455696203,0.145853262699271
-97.7310924369748,27.5316455696203,0.205155249170594
-97.2352941176471,27.5316455696203,0.227350096976466
-96.7394957983193,27.5316455696203,0.214978299207435
-96.2436974789916,27.5316455696203,0.180721544144704
-95.7478991596639,27.5316455696203,0.138686384720469
-95.2521008403361,27.5316455696203,0.100051458859031
-94.7563025210084,27.5316455696203,0.0718255090593157
-94.2605042016807,27.5316455696203,0.0568711712245316
-93.7647058823529,27.5316455696203,0.0551575403975785
-93.2689075630252,27.5316455696203,0.0653728224685294
-92.7731092436975,27.5316455696203,0.0860562209823908
-92.2773109243697,27.5316455696203,0.115885973042935
-91.781512605042,27.5316455696203,0.153314033115186
-91.2857142857143,27.5316455696203,0.196050666427101
-90.7899159663866,27.5316455696203,0.240914540179738
-90.2941176470588,27.5316455696203,0.284319331117797
-89.7983193277311,27.5316455696203,0.323241473518593
-89.3025210084034,27.5316455696203,0.356093654826888
-88.8067226890756,27.5316455696203,0.382904291938137
-88.3109243697479,27.5316455696203,0.404708728080908
-87.8151260504202,27.5316455696203,0.422553424645471
-87.3193277310924,27.5316455696203,0.4365830607438
-86.8235294117647,27.5316455696203,0.445514107718786
-86.327731092437,27.5316455696203,0.446661624068026
-85.8319327731092,27.5316455696203,0.436595068652886
-85.3361344537815,27.5316455696203,0.412371200818113
-84.8403361344538,27.5316455696203,0.373111062255493
-84.344537815126,27.5316455696203,0.321513503431421
-83.8487394957983,27.5316455696203,0.264812942138989
-83.3529411764706,27.5316455696203,0.214705165619543
-82.8571428571429,27.5316455696203,0.185635854527505
-82.3613445378151,27.5316455696203,0.189731088156845
-81.8655462184874,27.5316455696203,0.226407578119393
-81.3697478991597,27.5316455696203,0.2777586070557
-80.8739495798319,27.5316455696203,0.318554626571144
-80.3781512605042,27.5316455696203,0.329871587377007
-79.8823529411765,27.5316455696203,0.304446986507639
-79.3865546218487,27.5316455696203,0.250337443654706
-78.890756302521,27.5316455696203,0.177203823773805
-78.3949579831933,27.5316455696203,0.090376279660908
-77.8991596638655,27.5316455696203,-0.00720914985761771
-77.4033613445378,27.5316455696203,-0.113672697950444
-76.9075630252101,27.5316455696203,-0.227636526669391
-76.4117647058823,27.5316455696203,-0.347967766364063
-75.9159663865546,27.5316455696203,-0.473649990272932
-75.4201680672269,27.5316455696203,-0.603723256314019
-74.9243697478992,27.5316455696203,-0.73726385481837
-74.4285714285714,27.5316455696203,-0.873386216415637
-73.9327731092437,27.5316455696203,-1.01125528819676
-73.436974789916,27.5316455696203,-1.1501016777456
-72.9411764705882,27.5316455696203,-1.28923492007813
-72.4453781512605,27.5316455696203,-1.42805252482764
-71.9495798319328,27.5316455696203,-1.56604407199445
-71.453781512605,27.5316455696203,-1.70279063615004
-70.9579831932773,27.5316455696203,-1.83796034110834
-70.4621848739496,27.5316455696203,-1.9713010581141
-69.9663865546218,27.5316455696203,-2.1026312434556
-69.4705882352941,27.5316455696203,-2.23182980509378
-68.9747899159664,27.5316455696203,-2.35882572378021
-68.4789915966387,27.5316455696203,-2.48358798727026
-67.9831932773109,27.5316455696203,-2.60611624655387
-67.4873949579832,27.5316455696203,-2.72643245968192
-66.9915966386555,27.5316455696203,-2.84457368032056
-66.4957983193277,27.5316455696203,-2.96058605755993
-66,27.5316455696203,-3.0745200301789
-125,27.8481012658228,3.51757529120247
-124.504201680672,27.8481012658228,3.39482023325797
-124.008403361345,27.8481012658228,3.26313582292643
-123.512605042017,27.8481012658228,3.12244204137057
-123.016806722689,27.8481012658228,2.97271937755338
-122.521008403361,27.8481012658228,2.81403588835708
-122.025210084034,27.8481012658228,2.64659028260062
-121.529411764706,27.8481012658228,2.47077209350687
-121.033613445378,27.8481012658228,2.28723570373319
-120.53781512605,27.8481012658228,2.09697903103453
-120.042016806723,27.8481012658228,1.90141124186335
-119.546218487395,27.8481012658228,1.70238905007746
-119.050420168067,27.8481012658228,1.50220074736933
-118.55462184874,27.8481012658228,1.30348346737348
-118.058823529412,27.8481012658228,1.10907268802983
-117.563025210084,27.8481012658228,0.921800791984965
-117.067226890756,27.8481012658228,0.744277498879891
-116.571428571429,27.8481012658228,0.578692013032858
-116.075630252101,27.8481012658228,0.426670224278584
-115.579831932773,27.8481012658228,0.289201379495817
-115.084033613445,27.8481012658228,0.166624559302162
-114.588235294118,27.8481012658228,0.0586467409606336
-114.09243697479,27.8481012658228,-0.0356391692180615
-113.596638655462,27.8481012658228,-0.117752106856547
-113.100840336134,27.8481012658228,-0.189821439695995
-112.605042016807,27.8481012658228,-0.254538687477737
-112.109243697479,27.8481012658228,-0.314998032745512
-111.613445378151,27.8481012658228,-0.374376307853815
-111.117647058824,27.8481012658228,-0.435453767100303
-110.621848739496,27.8481012658228,-0.500049565476906
-110.126050420168,27.8481012658228,-0.568510795210255
-109.63025210084,27.8481012658228,-0.639416498393031
-109.134453781513,27.8481012658228,-0.709617777737751
-108.638655462185,27.8481012658228,-0.774643247652161
-108.142857142857,27.8481012658228,-0.829396211079542
-107.647058823529,27.8481012658228,-0.868998531765416
-107.151260504202,27.8481012658228,-0.889612659266198
-106.655462184874,27.8481012658228,-0.88908766190297
-106.159663865546,27.8481012658228,-0.86731297795132
-105.663865546218,27.8481012658228,-0.826221078781647
-105.168067226891,27.8481012658228,-0.769455487593602
-104.672268907563,27.8481012658228,-0.701795338774889
-104.176470588235,27.8481012658228,-0.628469022415556
-103.680672268908,27.8481012658228,-0.554477937293755
-103.18487394958,27.8481012658228,-0.484000259854617
-102.689075630252,27.8481012658228,-0.41988772063936
-102.193277310924,27.8481012658228,-0.363237042368654
-101.697478991597,27.8481012658228,-0.31303737712434
-101.201680672269,27.8481012658228,-0.266002929340606
-100.705882352941,27.8481012658228,-0.216951959782746
-100.210084033613,27.8481012658228,-0.160316703124323
-99.7142857142857,27.8481012658228,-0.0923948876160287
-99.218487394958,27.8481012658228,-0.0129690196791208
-98.7226890756303,27.8481012658228,0.0731047582593978
-98.2268907563025,27.8481012658228,0.153393041632757
-97.7310924369748,27.8481012658228,0.209459982251218
-97.2352941176471,27.8481012658228,0.22821358447986
-96.7394957983193,27.8481012658228,0.211727620289244
-96.2436974789916,27.8481012658228,0.173322417601987
-95.7478991596639,27.8481012658228,0.127990122951526
-95.2521008403361,27.8481012658228,0.0877422680832409
-94.7563025210084,27.8481012658228,0.0595185764368227
-94.2605042016807,27.8481012658228,0.0453484370866185
-93.7647058823529,27.8481012658228,0.0441652790633398
-93.2689075630252,27.8481012658228,0.0539773670219745
-92.7731092436975,27.8481012658228,0.0732479118802356
-92.2773109243697,27.8481012658228,0.101055097245106
-91.781512605042,27.8481012658228,0.136374025776188
-91.2857142857143,27.8481012658228,0.177194311926872
-90.7899159663866,27.8481012658228,0.220177446509094
-90.2941176470588,27.8481012658228,0.261245334201483
-89.7983193277311,27.8481012658228,0.296929416751077
-89.3025210084034,27.8481012658228,0.325645508706598
-88.8067226890756,27.8481012658228,0.347943901432156
-88.3109243697479,27.8481012658228,0.36563462008456
-87.8151260504202,27.8481012658228,0.380452819493417
-87.3193277310924,27.8481012658228,0.392893107187429
-86.8235294117647,27.8481012658228,0.401524958581651
-86.327731092437,27.8481012658228,0.402952094469902
-85.8319327731092,27.8481012658228,0.392526639118684
-85.3361344537815,27.8481012658228,0.365797043370816
-84.8403361344538,27.8481012658228,0.320438562541485
-84.344537815126,27.8481012658228,0.258183378188666
-83.8487394957983,27.8481012658228,0.18617533059705
-83.3529411764706,27.8481012658228,0.117329045631624
-82.8571428571429,27.8481012658228,0.0695408255750173
-82.3613445378151,27.8481012658228,0.0621664390986876
-81.8655462184874,27.8481012658228,0.101535586957112
-81.3697478991597,27.8481012658228,0.171346540904138
-80.8739495798319,27.8481012658228,0.241165778710766
-80.3781512605042,27.8481012658228,0.283893914714745
-79.8823529411765,27.8481012658228,0.286638329296521
-79.3865546218487,27.8481012658228,0.254571732366048
-78.890756302521,27.8481012658228,0.197436196237438
-78.3949579831933,27.8481012658228,0.122001378677761
-77.8991596638655,27.8481012658228,0.0324972575369606
-77.4033613445378,27.8481012658228,-0.0682782787654232
-76.9075630252101,27.8481012658228,-0.178306026760258
-76.4117647058823,27.8481012658228,-0.295993507341364
-75.9159663865546,27.8481012658228,-0.419983195338281
-75.4201680672269,27.8481012658228,-0.549053305307652
-74.9243697478992,27.8481012658228,-0.682074294633219
-74.4285714285714,27.8481012658228,-0.817997386225647
-73.9327731092437,27.8481012658228,-0.955859042832187
-73.436974789916,27.8481012658228,-1.09479089443052
-72.9411764705882,27.8481012658228,-1.23402890743871
-72.4453781512605,27.8481012658228,-1.37291872026977
-71.9495798319328,27.8481012658228,-1.51091617618019
-71.453781512605,27.8481012658228,-1.64758333052485
-70.9579831932773,27.8481012658228,-1.78258081873434
-70.4621848739496,27.8481012658228,-1.91565767618024
-69.9663865546218,27.8481012658228,-2.04663966394247
-69.4705882352941,27.8481012658228,-2.17541700887281
-68.9747899159664,27.8481012658228,-2.30193227747507
-68.4789915966387,27.8481012658228,-2.42616892147367
-67.9831932773109,27.8481012658228,-2.54814086913348
-67.4873949579832,27.8481012658228,-2.6678833950056
-66.9915966386555,27.8481012658228,-2.78544538422782
-66.4957983193277,27.8481012658228,-2.90088301593003
-66,27.8481012658228,-3.01425482076722
-125,28.1645569620253,3.4876241291758
-124.504201680672,28.1645569620253,3.36685290086601
-124.008403361345,28.1645569620253,3.23709232243
-123.512605042017,28.1645569620253,3.0982380657671
-123.016806722689,28.1645569620253,2.95023101685601
-122.521008403361,28.1645569620253,2.7930818627608
-122.025210084034,28.1645569620253,2.62691533358102
-121.529411764706,28.1645569620253,2.45203705876259
-121.033613445378,28.1645569620253,2.26902102468052
-120.53781512605,28.1645569620253,2.07880810712216
-120.042016806723,28.1645569620253,1.88279729295807
-119.546218487395,28.1645569620253,1.68290371003269
-119.050420168067,28.1645569620253,1.48155526672624
-118.55462184874,28.1645569620253,1.28160641484293
-118.058823529412,28.1645569620253,1.08616462968204
-117.563025210084,28.1645569620253,0.898349459456106
-117.067226890756,28.1645569620253,0.721026947202314
-116.571428571429,28.1645569620253,0.556573308394294
-116.075630252101,28.1645569620253,0.406713567164591
-115.579831932773,28.1645569620253,0.272454405150014
-115.084033613445,28.1645569620253,0.154095775325299
-114.588235294118,28.1645569620253,0.0512781223875526
-114.09243697479,28.1645569620253,-0.036984686025532
-113.596638655462,28.1645569620253,-0.112315719848766
-113.100840336134,28.1645569620253,-0.177013926613936
-112.605042016807,28.1645569620253,-0.234057401798063
-112.109243697479,28.1645569620253,-0.286976803813626
-111.613445378151,28.1645569620253,-0.339518124695526
-111.117647058824,28.1645569620253,-0.395079154251442
-110.621848739496,28.1645569620253,-0.456004423240056
-110.126050420168,28.1645569620253,-0.522918723087945
-109.63025210084,28.1645569620253,-0.594318436456095
-109.134453781513,28.1645569620253,-0.666588694674807
-108.638655462185,28.1645569620253,-0.734486870676633
-108.142857142857,28.1645569620253,-0.791991890425239
-107.647058823529,28.1645569620253,-0.83332932253607
-107.151260504202,28.1645569620253,-0.853962754747483
-106.655462184874,28.1645569620253,-0.851367535807017
-106.159663865546,28.1645569620253,-0.825447835425508
-105.663865546218,28.1645569620253,-0.778523110330058
-105.168067226891,28.1645569620253,-0.714904952690774
-104.672268907563,28.1645569620253,-0.640188329168562
-104.176470588235,28.1645569620253,-0.56043816944296
-103.680672268908,28.1645569620253,-0.481429150330388
-103.18487394958,28.1645569620253,-0.408016461135108
-102.689075630252,28.1645569620253,-0.343631037399763
-102.193277310924,28.1645569620253,-0.289842692702305
-101.697478991597,28.1645569620253,-0.24594016922903
-101.201680672269,28.1645569620253,-0.208579864453169
-100.705882352941,28.1645569620253,-0.17187539382365
-100.210084033613,28.1645569620253,-0.128996905606545
-99.7142857142857,28.1645569620253,-0.0751461274456754
-99.218487394958,28.1645569620253,-0.00896319161418774
-98.7226890756303,28.1645569620253,0.0657720201247583
-98.2268907563025,28.1645569620253,0.137606489159817
-97.7310924369748,28.1645569620253,0.188865261494872
-97.2352941176471,28.1645569620253,0.20553142984922
-96.7394957983193,28.1645569620253,0.189411323121964
-96.2436974789916,28.1645569620253,0.15168407261342
-95.7478991596639,28.1645569620253,0.107346014081713
-95.2521008403361,28.1645569620253,0.0692936812958988
-94.7563025210084,28.1645569620253,0.0442671138712409
-94.2605042016807,28.1645569620253,0.033271634729097
-93.7647058823529,28.1645569620253,0.0340517528526352
-93.2689075630252,28.1645569620253,0.0439583653249719
-92.7731092436975,28.1645569620253,0.0615989094095058
-92.2773109243697,28.1645569620253,0.0867829030906727
-91.781512605042,28.1645569620253,0.119332397408685
-91.2857142857143,28.1645569620253,0.157725696887822
-90.7899159663866,28.1645569620253,0.198498206673724
-90.2941176470588,28.1645569620253,0.236942198819198
-89.7983193277311,28.1645569620253,0.268972790871722
-89.3025210084034,28.1645569620253,0.293000180997653
-88.8067226890756,28.1645569620253,0.310261188668873
-88.3109243697479,28.1645569620253,0.323547428253004
-87.8151260504202,28.1645569620253,0.335455638322873
-87.3193277310924,28.1645569620253,0.346963582244493
-86.8235294117647,28.1645569620253,0.35658090291328
-86.327731092437,28.1645569620253,0.360212966921218
-85.8319327731092,28.1645569620253,0.351912176924197
-85.3361344537815,28.1645569620253,0.325552687773937
-84.8403361344538,28.1645569620253,0.277163377067297
-84.344537815126,28.1645569620253,0.207340161922719
-83.8487394957983,28.1645569620253,0.123022406063137
-83.3529411764706,28.1645569620253,0.0382088586251203
-82.8571428571429,28.1645569620253,-0.0263013421616753
-82.3613445378151,28.1645569620253,-0.0454440813096955
-81.8655462184874,28.1645569620253,-0.00703657692491588
-81.3697478991597,28.1645569620253,0.0750456587590106
-80.8739495798319,28.1645569620253,0.167192622499219
-80.3781512605042,28.1645569620253,0.235852873838648
-79.8823529411765,28.1645569620253,0.26334721396602
-79.3865546218487,28.1645569620253,0.251982643028988
-78.890756302521,28.1645569620253,0.210706194085956
-78.3949579831933,28.1645569620253,0.146968445087566
-77.8991596638655,28.1645569620253,0.0659752599956666
-77.4033613445378,28.1645569620253,-0.0286684263393736
-76.9075630252101,28.1645569620253,-0.134343667756443
-76.4117647058823,28.1645569620253,-0.249012835835318
-75.9159663865546,28.1645569620253,-0.370978306083695
-75.4201680672269,28.1645569620253,-0.4987504972003
-74.9243697478992,28.1645569620253,-0.630985252218208
-74.4285714285714,28.1645569620253,-0.76646167556977
-73.9327731092437,28.1645569620253,-0.904080268411064
-73.436974789916,28.1645569620253,-1.04286831325765
-72.9411764705882,28.1645569620253,-1.18198500428488
-72.4453781512605,28.1645569620253,-1.320722772373
-71.9495798319328,28.1645569620253,-1.45850380516383
-71.453781512605,28.1645569620253,-1.59487216942427
-70.9579831932773,28.1645569620253,-1.72948258201119
-70.4621848739496,28.1645569620253,-1.86208702898162
-69.9663865546218,28.1645569620253,-1.99252034367832
-69.4705882352941,28.1645569620253,-2.12068565925564
-68.9747899159664,28.1645569620253,-2.24654043675474
-68.4789915966387,28.1645569620253,-2.37008356795063
-67.9831932773109,28.1645569620253,-2.49134388570936
-67.4873949579832,28.1645569620253,-2.61037026457143
-66.9915966386555,28.1645569620253,-2.72722338569557
-66.4957983193277,28.1645569620253,-2.84196914597806
-66,28.1645569620253,-2.95467361888991
-125,28.4810126582278,3.4545586977677
-124.504201680672,28.4810126582278,3.33580647094703
-124.008403361345,28.4810126582278,3.20803207025665
-123.512605042017,28.4810126582278,3.07111321418179
-123.016806722689,28.4810126582278,2.92495483216777
-122.521008403361,28.4810126582278,2.76950901563493
-122.025210084034,28.4810126582278,2.60481848649545
-121.529411764706,28.4810126582278,2.43108920782731
-121.033613445378,28.4810126582278,2.24879223100792
-120.53781512605,28.4810126582278,2.05878558730915
-120.042016806723,28.4810126582278,1.86243510308856
-119.546218487395,28.4810126582278,1.66170167571681
-119.050420168067,28.4810126582278,1.45915710231088
-118.55462184874,28.4810126582278,1.25789688762902
-118.058823529412,28.4810126582278,1.06133980465798
-117.563025210084,28.4810126582278,0.872936976093644
-117.067226890756,28.4810126582278,0.695846422036541
-116.571428571429,28.4810126582278,0.532646501734595
-116.075630252101,28.4810126582278,0.385151809069882
-115.579831932773,28.4810126582278,0.254358302576131
-115.084033613445,28.4810126582278,0.140494763016403
-114.588235294118,28.4810126582278,0.0431166938665387
-114.09243697479,28.4810126582278,-0.0388334732231747
-113.596638655462,28.4810126582278,-0.107049270385363
-113.100840336134,28.4810126582278,-0.16395470848294
-112.605042016807,28.4810126582278,-0.212785804215014
-112.109243697479,28.4810126582278,-0.257524335980526
-111.613445378151,28.4810126582278,-0.302557573015861
-111.117647058824,28.4810126582278,-0.352020559968481
-110.621848739496,28.4810126582278,-0.408915388849839
-110.126050420168,28.4810126582278,-0.474240853776929
-109.63025210084,28.4810126582278,-0.546431809770207
-109.134453781513,28.4810126582278,-0.621342871632459
-108.638655462185,28.4810126582278,-0.692830968663584
-108.142857142857,28.4810126582278,-0.75379454303615
-107.647058823529,28.4810126582278,-0.797416754517663
-107.151260504202,28.4810126582278,-0.818354545636115
-106.655462184874,28.4810126582278,-0.813660279951461
-106.159663865546,28.4810126582278,-0.783272410880877
-105.663865546218,28.4810126582278,-0.72997820327548
-105.168067226891,28.4810126582278,-0.65886972591973
-104.672268907563,28.4810126582278,-0.576461455286887
-104.176470588235,28.4810126582278,-0.489720474839175
-103.680672268908,28.4810126582278,-0.405217885295762
-103.18487394958,28.4810126582278,-0.328486385025285
-102.689075630252,28.4810126582278,-0.26355017087642
-102.193277310924,28.4810126582278,-0.212525161876644
-101.697478991597,28.4810126582278,-0.175175795984278
-101.201680672269,28.4810126582278,-0.148393990554438
-100.705882352941,28.4810126582278,-0.125879098712765
-100.210084033613,28.4810126582278,-0.0995207620628812
-99.7142857142857,28.4810126582278,-0.0635024010688107
-99.218487394958,28.4810126582278,-0.0150539568027202
-98.7226890756303,28.4810126582278,0.0437364243736602
-98.2268907563025,28.4810126582278,0.103392450501027
-97.7310924369748,28.4810126582278,0.148147066051537
-97.2352941176471,28.4810126582278,0.16423000282891
-96.7394957983193,28.4810126582278,0.15188595073624
-96.2436974789916,28.4810126582278,0.119044233287949
-95.7478991596639,28.4810126582278,0.0798982841802574
-95.2521008403361,28.4810126582278,0.0477872868154458
-94.7563025210084,28.4810126582278,0.0290037265618008
-94.2605042016807,28.4810126582278,0.02332009785938
-93.7647058823529,28.4810126582278,0.0271360514635258
-93.2689075630252,28.4810126582278,0.0372069641373049
-92.7731092436975,28.4810126582278,0.0525585970546526
-92.2773109243697,28.4810126582278,0.0741087864310399
-91.781512605042,28.4810126582278,0.102883841188556
-91.2857142857143,28.4810126582278,0.138082102602315
-90.7899159663866,28.4810126582278,0.17615525149386
-90.2941176470588,28.4810126582278,0.211604620776691
-89.7983193277311,28.4810126582278,0.23949392241205
-89.3025210084034,28.4810126582278,0.258212614094355
-88.8067226890756,28.4810126582278,0.269876011301167
-88.3109243697479,28.4810126582278,0.278458535344389
-87.8151260504202,28.4810126582278,0.287568825874979
-87.3193277310924,28.4810126582278,0.298803648284294
-86.8235294117647,28.4810126582278,0.310737048249857
-86.327731092437,28.4810126582278,0.318645631937307
-85.8319327731092,28.4810126582278,0.315264060586351
-85.3361344537815,28.4810126582278,0.292697080602568
-84.8403361344538,28.4810126582278,0.245209689045104
-84.344537815126,28.4810126582278,0.172208021181139
-83.8487394957983,28.4810126582278,0.0804624486414718
-83.3529411764706,28.4810126582278,-0.0149543565195664
-82.8571428571429,28.4810126582278,-0.0908559155804275
-82.3613445378151,28.4810126582278,-0.119402518448875
-81.8655462184874,28.4810126582278,-0.0845644616789405
-81.3697478991597,28.4810126582278,0.00261213791929041
-80.8739495798319,28.4810126582278,0.107819402166185
-80.3781512605042,28.4810126582278,0.193885359137102
-79.8823529411765,28.4810126582278,0.240113016265943
-79.3865546218487,28.4810126582278,0.246021806024038
-78.890756302521,28.4810126582278,0.218975559106102
-78.3949579831933,28.4810126582278,0.166315720398582
-77.8991596638655,28.4810126582278,0.0937222067511129
-77.4033613445378,28.4810126582278,0.00534090590170518
-76.9075630252101,28.4810126582278,-0.0957467639349492
-76.4117647058823,28.4810126582278,-0.207127429127561
-75.9159663865546,28.4810126582278,-0.326795440590275
-75.4201680672269,28.4810126582278,-0.453005045328307
-74.9243697478992,28.4810126582278,-0.584198806451748
-74.4285714285714,28.4810126582278,-0.718980889585913
-73.9327731092437,28.4810126582278,-0.856112304391433
-73.436974789916,28.4810126582278,-0.994513395542998
-72.9411764705882,28.4810126582278,-1.13326546023224
-72.4453781512605,28.4810126582278,-1.27160798574284
-71.9495798319328,28.4810126582278,-1.40893080760571
-71.453781512605,28.4810126582278,-1.54476194454559
-70.9579831932773,28.4810126582278,-1.67875241217081
-70.4621848739496,28.4810126582278,-1.81065936689867
-69.9663865546218,28.4810126582278,-1.94032874174254
-69.4705882352941,28.4810126582278,-2.06767829163821
-68.9747899159664,28.4810126582278,-2.19268170676072
-68.4789915966387,28.4810126582278,-2.31535424721962
-67.9831932773109,28.4810126582278,-2.43574017163961
-67.4873949579832,28.4810126582278,-2.55390209532941
-66.9915966386555,28.4810126582278,-2.66991229327309
-66.4957983193277,28.4810126582278,-2.78384588247035
-66,28.4810126582278,-2.89577574404505
-125,28.7974683544304,3.41821790195014
-124.504201680672,28.7974683544304,3.301499543511
-124.008403361345,28.7974683544304,3.17575521936141
-123.512605042017,28.7974683544304,3.0408538644136
-123.016806722689,28.7974683544304,2.89667119217258
-122.521008403361,28.7974683544304,2.74310220690465
-122.025210084034,28.7974683544304,2.58010110537847
-121.529411764706,28.7974683544304,2.40775781358074
-121.033613445378,28.7974683544304,2.22641457903754
-120.53781512605,28.7974683544304,2.03681487132667
-120.042016806723,28.7974683544304,1.84026108159059
-119.546218487395,28.7974683544304,1.63874087853322
-119.050420168067,28.7974683544304,1.43497158880419
-118.55462184874,28.7974683544304,1.23231661445594
-118.058823529412,28.7974683544304,1.03455398823883
-117.563025210084,28.7974683544304,0.845522010204466
-117.067226890756,28.7974683544304,0.668715021938522
-116.571428571429,28.7974683544304,0.506930019331132
-116.075630252101,28.7974683544304,0.362053428627392
-115.579831932773,28.7974683544304,0.235026430260703
-115.084033613445,28.7974683544304,0.12595649516848
-114.588235294118,28.7974683544304,0.0342829084783157
-114.09243697479,28.7974683544304,-0.041116843583771
-113.596638655462,28.7974683544304,-0.101959696779608
-113.100840336134,28.7974683544304,-0.150725470105774
-112.605042016807,28.7974683544304,-0.190852269039785
-112.109243697479,28.7974683544304,-0.226769554354582
-111.613445378151,28.7974683544304,-0.263577994627018
-111.117647058824,28.7974683544304,-0.306289354129459
-110.621848739496,28.7974683544304,-0.358726879047719
-110.126050420168,28.7974683544304,-0.42238733879509
-109.63025210084,28.7974683544304,-0.495675299409514
-109.134453781513,28.7974683544304,-0.573840515671961
-108.638655462185,28.7974683544304,-0.649690150058019
-108.142857142857,28.7974683544304,-0.714867286863923
-107.647058823529,28.7974683544304,-0.761354315038161
-107.151260504202,28.7974683544304,-0.782887563972962
-106.655462184874,28.7974683544304,-0.776047315089427
-106.159663865546,28.7974683544304,-0.740836081729192
-105.663865546218,28.7974683544304,-0.680610948902368
-105.168067226891,28.7974683544304,-0.601379613479964
-104.672268907563,28.7974683544304,-0.510688521637421
-104.176470588235,28.7974683544304,-0.416457748748646
-103.680672268908,28.7974683544304,-0.326040565379962
-103.18487394958,28.7974683544304,-0.245594055734606
-102.689075630252,28.7974683544304,-0.17968639575333
-102.193277310924,28.7974683544304,-0.130987639115792
-101.697478991597,28.7974683544304,-0.0998636783663349
-101.201680672269,28.7974683544304,-0.0837301582192013
-100.705882352941,28.7974683544304,-0.0763050349954203
-100.210084033613,28.7974683544304,-0.0684623610525071
-99.7142857142857,28.7974683544304,-0.05325783270688
-99.218487394958,28.7974683544304,-0.0259907912206875
-98.7226890756303,28.7974683544304,0.013567181726022
-98.2268907563025,28.7974683544304,0.0584551717039497
-97.7310924369748,28.7974683544304,0.0954622206156253
-97.2352941176471,28.7974683544304,0.111925240837418
-96.7394957983193,28.7974683544304,0.105375365248385
-96.2436974789916,28.7974683544304,0.0806953826532406
-95.7478991596639,28.7974683544304,0.0504457425282607
-95.2521008403361,28.7974683544304,0.0274977552572921
-94.7563025210084,28.7974683544304,0.0174375474596993
-94.2605042016807,28.7974683544304,0.018610365992168
-93.7647058823529,28.7974683544304,0.0259361485429681
-93.2689075630252,28.7974683544304,0.0356880347702697
-92.7731092436975,28.7974683544304,0.0476101333197878
-92.2773109243697,28.7974683544304,0.0641055996350296
-91.781512605042,28.7974683544304,0.0877518212985097
-91.2857142857143,28.7974683544304,0.118690631773958
-90.7899159663866,28.7974683544304,0.153352395203361
-90.2941176470588,28.7974683544304,0.18531568152435
-89.7983193277311,28.7974683544304,0.208501977192064
-89.3025210084034,28.7974683544304,0.221269841877828
-88.8067226890756,28.7974683544304,0.226810675106387
-88.3109243697479,28.7974683544304,0.230430131338176
-87.8151260504202,28.7974683544304,0.23683712238221
-87.3193277310924,28.7974683544304,0.248372297644184
-86.8235294117647,28.7974683544304,0.26383583344324
-86.327731092437,28.7974683544304,0.278004255243924
-85.8319327731092,28.7974683544304,0.282344017605858
-85.3361344537815,28.7974683544304,0.267171602253699
-84.8403361344538,28.7974683544304,0.224941930349671
-84.344537815126,28.7974683544304,0.153891083119098
-83.8487394957983,28.7974683544304,0.060706544859157
-83.3529411764706,28.7974683544304,-0.038583268568909
-82.8571428571429,28.7974683544304,-0.119427750594578
-82.3613445378151,28.7974683544304,-0.153251800723107
-81.8655462184874,28.7974683544304,-0.12288720071062
-81.3697478991597,28.7974683544304,-0.0373011183546327
-80.8739495798319,28.7974683544304,0.0707767375262034
-80.3781512605042,28.7974683544304,0.164171863593257
-79.8823529411765,28.7974683544304,0.221601602575064
-79.3865546218487,28.7974683544304,0.239856930770804
-78.890756302521,28.7974683544304,0.224203742897616
-78.3949579831933,28.7974683544304,0.181176180752944
-77.8991596638655,28.7974683544304,0.116351823820264
-77.4033613445378,28.7974683544304,0.0340463649010055
-76.9075630252101,28.7974683544304,-0.0624120181819425
-76.4117647058823,28.7974683544304,-0.170352401835623
-75.9159663865546,28.7974683544304,-0.287521645158615
-75.4201680672269,28.7974683544304,-0.411945836239448
-74.9243697478992,28.7974683544304,-0.54186529485757
-74.4285714285714,28.7974683544304,-0.67571257333698
-73.9327731092437,28.7974683544304,-0.812109915425788
-73.436974789916,28.7974683544304,-0.949871315769445
-72.9411764705882,28.7974683544304,-1.08800152709913
-72.4453781512605,28.7974683544304,-1.22568928404131
-71.9495798319328,28.7974683544304,-1.36229484365066
-71.453781512605,28.7974683544304,-1.49733319444654
-70.9579831932773,28.7974683544304,-1.63045462241665
-70.4621848739496,28.7974683544304,-1.76142416543597
-69.9663865546218,28.7974683544304,-1.8901011766205
-69.4705882352941,28.7974683544304,-2.01641988879789
-68.9747899159664,28.7974683544304,-2.14037158545358
-68.4789915966387,28.7974683544304,-2.26198876975128
-67.9831932773109,28.7974683544304,-2.38133153828318
-67.4873949579832,28.7974683544304,-2.49847623589639
-66.9915966386555,28.7974683544304,-2.61350635197346
-66.4957983193277,28.7974683544304,-2.7265055362341
-66,28.7974683544304,-2.83755254621
-125,29.1139240506329,3.3784419348841
-124.504201680672,29.1139240506329,3.26374725847385
-124.008403361345,29.1139240506329,3.1400526515681
-123.512605042017,29.1139240506329,3.00723076310864
-123.016806722689,29.1139240506329,2.86513877164043
-122.521008403361,29.1139240506329,2.71361994160654
-122.025210084034,29.1139240506329,2.55253608728518
-121.529411764706,29.1139240506329,2.38184495943451
-121.033613445378,29.1139240506329,2.20173093058916
-120.53781512605,29.1139240506329,2.01278436442611
-120.042016806723,29.1139240506329,1.81620473992746
-119.546218487395,29.1139240506329,1.61397878098487
-119.050420168067,29.1139240506329,1.40896661380222
-118.55462184874,29.1139240506329,1.20482952510426
-118.058823529412,29.1139240506329,1.00576374436715
-117.563025210084,29.1139240506329,0.816065396019249
-117.067226890756,29.1139240506329,0.639621749067343
-116.571428571429,29.1139240506329,0.4794675676842
-116.075630252101,29.1139240506329,0.337533036310372
-115.579831932773,29.1139240506329,0.214639245493215
-115.084033613445,29.1139240506329,0.110697101648451
-114.588235294118,29.1139240506329,0.0249791579110948
-114.09243697479,29.1139240506329,-0.0436999227858861
-113.596638655462,29.1139240506329,-0.0970184359802938
-113.100840336134,29.1139240506329,-0.137411421594986
-112.605042016807,29.1139240506329,-0.168426535086193
-112.109243697479,29.1139240506329,-0.194910480143985
-111.613445378151,29.1139240506329,-0.22274448589107
-111.117647058824,29.1139240506329,-0.257977161328475
-110.621848739496,29.1139240506329,-0.305453925210411
-110.126050420168,29.1139240506329,-0.367327662295919
-109.63025210084,29.1139240506329,-0.442015527342114
-109.134453781513,29.1139240506329,-0.524074696966406
-108.638655462185,29.1139240506329,-0.605090122031253
-108.142857142857,29.1139240506329,-0.675257965673453
-107.647058823529,29.1139240506329,-0.725195058811783
-107.151260504202,29.1139240506329,-0.747601979477146
-106.655462184874,29.1139240506329,-0.738539884444875
-106.159663865546,29.1139240506329,-0.698117101703341
-105.663865546218,29.1139240506329,-0.630389636836117
-105.168067226891,29.1139240506329,-0.542446256941767
-104.672268907563,29.1139240506329,-0.442988959612348
-104.176470588235,29.1139240506329,-0.34092198314539
-103.680672268908,29.1139240506329,-0.24432041093774
-103.18487394958,29.1139240506329,-0.159849529931584
-102.689075630252,29.1139240506329,-0.092497022683348
-102.193277310924,29.1139240506329,-0.045410427529721
-101.697478991597,29.1139240506329,-0.0196020669647508
-101.201680672269,29.1139240506329,-0.013251287295639
-100.705882352941,29.1139240506329,-0.020584277139377
-100.210084033613,29.1139240506329,-0.0321928178289195
-99.7142857142857,29.1139240506329,-0.039575883150793
-99.218487394958,29.1139240506329,-0.035459260393817
-98.7226890756303,29.1139240506329,-0.0168225548663101
-98.2268907563025,29.1139240506329,0.0120518516986508
-97.7310924369748,29.1139240506329,0.0407488345125366
-97.2352941176471,29.1139240506329,0.0578455180501869
-96.7394957983193,29.1139240506329,0.058119417281756
-96.2436974789916,29.1139240506329,0.0437706735491788
-95.7478991596639,29.1139240506329,0.0251056923312372
-95.2521008403361,29.1139240506329,0.0135710448279615
-94.7563025210084,29.1139240506329,0.0137159536392296
-94.2605042016807,29.1139240506329,0.0223306911212586
-93.7647058823529,29.1139240506329,0.032836651911067
-93.2689075630252,29.1139240506329,0.0411929539665507
-92.7731092436975,29.1139240506329,0.0481307192713193
-92.2773109243697,29.1139240506329,0.0578424985097457
-91.781512605042,29.1139240506329,0.0747254229693304
-91.2857142857143,29.1139240506329,0.100025994958743
-90.7899159663866,29.1139240506329,0.1302260574237
-90.2941176470588,29.1139240506329,0.157999109836688
-89.7983193277311,29.1139240506329,0.175848345683724
-89.3025210084034,29.1139240506329,0.182112820107416
-88.8067226890756,29.1139240506329,0.1811735930402
-88.3109243697479,29.1139240506329,0.179695837716722
-87.8151260504202,29.1139240506329,0.183475330295912
-87.3193277310924,29.1139240506329,0.195704226805404
-86.8235294117647,29.1139240506329,0.215606403783547
-86.327731092437,29.1139240506329,0.237640292470098
-85.8319327731092,29.1139240506329,0.252116828969416
-85.3361344537815,29.1139240506329,0.247636413381315
-84.8403361344538,29.1139240506329,0.21487080380721
-84.344537815126,29.1139240506329,0.150944528576088
-83.8487394957983,29.1139240506329,0.0625468202844714
-83.3529411764706,29.1139240506329,-0.0336041313907765
-82.8571428571429,29.1139240506329,-0.112540841178338
-82.3613445378151,29.1139240506329,-0.147097046005745
-81.8655462184874,29.1139240506329,-0.121120400829813
-81.3697478991597,29.1139240506329,-0.0424376224494988
-80.8739495798319,29.1139240506329,0.0591452176564363
-80.3781512605042,29.1139240506329,0.150198009198699
-79.8823529411765,29.1139240506329,0.210786666359394
-79.3865546218487,29.1139240506329,0.235718250961703
-78.890756302521,29.1139240506329,0.227917934636723
-78.3949579831933,29.1139240506329,0.19252670689306
-77.8991596638655,29.1139240506329,0.134455659144981
-77.4033613445378,29.1139240506329,0.0577818268869692
-76.9075630252101,29.1139240506329,-0.0341764717570763
-76.4117647058823,29.1139240506329,-0.13863849834999
-75.9159663865546,29.1139240506329,-0.253182689873303
-75.4201680672269,29.1139240506329,-0.375646285585621
-74.9243697478992,29.1139240506329,-0.504085649900836
-74.4285714285714,29.1139240506329,-0.636770190872986
-73.9327731092437,29.1139240506329,-0.772188132634693
-73.436974789916,29.1139240506329,-0.909051006511156
-72.9411764705882,29.1139240506329,-1.04629107201254
-72.4453781512605,29.1139240506329,-1.18305065443366
-71.9495798319328,29.1139240506329,-1.31866484105061
-71.453781512605,29.1139240506329,-1.45263979345917
-70.9579831932773,29.1139240506329,-1.58462884847299
-70.4621848739496,29.1139240506329,-1.71440815644644
-69.9663865546218,29.1139240506329,-1.84185310992878
-69.4705882352941,29.1139240506329,-1.96691641361947
-68.9747899159664,29.1139240506329,-2.0896083311582
-68.4789915966387,29.1139240506329,-2.20997942307394
-67.9831932773109,29.1139240506329,-2.32810591575904
-67.4873949579832,29.1139240506329,-2.44407771373543
-66.9915966386555,29.1139240506329,-2.55798895584962
-66.4957983193277,29.1139240506329,-2.66993093799389
-66,29.1139240506329,-2.77998716174456
-125,29.4303797468354,3.33507589155319
-124.504201680672,29.4303797468354,3.22236455487871
-124.008403361345,29.4303797468354,3.10070838582858
-123.512605042017,29.4303797468354,2.97000005490695
-123.016806722689,29.4303797468354,2.83009376271371
-122.521008403361,29.4303797468354,2.68079156332758
-122.025210084034,29.4303797468354,2.52186322692595
-121.529411764706,29.4303797468354,2.35311973394031
-121.033613445378,29.4303797468354,2.17455581950582
-120.53781512605,29.4303797468354,1.98656257699777
-120.042016806723,29.4303797468354,1.79018562638768
-119.546218487395,29.4303797468354,1.58737115629373
-119.050420168067,29.4303797468354,1.3811123395028
-118.55462184874,29.4303797468354,1.17540104178204
-118.058823529412,29.4303797468354,0.97492434123112
-117.563025210084,29.4303797468354,0.784526976058157
-117.067226890756,29.4303797468354,0.608563016172601
-116.571428571429,29.4303797468354,0.450328911609421
-116.075630252101,29.4303797468354,0.311757920409177
-115.579831932773,29.4303797468354,0.193458040501235
-115.084033613445,29.4303797468354,0.0950344755704275
-114.588235294118,29.4303797468354,0.0155149460420077
-114.09243697479,29.4303797468354,-0.0463559641005254
-113.596638655462,29.4303797468354,-0.0921401775030296
-113.100840336134,29.4303797468354,-0.124088955665261
-112.605042016807,29.4303797468354,-0.145719025295814
-112.109243697479,29.4303797468354,-0.162225753024375
-111.613445378151,29.4303797468354,-0.180325812889611
-111.117647058824,29.4303797468354,-0.20728449529059
-110.621848739496,29.4303797468354,-0.249213674101652
-110.126050420168,29.4303797468354,-0.309122121635551
-109.63025210084,29.4303797468354,-0.38549515557351
-109.134453781513,29.4303797468354,-0.472090670134651
-108.638655462185,29.4303797468354,-0.5590725839486
-108.142857142857,29.4303797468354,-0.634987259785314
-107.647058823529,29.4303797468354,-0.688925363979976
-107.151260504202,29.4303797468354,-0.712443711519466
-106.655462184874,29.4303797468354,-0.70104106905376
-106.159663865546,29.4303797468354,-0.654985092669654
-105.663865546218,29.4303797468354,-0.579193406213378
-105.168067226891,29.4303797468354,-0.482041352364965
-104.672268907563,29.4303797468354,-0.373523175946765
-104.176470588235,29.4303797468354,-0.263531894325255
-103.680672268908,29.4303797468354,-0.160749378253493
-103.18487394958,29.4303797468354,-0.0721653085589806
-102.689075630252,29.4303797468354,-0.00298520145328997
-102.193277310924,29.4303797468354,0.0433347378884133
-101.697478991597,29.4303797468354,0.0651853111357202
-101.201680672269,29.4303797468354,0.0634328569197481
-100.705882352941,29.4303797468354,0.0428025300167813
-100.210084033613,29.4303797468354,0.0123119778954836
-99.7142857142857,29.4303797468354,-0.0177340651055873
-99.218487394958,29.4303797468354,-0.036949023859129
-98.7226890756303,29.4303797468354,-0.0392435484883893
-98.2268907563025,29.4303797468354,-0.0262671273738938
-97.7310924369748,29.4303797468354,-0.0060849939042421
-97.2352941176471,29.4303797468354,0.0114103616401395
-96.7394957983193,29.4303797468354,0.0187798192569434
-96.2436974789916,29.4303797468354,0.0158955633088819
-95.7478991596639,29.4303797468354,0.0103033648644667
-95.2521008403361,29.4303797468354,0.0112084140189133
-94.7563025210084,29.4303797468354,0.0217374797035108
-94.2605042016807,29.4303797468354,0.0371016475882697
-93.7647058823529,29.4303797468354,0.0495931047192629
-93.2689075630252,29.4303797468354,0.0550014834862081
-92.7731092436975,29.4303797468354,0.0552142697641689
-92.2773109243697,29.4303797468354,0.0563547286937439
-91.781512605042,29.4303797468354,0.0647411872825184
-91.2857142857143,29.4303797468354,0.0827471435677852
-90.7899159663866,29.4303797468354,0.106936156141584
-90.2941176470588,29.4303797468354,0.129372394031497
-89.7983193277311,29.4303797468354,0.141207760943406
-89.3025210084034,29.4303797468354,0.140723387872123
-88.8067226890756,29.4303797468354,0.133308407944869
-88.3109243697479,29.4303797468354,0.126830024085059
-87.8151260504202,29.4303797468354,0.128046178278953
-87.3193277310924,29.4303797468354,0.141096020784015
-86.8235294117647,29.4303797468354,0.165847597215799
-86.327731092437,29.4303797468354,0.19665539915016
-85.8319327731092,29.4303797468354,0.222831518158673
-85.3361344537815,29.4303797468354,0.231455642756156
-84.8403361344538,29.4303797468354,0.211569256847146
-84.344537815126,29.4303797468354,0.15927623623606
-83.8487394957983,29.4303797468354,0.0813591940965485
-83.3529411764706,29.4303797468354,-0.00518645075769744
-82.8571428571429,29.4303797468354,-0.0758277424705625
-82.3613445378151,29.4303797468354,-0.106756638794724
-81.8655462184874,29.4303797468354,-0.0845539490163863
-81.3697478991597,29.4303797468354,-0.0167977220350425
-80.8739495798319,29.4303797468354,0.0710088724904961
-80.3781512605042,29.4303797468354,0.151773707901759
-79.8823529411765,29.4303797468354,0.2083299258918
-79.3865546218487,29.4303797468354,0.234479684870251
-78.890756302521,29.4303797468354,0.230921915816012
-78.3949579831933,29.4303797468354,0.201001088537021
-77.8991596638655,29.4303797468354,0.148490592313085
-77.4033613445378,29.4303797468354,0.0768526065796576
-76.9075630252101,29.4303797468354,-0.01085587334159
-76.4117647058823,29.4303797468354,-0.11189460125092
-75.9159663865546,29.4303797468354,-0.223756219102361
-75.4201680672269,29.4303797468354,-0.344131745245444
-74.9243697478992,29.4303797468354,-0.4709151135815
-74.4285714285714,29.4303797468354,-0.602224398660496
-73.9327731092437,29.4303797468354,-0.73642191332165
-73.436974789916,29.4303797468354,-0.872123788239811
-72.9411764705882,29.4303797468354,-1.00819662066657
-72.4453781512605,29.4303797468354,-1.14374292089774
-71.9495798319328,29.4303797468354,-1.27807872377493
-71.453781512605,29.4303797468354,-1.41070677801191
-70.9579831932773,29.4303797468354,-1.54128806221515
-70.4621848739496,29.4303797468354,-1.66961357018359
-69.9663865546218,29.4303797468354,-1.79557763057392
-69.4705882352941,29.4303797468354,-1.91915353269113
-68.9747899159664,29.4303797468354,-2.04037191240384
-68.4789915966387,29.4303797468354,-2.15930212784521
-67.9831932773109,29.4303797468354,-2.27603669685267
-67.4873949579832,29.4303797468354,-2.39067874366736
-66.9915966386555,29.4303797468354,-2.5033322978822
-66.4957983193277,29.4303797468354,-2.61409521012715
-66,29.4303797468354,-2.72305438608355
-125,29.746835443038,3.28797437009286
-124.504201680672,29.746835443038,3.17717061952315
-124.008403361345,29.746835443038,3.05750327800303
-123.512605042017,29.746835443038,2.92890553561556
-123.016806722689,29.746835443038,2.79125001878656
-122.521008403361,29.746835443038,2.64431486298709
-122.025210084034,29.746835443038,2.48778432076109
-121.529411764706,29.746835443038,2.32131147320923
-121.033613445378,29.746835443038,2.14466808604324
-120.53781512605,29.746835443038,1.95799170256648
-120.042016806723,29.746835443038,1.76210911840684
-119.546218487395,29.746835443038,1.55887039833993
-119.050420168067,29.746835443038,1.35138101998552
-118.55462184874,29.746835443038,1.14399755456122
-118.058823529412,29.746835443038,0.941987380679766
-117.563025210084,29.746835443038,0.75086142571763
-117.067226890756,29.746835443038,0.575538564076274
-116.571428571429,29.746835443038,0.419608942565684
-116.075630252101,29.746835443038,0.284953319894006
-115.579831932773,29.746835443038,0.171838439644691
-115.084033613445,29.746835443038,0.0794102923534425
-114.588235294118,29.746835443038,0.00633562867285844
-114.09243697479,29.746835443038,-0.0487348223451343
-113.596638655462,29.746835443038,-0.0871540592845269
-113.100840336134,29.746835443038,-0.110805216414145
-112.605042016807,29.746835443038,-0.122973156761698
-112.109243697479,29.746835443038,-0.129082287602407
-111.613445378151,29.746835443038,-0.13671743730282
-111.117647058824,29.746835443038,-0.154555612391273
-110.621848739496,29.746835443038,-0.190266671515259
-110.126050420168,29.746835443038,-0.247964737244328
-109.63025210084,29.746835443038,-0.32627188890139
-109.134453781513,29.746835443038,-0.418012732523058
-108.638655462185,29.746835443038,-0.511702063593686
-108.142857142857,29.746835443038,-0.594032851710069
-107.647058823529,29.746835443038,-0.652430215160827
-107.151260504202,29.746835443038,-0.677219142868062
-106.655462184874,29.746835443038,-0.663298125260334
-106.159663865546,29.746835443038,-0.611155191559964
-105.663865546218,29.746835443038,-0.526772552853002
-105.168067226891,29.746835443038,-0.420070017904333
-104.672268907563,29.746835443038,-0.302483376516986
-104.176470588235,29.746835443038,-0.184861388797701
-103.680672268908,29.746835443038,-0.076313798633106
-103.18487394958,29.746835443038,0.0160959083453534
-102.689075630252,29.746835443038,0.087212939531415
-102.193277310924,29.746835443038,0.133527401532924
-101.697478991597,29.746835443038,0.152988426501314
-101.201680672269,29.746835443038,0.145384697749126
-100.705882352941,29.746835443038,0.113944516163982
-100.210084033613,29.746835443038,0.0668075558385285
-99.7142857142857,29.746835443038,0.0161029735296775
-99.218487394958,29.746835443038,-0.0246819522323784
-98.7226890756303,29.746835443038,-0.0465449800691105
-98.2268907563025,29.746835443038,-0.0485078742371806
-97.7310924369748,29.746835443038,-0.0365483619786764
-97.2352941176471,29.746835443038,-0.0195689984672929
-96.7394957983193,29.746835443038,-0.00583594983303722
-96.2436974789916,29.746835443038,0.00277992259461215
-95.7478991596639,29.746835443038,0.0105581547135506
-95.2521008403361,29.746835443038,0.0237420713957958
-94.7563025210084,29.746835443038,0.0436353801424913
-94.2605042016807,29.746835443038,0.0640361188656068
-93.7647058823529,29.746835443038,0.0766989000932426
-93.2689075630252,29.746835443038,0.0774833326920617
-92.7731092436975,29.746835443038,0.0694599710643304
-92.2773109243697,29.746835443038,0.0606085497931839
-91.781512605042,29.746835443038,0.0589872758550257
-91.2857142857143,29.746835443038,0.0678968099319577
-90.7899159663866,29.746835443038,0.083968024006103
-90.2941176470588,29.746835443038,0.099134991853829
-89.7983193277311,29.746835443038,0.104312856717857
-89.3025210084034,29.746835443038,0.0973575409716343
-88.8067226890756,29.746835443038,0.0840289113879286
-88.3109243697479,29.746835443038,0.0729428079226377
-87.8151260504202,29.746835443038,0.0716603623247449
-87.3193277310924,29.746835443038,0.085342723661315
-86.8235294117647,29.746835443038,0.114700815943296
-86.327731092437,29.746835443038,0.154186011640267
-85.8319327731092,29.746835443038,0.19227267222474
-85.3361344537815,29.746835443038,0.214869949143821
-84.8403361344538,29.746835443038,0.209827007918284
-84.344537815126,29.746835443038,0.172398598721176
-83.8487394957983,29.746835443038,0.109481433852674
-83.3529411764706,29.746835443038,0.037898288581505
-82.8571428571429,29.746835443038,-0.0199630936894009
-82.3613445378151,29.746835443038,-0.0439164884739327
-81.8655462184874,29.746835443038,-0.0243604036848047
-81.3697478991597,29.746835443038,0.0305033216386848
-80.8739495798319,29.746835443038,0.100145252439972
-80.3781512605042,29.746835443038,0.16528346714177
-79.8823529411765,29.746835443038,0.212537853005
-79.3865546218487,29.746835443038,0.235572063021472
-78.890756302521,29.746835443038,0.233199238322388
-78.3949579831933,29.746835443038,0.206806999241094
-77.8991596638655,29.746835443038,0.158717829301538
-77.4033613445378,29.746835443038,0.0914936929053358
-76.9075630252101,29.746835443038,0.00772736171615769
-76.4117647058823,29.746835443038,-0.0900063259247531
-75.9159663865546,29.746835443038,-0.199183928079131
-75.4201680672269,29.746835443038,-0.317387109602009
-74.9243697478992,29.746835443038,-0.442367508464292
-74.4285714285714,29.746835443038,-0.572104877805864
-73.9327731092437,29.746835443038,-0.704846255877129
-73.436974789916,29.746835443038,-0.839122360280295
-72.9411764705882,29.746835443038,-0.973743687690999
-72.4453781512605,29.746835443038,-1.10778177079322
-71.9495798319328,29.746835443038,-1.2405413782374
-71.453781512605,29.746835443038,-1.37152841259881
-70.9579831932773,29.746835443038,-1.50041682199177
-70.4621848739496,29.746835443038,-1.62701661267597
-69.9663865546218,29.746835443038,-1.75124417027118
-69.4705882352941,29.746835443038,-1.87309556236429
-68.9747899159664,29.746835443038,-1.99262316900594
-68.4789915966387,29.746835443038,-2.10991579407584
-67.9831932773109,29.746835443038,-2.22508226513288
-67.4873949579832,29.746835443038,-2.33823840683748
-66.9915966386555,29.746835443038,-2.44949717966699
-66.4957983193277,29.746835443038,-2.55896168508252
-66,29.746835443038,-2.66672068231908
-125,30.0632911392405,3.23700718253238
-124.504201680672,30.0632911392405,3.12799476042746
-124.008403361345,30.0632911392405,3.01022036067698
-123.512605042017,30.0632911392405,2.88368257548825
-123.016806722689,30.0632911392405,2.7483006305664
-122.521008403361,30.0632911392405,2.60385456624137
-122.025210084034,30.0632911392405,2.44995831813941
-121.529411764706,30.0632911392405,2.28610210726507
-121.033613445378,30.0632911392405,2.11180182616796
-120.53781512605,30.0632911392405,1.9268792026654
-120.042016806723,30.0632911392405,1.73186058281569
-119.546218487395,30.0632911392405,1.5284230817438
-119.050420168067,30.0632911392405,1.31974698792012
-118.55462184874,30.0632911392405,1.11058642160274
-118.058823529412,30.0632911392405,0.90689856025276
-117.563025210084,30.0632911392405,0.715013378420257
-117.067226890756,30.0632911392405,0.540545886016322
-116.571428571429,30.0632911392405,0.387424740840402
-116.075630252101,30.0632911392405,0.257405558532652
-115.579831932773,30.0632911392405,0.150242174340461
-115.084033613445,30.0632911392405,0.0644115556062731
-114.588235294118,30.0632911392405,-0.00194695368681551
-114.09243697479,30.0632911392405,-0.0503262000009768
-113.596638655462,30.0632911392405,-0.0817662282460708
-113.100840336134,30.0632911392405,-0.0975466241349094
-112.605042016807,30.0632911392405,-0.100446018642296
-112.109243697479,30.0632911392405,-0.095934001693268
-111.613445378151,30.0632911392405,-0.0924623620001154
-111.117647058824,30.0632911392405,-0.10031939277602
-110.621848739496,30.0632911392405,-0.129070147855396
-110.126050420168,30.0632911392405,-0.184240642778833
-109.63025210084,30.0632911392405,-0.264670788218371
-109.134453781513,30.0632911392405,-0.36207948856405
-108.638655462185,30.0632911392405,-0.463074362685478
-108.142857142857,30.0632911392405,-0.552309181675813
-107.647058823529,30.0632911392405,-0.615449424692146
-107.151260504202,30.0632911392405,-0.641538469065449
-106.655462184874,30.0632911392405,-0.624845094841555
-106.159663865546,30.0632911392405,-0.566135222361199
-105.663865546218,30.0632911392405,-0.472705129217638
-105.168067226891,30.0632911392405,-0.356344250380516
-104.672268907563,30.0632911392405,-0.230084199588808
-104.176470588235,30.0632911392405,-0.105641094678853
-103.680672268908,30.0632911392405,0.00770039324939772
-103.18487394958,30.0632911392405,0.103115115581977
-102.689075630252,30.0632911392405,0.175810810866081
-102.193277310924,30.0632911392405,0.222541392210672
-101.697478991597,30.0632911392405,0.241088393023494
-101.201680672269,30.0632911392405,0.230161369349394
-100.705882352941,30.0632911392405,0.191153619137431
-100.210084033613,30.0632911392405,0.131176852797907
-99.7142857142857,30.0632911392405,0.0636958990885552
-99.218487394958,30.0632911392405,0.00474786257032453
-98.7226890756303,30.0632911392405,-0.0342316126023592
-98.2268907563025,30.0632911392405,-0.0498004836820954
-97.7310924369748,30.0632911392405,-0.0456214675753924
-97.2352941176471,30.0632911392405,-0.0305890569009478
-96.7394957983193,30.0632911392405,-0.0121960107081447
-96.2436974789916,30.0632911392405,0.00644689279520295
-95.7478991596639,30.0632911392405,0.0264945646412173
-95.2521008403361,30.0632911392405,0.0507862956753133
-94.7563025210084,30.0632911392405,0.0782880606249144
-94.2605042016807,30.0632911392405,0.101706071027003
-93.7647058823529,30.0632911392405,0.112787441122363
-93.2689075630252,30.0632911392405,0.107725687620882
-92.7731092436975,30.0632911392405,0.0907261372653938
-92.2773109243697,30.0632911392405,0.0713786232699317
-91.781512605042,30.0632911392405,0.0588893147521438
-91.2857142857143,30.0632911392405,0.0569890638917965
-90.7899159663866,30.0632911392405,0.062545718235443
-90.2941176470588,30.0632911392405,0.0682589667293635
-89.7983193277311,30.0632911392405,0.0659705132111198
-89.3025210084034,30.0632911392405,0.0531403128173879
-88.8067226890756,30.0632911392405,0.0348816091072706
-88.3109243697479,30.0632911392405,0.0198293524206723
-87.8151260504202,30.0632911392405,0.0161491419286181
-87.3193277310924,30.0632911392405,0.0299950795855759
-86.8235294117647,30.0632911392405,0.063005836129623
-86.327731092437,30.0632911392405,0.10982909247255
-85.8319327731092,30.0632911392405,0.158234159208388
-85.3361344537815,30.0632911392405,0.193479526022723
-84.8403361344538,30.0632911392405,0.203123034616989
-84.344537815126,30.0632911392405,0.182133606378744
-83.8487394957983,30.0632911392405,0.137050721051255
-83.3529411764706,30.0632911392405,0.0840006631661464
-82.8571428571429,30.0632911392405,0.0419924666856244
-82.3613445378151,30.0632911392405,0.0273787897972746
-81.8655462184874,30.0632911392405,0.0455850625455171
-81.3697478991597,30.0632911392405,0.0874564515704788
-80.8739495798319,30.0632911392405,0.137657746813989
-80.3781512605042,30.0632911392405,0.184838160202955
-79.8823529411765,30.0632911392405,0.219964514480365
-79.3865546218487,30.0632911392405,0.237245563636965
-78.890756302521,30.0632911392405,0.234017605105087
-78.3949579831933,30.0632911392405,0.209756846655356
-77.8991596638655,30.0632911392405,0.165202860904271
-77.4033613445378,30.0632911392405,0.101858815027381
-76.9075630252101,30.0632911392405,0.02173090472499
-76.4117647058823,30.0632911392405,-0.0728480903211723
-75.9159663865546,30.0632911392405,-0.179381127230108
-75.4201680672269,30.0632911392405,-0.29536354919658
-74.9243697478992,30.0632911392405,-0.418419310902289
-74.4285714285714,30.0632911392405,-0.54640219576999
-73.9327731092437,30.0632911392405,-0.677456401812617
-73.436974789916,30.0632911392405,-0.810039891717423
-72.9411764705882,30.0632911392405,-0.942919237550404
-72.4453781512605,30.0632911392405,-1.07514594628637
-71.9495798319328,30.0632911392405,-1.20602282643886
-71.453781512605,30.0632911392405,-1.33506649143982
-70.9579831932773,30.0632911392405,-1.4619697826914
-70.4621848739496,30.0632911392405,-1.58656620914063
-69.9663865546218,30.0632911392405,-1.70879748197398
-69.4705882352941,30.0632911392405,-1.8286846688208
-68.9747899159664,30.0632911392405,-1.94630321286785
-68.4789915966387,30.0632911392405,-2.06176190104151
-67.9831932773109,30.0632911392405,-2.17518573124057
-67.4873949579832,30.0632911392405,-2.2867025217416
-66.9915966386555,30.0632911392405,-2.39643299508661
-66.4957983193277,30.0632911392405,-2.50448398236917
-66,30.0632911392405,-2.61094433009431
-125,30.379746835443,3.18206625417279
-124.504201680672,30.379746835443,3.07468392054114
-124.008403361345,30.379746835443,2.95865221012283
-123.512605042017,30.379746835443,2.83406426520565
-123.016806722689,30.379746835443,2.70092159709249
-122.521008403361,30.379746835443,2.55904236804576
-122.025210084034,30.379746835443,2.40799704894929
-121.529411764706,30.379746835443,2.24711783026678
-121.033613445378,30.379746835443,2.07563546121041
-120.53781512605,30.379746835443,1.89298681989684
-120.042016806723,30.379746835443,1.69929716409656
-119.546218487395,30.379746835443,1.4959662592855
-119.050420168067,30.379746835443,1.28618677782635
-118.55462184874,30.379746835443,1.07513694349273
-118.058823529412,30.379746835443,0.869596267035154
-117.563025210084,30.379746835443,0.67691260941148
-117.067226890756,30.379746835443,0.503573772614911
-116.571428571429,30.379746835443,0.353910761327327
-116.075630252101,30.379746835443,0.229462214221151
-115.579831932773,30.379746835443,0.129245053609843
-115.084033613445,30.379746835443,0.0507884903615362
-114.588235294118,30.379746835443,-0.00852542784320742
-114.09243697479,30.379746835443,-0.050420004922646
-113.596638655462,30.379746835443,-0.0755136929513675
-113.100840336134,30.379746835443,-0.0841933263850804
-112.605042016807,30.379746835443,-0.0783711441097219
-112.109243697479,30.379746835443,-0.0633032926489038
-111.613445378151,30.379746835443,-0.048263121119957
-111.117647058824,30.379746835443,-0.0453342734560972
-110.621848739496,30.379746835443,-0.0663454330657475
-110.126050420168,30.379746835443,-0.118601098564074
-109.63025210084,30.379746835443,-0.201251041318436
-109.134453781513,30.379746835443,-0.304686063340606
-108.638655462185,30.379746835443,-0.413324808317351
-108.142857142857,30.379746835443,-0.509643389240135
-107.647058823529,30.379746835443,-0.577526982392224
-107.151260504202,30.379746835443,-0.604748504831228
-106.655462184874,30.379746835443,-0.584936851524891
-106.159663865546,30.379746835443,-0.519169250780464
-105.663865546218,30.379746835443,-0.41635695971401
-105.168067226891,30.379746835443,-0.290566855089052
-104.672268907563,30.379746835443,-0.156561701675302
-104.176470588235,30.379746835443,-0.0267569348142996
-103.680672268908,30.379746835443,0.0897231371997262
-103.18487394958,30.379746835443,0.186659250707965
-102.689075630252,30.379746835443,0.25994313119085
-102.193277310924,30.379746835443,0.30692427122425
-101.697478991597,30.379746835443,0.325589962796294
-101.201680672269,30.379746835443,0.313789785984201
-100.705882352941,30.379746835443,0.270861657155279
-100.210084033613,30.379746835443,0.202682080010692
-99.7142857142857,30.379746835443,0.123218885195752
-99.218487394958,30.379746835443,0.0503984955866771
-98.7226890756303,30.379746835443,-0.00247740337564494
-98.2268907563025,30.379746835443,-0.02991092700941
-97.7310924369748,30.379746835443,-0.0336783242631508
-97.2352941176471,30.379746835443,-0.0219244012713854
-96.7394957983193,30.379746835443,-0.00106919476736699
-96.2436974789916,30.379746835443,0.025097442622139
-95.7478991596639,30.379746835443,0.0551660885808515
-95.2521008403361,30.379746835443,0.0884964538887844
-94.7563025210084,30.379746835443,0.121463499884979
-94.2605042016807,30.379746835443,0.146111187638072
-93.7647058823529,30.379746835443,0.154475622752952
-93.2689075630252,30.379746835443,0.143323041447395
-92.7731092436975,30.379746835443,0.117845064173845
-92.2773109243697,30.379746835443,0.0886966784103476
-91.781512605042,30.379746835443,0.0653298451741942
-91.2857142857143,30.379746835443,0.0513585734405976
-90.7899159663866,30.379746835443,0.0445191560995584
-90.2941176470588,30.379746835443,0.0392582538498906
-89.7983193277311,30.379746835443,0.0288806293551401
-89.3025210084034,30.379746835443,0.0104966512704841
-88.8067226890756,30.379746835443,-0.0118219411011739
-88.3109243697479,30.379746835443,-0.0300407452747014
-87.8151260504202,30.379746835443,-0.0358632995800582
-87.3193277310924,30.379746835443,-0.022428086194077
-86.8235294117647,30.379746835443,0.012703435011284
-86.327731092437,30.379746835443,0.0641896968532092
-85.8319327731092,30.379746835443,0.119287519791055
-85.3361344537815,30.379746835443,0.163455500725443
-84.8403361344538,30.379746835443,0.185149469515419
-84.344537815126,30.379746835443,0.179909985125483
-83.8487394957983,30.379746835443,0.153659703086731
-83.3529411764706,30.379746835443,0.120917434549805
-82.8571428571429,30.379746835443,0.0967787403108596
-82.3613445378151,30.379746835443,0.0933161592325662
-81.8655462184874,30.379746835443,0.111618725710623
-81.3697478991597,30.379746835443,0.141810501521318
-80.8739495798319,30.379746835443,0.173937943647697
-80.3781512605042,30.379746835443,0.203625120180352
-79.8823529411765,30.379746835443,0.226285575467054
-79.3865546218487,30.379746835443,0.237066009702281
-78.890756302521,30.379746835443,0.232188649585316
-78.3949579831933,30.379746835443,0.209393648362121
-77.8991596638655,30.379746835443,0.167869642898005
-77.4033613445378,30.379746835443,0.108038502057846
-76.9075630252101,30.379746835443,0.0312938980528742
-76.4117647058823,30.379746835443,-0.0602881488759432
-75.9159663865546,30.379746835443,-0.164243032170183
-75.4201680672269,30.379746835443,-0.277983697684547
-74.9243697478992,30.379746835443,-0.39901293175997
-74.4285714285714,30.379746835443,-0.525069194343917
-73.9327731092437,30.379746835443,-0.654207734503676
-73.436974789916,30.379746835443,-0.78482895130833
-72.9411764705882,30.379746835443,-0.915670109572395
-72.4453781512605,30.379746835443,-1.04577552034835
-71.9495798319328,30.379746835443,-1.17445657678568
-71.453781512605,30.379746835443,-1.30124888691576
-70.9579831932773,30.379746835443,-1.42587048687436
-70.4621848739496,30.379746835443,-1.54818304779328
-69.9663865546218,30.379746835443,-1.66815691783415
-69.4705882352941,30.379746835443,-1.78584035461315
-68.9747899159664,30.379746835443,-1.90133309923811
-68.4789915966387,30.379746835443,-2.01476432694576
-67.9831932773109,30.379746835443,-2.12627490003358
-67.4873949579832,30.379746835443,-2.23600372606197
-66.9915966386555,30.379746835443,-2.34407790609305
-66.4957983193277,30.379746835443,-2.45060625839844
-66,30.379746835443,-2.55567573315446
-125,30.6962025316456,3.12307372360084
-124.504201680672,30.6962025316456,3.01711201259672
-124.008403361345,30.6962025316456,2.90261073462896
-123.512605042017,30.6962025316456,2.77979041624428
-123.016806722689,30.6962025316456,2.6487784346816
-122.521008403361,30.6962025316456,2.50947946469236
-122.025210084034,30.6962025316456,2.36146238735721
-121.529411764706,30.6962025316456,2.20392062026346
-121.033613445378,30.6962025316456,2.03577890042808
-120.53781512605,30.6962025316456,1.85601636221782
-120.042016806723,30.6962025316456,1.66423615983553
-119.546218487395,30.6962025316456,1.46142157118286
-119.050420168067,30.6962025316456,1.25067910943227
-118.55462184874,30.6962025316456,1.0376228030882
-118.058823529412,30.6962025316456,0.830012070842277
-117.563025210084,30.6962025316456,0.636470704341622
-117.067226890756,30.6962025316456,0.464596519225304
-116.571428571429,30.6962025316456,0.319213141138346
-116.075630252101,30.6962025316456,0.201528856854567
-115.579831932773,30.6962025316456,0.109538524807126
-115.084033613445,30.6962025316456,0.0394639505435473
-114.588235294118,30.6962025316456,-0.0123756023735047
-114.09243697479,30.6962025316456,-0.0480691398638594
-113.596638655462,30.6962025316456,-0.0677115222077612
-113.100840336134,30.6962025316456,-0.0704574214612412
-112.605042016807,30.6962025316456,-0.0568959042801458
-112.109243697479,30.6962025316456,-0.0317326088550661
-111.613445378151,30.6962025316456,-0.00497215037474304
-111.117647058824,30.6962025316456,0.00936925597928566
-110.621848739496,30.6962025316456,-0.00316006192912624
-110.126050420168,30.6962025316456,-0.0520582617493637
-109.63025210084,30.6962025316456,-0.136884086214293
-109.134453781513,30.6962025316456,-0.246426008692616
-108.638655462185,30.6962025316456,-0.362631651321813
-108.142857142857,30.6962025316456,-0.465750574868908
-107.647058823529,30.6962025316456,-0.537962650980106
-107.151260504202,30.6962025316456,-0.565860845002853
-106.655462184874,30.6962025316456,-0.54247772765824
-106.159663865546,30.6962025316456,-0.46918397402024
-105.663865546218,30.6962025316456,-0.356860046038165
-105.168067226891,30.6962025316456,-0.222345082345788
-104.672268907563,30.6962025316456,-0.082193835814094
-104.176470588235,30.6962025316456,0.0507490265994278
-103.680672268908,30.6962025316456,0.167933754626847
-103.18487394958,30.6962025316456,0.264169041636066
-102.689075630252,30.6962025316456,0.336331886124869
-102.193277310924,30.6962025316456,0.382650553014871
-101.697478991597,30.6962025316456,0.401675864143244
-101.201680672269,30.6962025316456,0.390859648617041
-100.705882352941,30.6962025316456,0.347544511912705
-100.210084033613,30.6962025316456,0.275661285063855
-99.7142857142857,30.6962025316456,0.189219220182052
-99.218487394958,30.6962025316456,0.10691705584959
-98.7226890756303,30.6962025316456,0.0433267541413113
-98.2268907563025,30.6962025316456,0.00563627788838791
-97.7310924369748,30.6962025316456,-0.00647543357435192
-97.2352941176471,30.6962025316456,0.000834178844655986
-96.7394957983193,30.6962025316456,0.0222441666046043
-96.2436974789916,30.6962025316456,0.0535579895075507
-95.7478991596639,30.6962025316456,0.0910540481922316
-95.2521008403361,30.6962025316456,0.130878832202407
-94.7563025210084,30.6962025316456,0.167136369593847
-94.2605042016807,30.6962025316456,0.191610256081544
-93.7647058823529,30.6962025316456,0.196842911063922
-93.2689075630252,30.6962025316456,0.180447572494096
-92.7731092436975,30.6962025316456,0.148239135118511
-92.2773109243697,30.6962025316456,0.11090608755438
-91.781512605042,30.6962025316456,0.0773894902836003
-91.2857142857143,30.6962025316456,0.0512782708852455
-90.7899159663866,30.6962025316456,0.031678974708031
-90.2941176470588,30.6962025316456,0.0150139491081705
-89.7983193277311,30.6962025316456,-0.00389629632818592
-89.3025210084034,30.6962025316456,-0.0277395895990859
-88.8067226890756,30.6962025316456,-0.053383571029764
-88.3109243697479,30.6962025316456,-0.0737796236073449
-87.8151260504202,30.6962025316456,-0.0810807270608983
-87.3193277310924,30.6962025316456,-0.0683882434069659
-86.8235294117647,30.6962025316456,-0.0329066720674138
-86.327731092437,30.6962025316456,0.0194846380220198
-85.8319327731092,30.6962025316456,0.0759618811682536
-85.3361344537815,30.6962025316456,0.123256236404696
-84.8403361344538,30.6962025316456,0.151997199806421
-84.344537815126,30.6962025316456,0.159216102667899
-83.8487394957983,30.6962025316456,0.150708084761963
-83.3529411764706,30.6962025316456,0.138467235534322
-82.8571428571429,30.6962025316456,0.133141432823669
-82.3613445378151,30.6962025316456,0.142067268153748
-81.8655462184874,30.6962025316456,0.162203666924895
-81.3697478991597,30.6962025316456,0.183282598406535
-80.8739495798319,30.6962025316456,0.200296956662328
-80.3781512605042,30.6962025316456,0.215162354134441
-79.8823529411765,30.6962025316456,0.227200437426233
-79.3865546218487,30.6962025316456,0.23249581483798
-78.890756302521,30.6962025316456,0.226406648321197
-78.3949579831933,30.6962025316456,0.205173030647894
-77.8991596638655,30.6962025316456,0.166589707456458
-77.4033613445378,30.6962025316456,0.110097987407243
-76.9075630252101,30.6962025316456,0.0365489428669049
-76.4117647058823,30.6962025316456,-0.0521880912451837
-75.9159663865546,30.6962025316456,-0.153648057995679
-75.4201680672269,30.6962025316456,-0.265145037596576
-74.9243697478992,30.6962025316456,-0.384058755551162
-74.4285714285714,30.6962025316456,-0.508021461374375
-73.9327731092437,30.6962025316456,-0.635015025566842
-73.436974789916,30.6962025316456,-0.763400027863685
-72.9411764705882,30.6962025316456,-0.891901270897672
-72.4453781512605,30.6962025316456,-1.0195701973398
-71.9495798319328,30.6962025316456,-1.1457381497885
-71.453781512605,30.6962025316456,-1.26996836887277
-70.9579831932773,30.6962025316456,-1.39201048322736
-70.4621848739496,30.6962025316456,-1.5117589646415
-69.9663865546218,30.6962025316456,-1.62921604416909
-69.4705882352941,30.6962025316456,-1.74445926931585
-68.9747899159664,30.6962025316456,-1.85761379744771
-68.4789915966387,30.6962025316456,-1.96882945478376
-67.9831932773109,30.6962025316456,-2.0782624867043
-67.4873949579832,30.6962025316456,-2.18606178466035
-66.9915966386555,30.6962025316456,-2.29235922458355
-66.4957983193277,30.6962025316456,-2.39726364271459
-66,30.6962025316456,-2.50085789051989
-125,31.0126582278481,3.059991156225
-124.504201680672,31.0126582278481,2.95519116929996
-124.008403361345,31.0126582278481,2.84193974516515
-123.512605042017,31.0126582278481,2.72062010620249
-123.016806722689,31.0126582278481,2.59153674500495
-122.521008403361,31.0126582278481,2.4547428427284
-122.025210084034,31.0126582278481,2.30986615607961
-121.529411764706,31.0126582278481,2.15600062470661
-121.033613445378,31.0126582278481,1.99175913092253
-120.53781512605,31.0126582278481,1.81559165673034
-120.042016806723,31.0126582278481,1.62643855516634
-119.546218487395,31.0126582278481,1.42468560899986
-119.050420168067,31.0126582278481,1.21320393466198
-118.55462184874,31.0126582278481,0.998026367373554
-118.058823529412,31.0126582278481,0.788074585869518
-117.563025210084,31.0126582278481,0.593581628725388
-117.067226890756,31.0126582278481,0.423571821201076
-116.571428571429,31.0126582278481,0.283485667996416
-116.075630252101,31.0126582278481,0.17406277314468
-115.579831932773,31.0126582278481,0.0919219265974484
-115.084033613445,31.0126582278481,0.0315276623722803
-114.588235294118,31.0126582278481,-0.0122528639940743
-114.09243697479,31.0126582278481,-0.0420649346337883
-113.596638655462,31.0126582278481,-0.0573994374758592
-113.100840336134,31.0126582278481,-0.0558054627667499
-112.605042016807,31.0126582278481,-0.035986929634549
-112.109243697479,31.0126582278481,-0.0016895428147751
-111.613445378151,31.0126582278481,0.0364625221013016
-111.117647058824,31.0126582278481,0.0624670919746225
-110.621848739496,31.0126582278481,0.0589823793345512
-110.126050420168,31.0126582278481,0.0139029113530437
-109.63025210084,31.0126582278481,-0.0728282606854921
-109.134453781513,31.0126582278481,-0.188113025139203
-108.638655462185,31.0126582278481,-0.311206258657056
-108.142857142857,31.0126582278481,-0.420216226497493
-107.647058823529,31.0126582278481,-0.495788828372382
-107.151260504202,31.0126582278481,-0.523496192109104
-106.655462184874,31.0126582278481,-0.495951273124021
-106.159663865546,31.0126582278481,-0.41475001979976
-105.663865546218,31.0126582278481,-0.293142402134771
-105.168067226891,31.0126582278481,-0.151265960811476
-104.672268907563,31.0126582278481,-0.00735876521107741
-104.176470588235,31.0126582278481,0.125672862354569
-103.680672268908,31.0126582278481,0.240312522965353
-103.18487394958,31.0126582278481,0.332879929564998
-102.689075630252,31.0126582278481,0.401524704546334
-102.193277310924,31.0126582278481,0.445553130499076
-101.697478991597,31.0126582278481,0.464287412794412
-101.201680672269,31.0126582278481,0.455156281047429
-100.705882352941,31.0126582278481,0.414384574782909
-100.210084033613,31.0126582278481,0.342736871547489
-99.7142857142857,31.0126582278481,0.253636774413305
-99.218487394958,31.0126582278481,0.165628567299928
-98.7226890756303,31.0126582278481,0.0940110262998134
-98.2268907563025,31.0126582278481,0.0473949146548523
-97.7310924369748,31.0126582278481,0.0269714542188524
-97.2352941176471,31.0126582278481,0.028880131764876
-96.7394957983193,31.0126582278481,0.0495649237800827
-96.2436974789916,31.0126582278481,0.0842540427349691
-95.7478991596639,31.0126582278481,0.126851100697315
-95.2521008403361,31.0126582278481,0.170751810399404
-94.7563025210084,31.0126582278481,0.20848499110243
-94.2605042016807,31.0126582278481,0.231862598324351
-93.7647058823529,31.0126582278481,0.234334708150915
-93.2689075630252,31.0126582278481,0.214407350425578
-92.7731092436975,31.0126582278481,0.177981328044119
-92.2773109243697,31.0126582278481,0.134775495004562
-91.781512605042,31.0126582278481,0.0928732027743397
-91.2857142857143,31.0126582278481,0.056202192929621
-90.7899159663866,31.0126582278481,0.0251952527190502
-90.2941176470588,31.0126582278481,-0.002294409927719
-89.7983193277311,31.0126582278481,-0.0297998769917692
-89.3025210084034,31.0126582278481,-0.0590304612877241
-88.8067226890756,31.0126582278481,-0.087256661436343
-88.3109243697479,31.0126582278481,-0.108527916828358
-87.8151260504202,31.0126582278481,-0.11599592070608
-87.3193277310924,31.0126582278481,-0.103729902842518
-86.8235294117647,31.0126582278481,-0.069768504854672
-86.327731092437,31.0126582278481,-0.0207258780412161
-85.8319327731092,31.0126582278481,0.0309763050366346
-85.3361344537815,31.0126582278481,0.0743524909065321
-84.8403361344538,31.0126582278481,0.103524451165523
-84.344537815126,31.0126582278481,0.118224613334471
-83.8487394957983,31.0126582278481,0.124316656423051
-83.3529411764706,31.0126582278481,0.130996862452511
-82.8571428571429,31.0126582278481,0.143999903197291
-82.3613445378151,31.0126582278481,0.165365249672371
-81.8655462184874,31.0126582278481,0.188676478570022
-81.3697478991597,31.0126582278481,0.203937012381545
-80.8739495798319,31.0126582278481,0.209947398795349
-80.3781512605042,31.0126582278481,0.21430980825486
-79.8823529411765,31.0126582278481,0.219223974186913
-79.3865546218487,31.0126582278481,0.221438735176235
-78.890756302521,31.0126582278481,0.215586653725113
-78.3949579831933,31.0126582278481,0.19665465171443
-77.8991596638655,31.0126582278481,0.161280306431952
-77.4033613445378,31.0126582278481,0.108121372305995
-76.9075630252101,31.0126582278481,0.0376380830126318
-76.4117647058823,31.0126582278481,-0.0483996338474768
-75.9159663865546,31.0126582278481,-0.147459017144606
-75.4201680672269,31.0126582278481,-0.256721482419126
-74.9243697478992,31.0126582278481,-0.373435592050767
-74.4285714285714,31.0126582278481,-0.495136478558382
-73.9327731092437,31.0126582278481,-0.619750688971379
-73.436974789916,31.0126582278481,-0.745619433212663
-72.9411764705882,31.0126582278481,-0.871473796220186
-72.4453781512605,31.0126582278481,-0.996387622901293
-71.9495798319328,31.0126582278481,-1.11972381152205
-71.453781512605,31.0126582278481,-1.24108175106206
-70.9579831932773,31.0126582278481,-1.36024882582704
-70.4621848739496,31.0126582278481,-1.47715672613788
-69.9663865546218,31.0126582278481,-1.59184264167425
-69.4705882352941,31.0126582278481,-1.7044153753531
-68.9747899159664,31.0126582278481,-1.81502648989748
-68.4789915966387,31.0126582278481,-1.92384657635042
-67.9831932773109,31.0126582278481,-2.03104660584213
-67.4873949579832,31.0126582278481,-2.13678414246353
-66.9915966386555,31.0126582278481,-2.24119401049149
-66.4957983193277,31.0126582278481,-2.34438286717549
-66,31.0126582278481,-2.44642704133324
-125,31.3291139240506,2.9928296287583
-124.504201680672,31.3291139240506,2.88888485381571
-124.008403361345,31.3291139240506,2.77653056614949
-123.512605042017,31.3291139240506,2.65634845033034
-123.016806722689,31.3291139240506,2.52887791850438
-122.521008403361,31.3291139240506,2.39439696604357
-122.025210084034,31.3291139240506,2.25267465231235
-121.529411764706,31.3291139240506,2.10277114832423
-121.033613445378,31.3291139240506,1.94300526976298
-120.53781512605,31.3291139240506,1.77123641608077
-120.042016806723,31.3291139240506,1.58558597854786
-119.546218487395,31.3291139240506,1.38561402595487
-119.050420168067,31.3291139240506,1.173738760453
-118.55462184874,31.3291139240506,0.956344817202036
-118.058823529412,31.3291139240506,0.743718571379437
-117.563025210084,31.3291139240506,0.548130001414521
-117.067226890756,31.3291139240506,0.380447674806627
-116.571428571429,31.3291139240506,0.246892444970288
-116.075630252101,31.3291139240506,0.147565802793823
-115.579831932773,31.3291139240506,0.077282783016814
-115.084033613445,31.3291139240506,0.0282070289238035
-114.588235294118,31.3291139240506,-0.00672056046685548
-114.09243697479,31.3291139240506,-0.0309430218748153
-113.596638655462,31.3291139240506,-0.0433011975999038
-113.100840336134,31.3291139240506,-0.0393709667086542
-112.605042016807,31.3291139240506,-0.0153027453246946
-112.109243697479,31.3291139240506,0.0265881470949861
-111.613445378151,31.3291139240506,0.0751345505406351
-111.117647058824,31.3291139240506,0.112392609752312
-110.621848739496,31.3291139240506,0.118082398204305
-110.126050420168,31.3291139240506,0.077222259552424
-109.63025210084,31.3291139240506,-0.0107546233629731
-109.134453781513,31.3291139240506,-0.130739665125254
-108.638655462185,31.3291139240506,-0.259262476696614
-108.142857142857,31.3291139240506,-0.372500705712797
-107.647058823529,31.3291139240506,-0.449814665114786
-107.151260504202,31.3291139240506,-0.475909473601072
-106.655462184874,31.3291139240506,-0.443368573705312
-106.159663865546,31.3291139240506,-0.354089770400106
-105.663865546218,31.3291139240506,-0.224084850724187
-105.168067226891,31.3291139240506,-0.0770758739607554
-104.672268907563,31.3291139240506,0.0673546880596448
-104.176470588235,31.3291139240506,0.196641863240298
-103.680672268908,31.3291139240506,0.304727588534166
-103.18487394958,31.3291139240506,0.389963626000276
-102.689075630252,31.3291139240506,0.452160010194058
-102.193277310924,31.3291139240506,0.491828456448986
-101.697478991597,31.3291139240506,0.509080405513056
-101.201680672269,31.3291139240506,0.501532246511212
-100.705882352941,31.3291139240506,0.46463389520555
-100.210084033613,31.3291139240506,0.396424718649184
-99.7142857142857,31.3291139240506,0.308086762649884
-99.218487394958,31.3291139240506,0.217285593080664
-98.7226890756303,31.3291139240506,0.139717109921275
-98.2268907563025,31.3291139240506,0.0851170528064131
-97.7310924369748,31.3291139240506,0.0565878655446037
-97.2352941176471,31.3291139240506,0.0528129707133805
-96.7394957983193,31.3291139240506,0.072163874064968
-96.2436974789916,31.3291139240506,0.109013835017938
-95.7478991596639,31.3291139240506,0.154910212093857
-95.2521008403361,31.3291139240506,0.201037890985123
-94.7563025210084,31.3291139240506,0.238977444348568
-94.2605042016807,31.3291139240506,0.261114478521096
-93.7647058823529,31.3291139240506,0.261871309779384
-93.2689075630252,31.3291139240506,0.240539000901362
-92.7731092436975,31.3291139240506,0.202617366468788
-92.2773109243697,31.3291139240506,0.15644199807587
-91.781512605042,31.3291139240506,0.109120773385815
-91.2857142857143,31.3291139240506,0.0648044685657861
-90.7899159663866,31.3291139240506,0.02482872836129
-90.2941176470588,31.3291139240506,-0.011842466870818
-89.7983193277311,31.3291139240506,-0.0473220593511551
-89.3025210084034,31.3291139240506,-0.0815840868876928
-88.8067226890756,31.3291139240506,-0.111487504004236
-88.3109243697479,31.3291139240506,-0.131966850613023
-87.8151260504202,31.3291139240506,-0.137753266979434
-87.3193277310924,31.3291139240506,-0.125066677156298
-86.8235294117647,31.3291139240506,-0.0943545520724826
-86.327731092437,31.3291139240506,-0.0527657942860055
-85.8319327731092,31.3291139240506,-0.0117470543523134
-85.3361344537815,31.3291139240506,0.0208808835141628
-84.8403361344538,31.3291139240506,0.0436947467599635
-84.344537815126,31.3291139240506,0.0601195378794452
-83.8487394957983,31.3291139240506,0.0764812767458632
-83.3529411764706,31.3291139240506,0.0986797369182094
-82.8571428571429,31.3291139240506,0.127643397493212
-82.3613445378151,31.3291139240506,0.159866172839111
-81.8655462184874,31.3291139240506,0.186432453114813
-81.3697478991597,31.3291139240506,0.19870577424768
-80.8739495798319,31.3291139240506,0.198880598774964
-80.3781512605042,31.3291139240506,0.198051961870746
-79.8823529411765,31.3291139240506,0.200285984863241
-79.3865546218487,31.3291139240506,0.202661593224876
-78.890756302521,31.3291139240506,0.199135302652364
-78.3949579831933,31.3291139240506,0.183659171137524
-77.8991596638655,31.3291139240506,0.151985281670062
-77.4033613445378,31.3291139240506,0.102247525938525
-76.9075630252101,31.3291139240506,0.0347255239140908
-76.4117647058823,31.3291139240506,-0.0487618437918424
-75.9159663865546,31.3291139240506,-0.145523222427987
-75.4201680672269,31.3291139240506,-0.252563157582149
-74.9243697478992,31.3291139240506,-0.366989180714675
-74.4285714285714,31.3291139240506,-0.486251049009858
-73.9327731092437,31.3291139240506,-0.608241760437059
-73.436974789916,31.3291139240506,-0.731306437388748
-72.9411764705882,31.3291139240506,-0.854202547093215
-72.4453781512605,31.3291139240506,-0.9760417495966
-71.9495798319328,31.3291139240506,-1.09622959554064
-71.453781512605,31.3291139240506,-1.2144094516725
-70.9579831932773,31.3291139240506,-1.33041203381209
-70.4621848739496,31.3291139240506,-1.44421026870476
-69.9663865546218,31.3291139240506,-1.55587913722091
-69.4705882352941,31.3291139240506,-1.66556051157172
-68.9747899159664,31.3291139240506,-1.77343322673177
-68.4789915966387,31.3291139240506,-1.87968861493173
-67.9831932773109,31.3291139240506,-1.98451154307648
-67.4873949579832,31.3291139240506,-2.08806673224385
-66.9915966386555,31.3291139240506,-2.19048990158131
-66.4957983193277,31.3291139240506,-2.29188309998646
-66,31.3291139240506,-2.3923134881028
-125,31.6455696202532,2.92166024642907
-124.504201680672,31.6455696202532,2.81822255497766
-124.008403361345,31.6455696202532,2.70634073886043
-123.512605042017,31.6455696202532,2.58682817298154
-123.016806722689,31.6455696202532,2.46052121853886
-122.521008403361,31.6455696202532,2.32801282084132
-122.025210084034,31.6455696202532,2.18932037066033
-121.529411764706,31.6455696202532,2.04356901465695
-121.033613445378,31.6455696202532,1.88883530099553
-120.53781512605,31.6455696202532,1.72234867879013
-120.042016806723,31.6455696202532,1.54124932467341
-119.546218487395,31.6455696202532,1.34399561809388
-119.050420168067,31.6455696202532,1.13224870639163
-118.55462184874,31.6455696202532,0.912596991458602
-118.058823529412,31.6455696202532,0.696901410032936
-117.563025210084,31.6455696202532,0.500012889335484
-117.067226890756,31.6455696202532,0.33518699669773
-116.571428571429,31.6455696202532,0.20962600499643
-116.075630252101,31.6455696202532,0.12258125613424
-115.579831932773,31.6455696202532,0.0665636022232695
-115.084033613445,31.6455696202532,0.0308057058152938
-114.588235294118,31.6455696202532,0.00577189794059019
-114.09243697479,31.6455696202532,-0.0130476149555578
-113.596638655462,31.6455696202532,-0.0238251044927662
-113.100840336134,31.6455696202532,-0.0198707659576752
-112.605042016807,31.6455696202532,0.00595397746003044
-112.109243697479,31.6455696202532,0.0532923037917703
-111.613445378151,31.6455696202532,0.110446851582128
-111.117647058824,31.6455696202532,0.157601540884507
-110.621848739496,31.6455696202532,0.171803711227688
-110.126050420168,31.6455696202532,0.135399967437617
-109.63025210084,31.6455696202532,0.0474337908553708
-109.134453781513,31.6455696202532,-0.0753154818182729
-108.638655462185,31.6455696202532,-0.206977552907967
-108.142857142857,31.6455696202532,-0.321991978275819
-107.647058823529,31.6455696202532,-0.398783465392755
-107.151260504202,31.6455696202532,-0.4212428450126
-106.655462184874,31.6455696202532,-0.382407210263907
-106.159663865546,31.6455696202532,-0.285339617598151
-105.663865546218,31.6455696202532,-0.148937927216354
-105.168067226891,31.6455696202532,9.05590097560904e-06
-104.672268907563,31.6455696202532,0.140983036638623
-104.176470588235,31.6455696202532,0.262111311287061
-103.680672268908,31.6455696202532,0.359099886573704
-103.18487394958,31.6455696202532,0.432765317200651
-102.689075630252,31.6455696202532,0.485293475769999
-102.193277310924,31.6455696202532,0.518475658412766
-101.697478991597,31.6455696202532,0.532931721427637
-101.201680672269,31.6455696202532,0.526436553596825
-100.705882352941,31.6455696202532,0.49360227716249
-100.210084033613,31.6455696202532,0.430962467467299
-99.7142857142857,31.6455696202532,0.34583142005324
-99.218487394958,31.6455696202532,0.254257222114088
-98.7226890756303,31.6455696202532,0.172098360165206
-98.2268907563025,31.6455696202532,0.110137632365203
-97.7310924369748,31.6455696202532,0.0738797730129942
-97.2352941176471,31.6455696202532,0.0649299010588559
-96.7394957983193,31.6455696202532,0.0828997754114513
-96.2436974789916,31.6455696202532,0.120924844880527
-95.7478991596639,31.6455696202532,0.168683191813527
-95.2521008403361,31.6455696202532,0.215883275807424
-94.7563025210084,31.6455696202532,0.253562253811544
-94.2605042016807,31.6455696202532,0.274941730352323
-93.7647058823529,31.6455696202532,0.275351432589762
-93.2689075630252,31.6455696202532,0.25465319547561
-92.7731092436975,31.6455696202532,0.217890970784076
-92.2773109243697,31.6455696202532,0.172042120016238
-91.781512605042,31.6455696202532,0.123188307375555
-91.2857142857143,31.6455696202532,0.0752007601035199
-90.7899159663866,31.6455696202532,0.0294707424588539
-90.2941176470588,31.6455696202532,-0.0141574610785711
-89.7983193277311,31.6455696202532,-0.0562147687423459
-89.3025210084034,31.6455696202532,-0.094644495327006
-88.8067226890756,31.6455696202532,-0.125167549737229
-88.3109243697479,31.6455696202532,-0.143158186619197
-87.8151260504202,31.6455696202532,-0.145331930664915
-87.3193277310924,31.6455696202532,-0.131202498831199
-86.8235294117647,31.6455696202532,-0.104658715457153
-86.327731092437,31.6455696202532,-0.0738304629353187
-85.8319327731092,31.6455696202532,-0.0482524793289764
-85.3361344537815,31.6455696202532,-0.0317513017558087
-84.8403361344538,31.6455696202532,-0.0209716880543277
-84.344537815126,31.6455696202532,-0.00838815540457764
-83.8487394957983,31.6455696202532,0.0133386080170394
-83.3529411764706,31.6455696202532,0.0466601383502188
-82.8571428571429,31.6455696202532,0.0875867487641945
-82.3613445378151,31.6455696202532,0.127580132816647
-81.8655462184874,31.6455696202532,0.156308499336294
-81.3697478991597,31.6455696202532,0.167676048729445
-80.8739495798319,31.6455696202532,0.166812934420543
-80.3781512605042,31.6455696202532,0.165998049203136
-79.8823529411765,31.6455696202532,0.17006963963627
-79.3865546218487,31.6455696202532,0.176032588483803
-78.890756302521,31.6455696202532,0.17710627604717
-78.3949579831933,31.6455696202532,0.166356697827784
-77.8991596638655,31.6455696202532,0.138917074466877
-77.4033613445378,31.6455696202532,0.0926856087974316
-76.9075630252101,31.6455696202532,0.0280012108220647
-76.4117647058823,31.6455696202532,-0.0531010988133083
-75.9159663865546,31.6455696202532,-0.147671996896869
-75.4201680672269,31.6455696202532,-0.252494117062348
-74.9243697478992,31.6455696202532,-0.36452826401089
-74.4285714285714,31.6455696202532,-0.481156590355059
-73.9327731092437,31.6455696202532,-0.60026536668301
-73.436974789916,31.6455696202532,-0.720229588891885
-72.9411764705882,31.6455696202532,-0.839853624994849
-72.4453781512605,31.6455696202532,-0.958301394545144
-71.9495798319328,31.6455696202532,-1.07503075850109
-71.453781512605,31.6455696202532,-1.18973559361146
-70.9579831932773,31.6455696202532,-1.30229461267649
-70.4621848739496,31.6455696202532,-1.41272546963478
-69.9663865546218,31.6455696202532,-1.52114351457544
-69.4705882352941,31.6455696202532,-1.62772538330893
-68.9747899159664,31.6455696202532,-1.73267796152028
-68.4789915966387,31.6455696202532,-1.83621318589904
-67.9831932773109,31.6455696202532,-1.93852882851885
-67.4873949579832,31.6455696202532,-2.03979504895629
-66.9915966386555,31.6455696202532,-2.14014617705081
-66.4957983193277,31.6455696202532,-2.23967698733306
-66,31.6455696202532,-2.33844260462402
-125,31.9620253164557,2.84662438662909
-124.504201680672,31.9620253164557,2.74331547066827
-124.008403361345,31.9620253164557,2.6314155385977
-123.512605042017,31.9620253164557,2.51199627413307
-123.016806722689,31.9620253164557,2.38625339269036
-122.521008403361,31.9620253164557,2.2551965337136
-122.025210084034,31.9620253164557,2.11922419902613
-121.529411764706,31.9620253164557,1.97766435214608
-121.033613445378,31.9620253164557,1.82844854604982
-120.53781512605,31.9620253164557,1.66817443801322
-120.042016806723,31.9620253164557,1.49284825630242
-119.546218487395,31.9620253164557,1.29951127668671
-119.050420168067,31.9620253164557,1.08866377323263
-118.55462184874,31.9620253164557,0.866827490300912
-118.058823529412,31.9620253164557,0.647629045947364
-117.563025210084,31.9620253164557,0.44918410283102
-117.067226890756,31.9620253164557,0.287823614155505
-116.571428571429,31.9620253164557,0.171954559645854
-116.075630252101,31.9620253164557,0.0997043932403769
-115.579831932773,31.9620253164557,0.060715946959358
-115.084033613445,31.9620253164557,0.0406024082469907
-114.588235294118,31.9620253164557,0.0267449697024621
-114.09243697479,31.9620253164557,0.0133108473758066
-113.596638655462,31.9620253164557,0.00283231237745316
-113.100840336134,31.9620253164557,0.00444560305001076
-112.605042016807,31.9620253164557,0.029172408922374
-112.109243697479,31.9620253164557,0.0791924979098548
-111.613445378151,31.9620253164557,0.142435545604323
-111.117647058824,31.9620253164557,0.197381567862238
-110.621848739496,31.9620253164557,0.218590383515103
-110.126050420168,31.9620253164557,0.186615056896945
-109.63025210084,31.9620253164557,0.100298593248776
-109.134453781513,31.9620253164557,-0.0226293663500008
-108.638655462185,31.9620253164557,-0.154504792866717
-108.142857142857,31.9620253164557,-0.268168623502448
-107.647058823529,31.9620253164557,-0.341651761847101
-107.151260504202,31.9620253164557,-0.358095587020767
-106.655462184874,31.9620253164557,-0.311556023866806
-106.159663865546,31.9620253164557,-0.207717137862755
-105.663865546218,31.9620253164557,-0.0680321788557719
-105.168067226891,31.9620253164557,0.0789103249703526
-104.672268907563,31.9620253164557,0.211996924613751
-104.176470588235,31.9620253164557,0.320357050294649
-103.680672268908,31.9620253164557,0.401623250991917
-103.18487394958,31.9620253164557,0.459435248620215
-102.689075630252,31.9620253164557,0.498993308614915
-102.193277310924,31.9620253164557,0.523619342248308
-101.697478991597,31.9620253164557,0.534204798043047
-101.201680672269,31.9620253164557,0.528369052275672
-100.705882352941,31.9620253164557,0.499673178239977
-100.210084033613,31.9620253164557,0.443345543274679
-99.7142857142857,31.9620253164557,0.362917717596617
-99.218487394958,31.9620253164557,0.271902925309866
-98.7226890756303,31.9620253164557,0.185971492584009
-98.2268907563025,31.9620253164557,0.117277512644168
-97.7310924369748,31.9620253164557,0.0739713295256179
-97.2352941176471,31.9620253164557,0.0604735652539375
-96.7394957983193,31.9620253164557,0.0771382739566212
-96.2436974789916,31.9620253164557,0.115671686156083
-95.7478991596639,31.9620253164557,0.16428651307463
-95.2521008403361,31.9620253164557,0.211848931698531
-94.7563025210084,31.9620253164557,0.249256170205209
-94.2605042016807,31.9620253164557,0.270222863386066
-93.7647058823529,31.9620253164557,0.271517284141297
-93.2689075630252,31.9620253164557,0.253235301802148
-92.7731092436975,31.9620253164557,0.220098983886923
-92.2773109243697,31.9620253164557,0.177961236669335
-91.781512605042,31.9620253164557,0.131859346779564
-91.2857142857143,31.9620253164557,0.0846969262426346
-90.7899159663866,31.9620253164557,0.0370317416332813
-90.2941176470588,31.9620253164557,-0.0107078576980518
-89.7983193277311,31.9620253164557,-0.0573139639932536
-89.3025210084034,31.9620253164557,-0.0986476019259388
-88.8067226890756,31.9620253164557,-0.128819003155327
-88.3109243697479,31.9620253164557,-0.143141822389759
-87.8151260504202,31.9620253164557,-0.140388903711403
-87.3193277310924,31.9620253164557,-0.123867069858307
-86.8235294117647,31.9620253164557,-0.101402086653347
-86.327731092437,31.9620253164557,-0.082975703360993
-85.8319327731092,31.9620253164557,-0.0756400304990286
-85.3361344537815,31.9620253164557,-0.0785018281723385
-84.8403361344538,31.9620253164557,-0.0833919788480503
-84.344537815126,31.9620253164557,-0.0789671497141817
-83.8487394957983,31.9620253164557,-0.0563987667118761
-83.3529411764706,31.9620253164557,-0.0164876841100297
-82.8571428571429,31.9620253164557,0.0318878435891562
-82.3613445378151,31.9620253164557,0.0759857525957011
-81.8655462184874,31.9620253164557,0.10504329246898
-81.3697478991597,31.9620253164557,0.116180890053369
-80.8739495798319,31.9620253164557,0.117301168733199
-80.3781512605042,31.9620253164557,0.120406247785251
-79.8823529411765,31.9620253164557,0.13002760356921
-79.3865546218487,31.9620253164557,0.142541828702241
-78.890756302521,31.9620253164557,0.150213607758039
-78.3949579831933,31.9620253164557,0.145266262539196
-77.8991596638655,31.9620253164557,0.122446623181029
-77.4033613445378,31.9620253164557,0.0797032731879815
-76.9075630252101,31.9620253164557,0.0176725645344258
-76.4117647058823,31.9620253164557,-0.0612342363068675
-75.9159663865546,31.9620253164557,-0.153719085553676
-75.4201680672269,31.9620253164557,-0.256307204893932
-74.9243697478992,31.9620253164557,-0.365817537669236
-74.4285714285714,31.9620253164557,-0.479591875584983
-73.9327731092437,31.9620253164557,-0.595542562460824
-73.436974789916,31.9620253164557,-0.712102315857647
-72.9411764705882,31.9620253164557,-0.828141816381834
-72.4453781512605,31.9620253164557,-0.942889232383705
-71.9495798319328,31.9620253164557,-1.05586189099365
-71.453781512605,31.9620253164557,-1.16680881982843
-70.9579831932773,31.9620253164557,-1.27566025394311
-70.4621848739496,31.9620253164557,-1.38248152779864
-69.9663865546218,31.9620253164557,-1.48743075865325
-69.4705882352941,31.9620253164557,-1.59072101080904
-68.9747899159664,31.9620253164557,-1.69258798269826
-68.4789915966387,31.9620253164557,-1.79326400361358
-67.9831932773109,31.9620253164557,-1.89295861657913
-67.4873949579832,31.9620253164557,-1.99184549595491
-66.9915966386555,31.9620253164557,-2.09005506314809
-66.4957983193277,31.9620253164557,-2.18767190828506
-66,31.9620253164557,-2.2847360259188
-125,32.2784810126582,2.76794266766413
-124.504201680672,32.2784810126582,2.6643721620043
-124.008403361345,32.2784810126582,2.55191152167821
-123.512605042017,32.2784810126582,2.43190558967608
-123.016806722689,32.2784810126582,2.30596660353256
-122.521008403361,32.2784810126582,2.17562974206816
-122.025210084034,32.2784810126582,2.04183194378058
-121.529411764706,32.2784810126582,1.90428529954239
-121.033613445378,32.2784810126582,1.7609304261389
-120.53781512605,32.2784810126582,1.60778652481201
-120.042016806723,32.2784810126582,1.43960392330549
-119.546218487395,32.2784810126582,1.25167236756995
-119.050420168067,32.2784810126582,1.04283212702316
-118.55462184874,32.2784810126582,0.81909980707122
-118.058823529412,32.2784810126582,0.595992629556525
-117.563025210084,32.2784810126582,0.395735732516296
-117.067226890756,32.2784810126582,0.238570654913104
-116.571428571429,32.2784810126582,0.134317450783209
-116.075630252101,32.2784810126582,0.0796230531637307
-115.579831932773,32.2784810126582,0.0606471956291451
-115.084033613445,32.2784810126582,0.0587048417844987
-114.588235294118,32.2784810126582,0.0574748137673359
-114.09243697479,32.2784810126582,0.0495867953085183
-113.596638655462,32.2784810126582,0.0383682836718999
-113.100840336134,32.2784810126582,0.0356677526006088
-112.605042016807,32.2784810126582,0.05633378181511
-112.109243697479,32.2784810126582,0.105542078119521
-111.613445378151,32.2784810126582,0.171804743651472
-111.117647058824,32.2784810126582,0.232049865588142
-110.621848739496,32.2784810126582,0.258334979718714
-110.126050420168,32.2784810126582,0.230458305832479
-109.63025210084,32.2784810126582,0.147228353951163
-109.134453781513,32.2784810126582,0.026756893398443
-108.638655462185,32.2784810126582,-0.102129382245245
-108.142857142857,32.2784810126582,-0.211062484128517
-107.647058823529,32.2784810126582,-0.277980402541709
-107.151260504202,32.2784810126582,-0.286221980276079
-106.655462184874,32.2784810126582,-0.23149637003095
-106.159663865546,32.2784810126582,-0.1227974032366
-105.663865546218,32.2784810126582,0.0165632707365337
-105.168067226891,32.2784810126582,0.157363354727057
-104.672268907563,32.2784810126582,0.278152729807781
-104.176470588235,32.2784810126582,0.36945481388668
-103.680672268908,32.2784810126582,0.430883354804734
-103.18487394958,32.2784810126582,0.469164316210062
-102.689075630252,32.2784810126582,0.492688855639275
-102.193277310924,32.2784810126582,0.506846078918786
-101.697478991597,32.2784810126582,0.512980051991215
-101.201680672269,32.2784810126582,0.507833089889493
-100.705882352941,32.2784810126582,0.483543918418866
-100.210084033613,32.2784810126582,0.433617300351475
-99.7142857142857,32.2784810126582,0.358626168890681
-99.218487394958,32.2784810126582,0.269156510850916
-98.7226890756303,32.2784810126582,0.180235694766282
-98.2268907563025,32.2784810126582,0.105554838694894
-97.7310924369748,32.2784810126582,0.0559312545816259
-97.2352941176471,32.2784810126582,0.0384468112202471
-96.7394957983193,32.2784810126582,0.0535992542680652
-96.2436974789916,32.2784810126582,0.0922692642719285
-95.7478991596639,32.2784810126582,0.141294941237214
-95.2521008403361,32.2784810126582,0.188782038259288
-94.7563025210084,32.2784810126582,0.225632806950607
-94.2605042016807,32.2784810126582,0.246160229296928
-93.7647058823529,32.2784810126582,0.248613919155046
-93.2689075630252,32.2784810126582,0.233959210236986
-92.7731092436975,32.2784810126582,0.206510344202363
-92.2773109243697,32.2784810126582,0.171167102053386
-91.781512605042,32.2784810126582,0.131908395889689
-91.2857142857143,32.2784810126582,0.0901055047628581
-90.7899159663866,32.2784810126582,0.0447320953378674
-90.2941176470588,32.2784810126582,-0.0036697119870761
-89.7983193277311,32.2784810126582,-0.0523442368686713
-89.3025210084034,32.2784810126582,-0.0951090948937441
-88.8067226890756,32.2784810126582,-0.124219547839679
-88.3109243697479,32.2784810126582,-0.134477941694658
-87.8151260504202,32.2784810126582,-0.12635251129919
-87.3193277310924,32.2784810126582,-0.10681435751882
-86.8235294117647,32.2784810126582,-0.0877370591489452
-86.327731092437,32.2784810126582,-0.0814689807823627
-85.8319327731092,32.2784810126582,-0.0927779067562835
-85.3361344537815,32.2784810126582,-0.115829768928197
-84.8403361344538,32.2784810126582,-0.137585227670553
-84.344537815126,32.2784810126582,-0.143173165944614
-83.8487394957983,32.2784810126582,-0.122984980375386
-83.3529411764706,32.2784810126582,-0.0803755184801887
-82.8571428571429,32.2784810126582,-0.0288194553730954
-82.3613445378151,32.2784810126582,0.0157145298717823
-81.8655462184874,32.2784810126582,0.0428312398230591
-81.3697478991597,32.2784810126582,0.0530393010770959
-80.8739495798319,32.2784810126582,0.056766977203531
-80.3781512605042,32.2784810126582,0.0656615926493891
-79.8823529411765,32.2784810126582,0.0830669958960242
-79.3865546218487,32.2784810126582,0.104103419124424
-78.890756302521,32.2784810126582,0.119698391395897
-78.3949579831933,32.2784810126582,0.121161182527744
-77.8991596638655,32.2784810126582,0.103038521670895
-77.4033613445378,32.2784810126582,0.0635878181531796
-76.9075630252101,32.2784810126582,0.00394622673171902
-76.4117647058823,32.2784810126582,-0.0729727795890025
-75.9159663865546,32.2784810126582,-0.163456140858822
-75.4201680672269,32.2784810126582,-0.263754666365513
-74.9243697478992,32.2784810126582,-0.370566586552596
-74.4285714285714,32.2784810126582,-0.481232854959528
-73.9327731092437,32.2784810126582,-0.593730600758858
-73.436974789916,32.2784810126582,-0.706578129553422
-72.9411764705882,32.2784810126582,-0.818728433044088
-72.4453781512605,32.2784810126582,-0.929481605357877
-71.9495798319328,32.2784810126582,-1.03841797753783
-71.453781512605,32.2784810126582,-1.14534402066404
-70.9579831932773,32.2784810126582,-1.25024384155621
-70.4621848739496,32.2784810126582,-1.35323302247392
-69.9663865546218,32.2784810126582,-1.45451486397376
-69.4705882352941,32.2784810126582,-1.55434065531094
-68.9747899159664,32.2784810126582,-1.65297575237686
-68.4789915966387,32.2784810126582,-1.75067264388707
-67.9831932773109,32.2784810126582,-1.8476513763637
-67.4873949579832,32.2784810126582,-1.94408700779953
-66.9915966386555,32.2784810126582,-2.04010328113824
-66.4957983193277,32.2784810126582,-2.13577144040723
-66,32.2784810126582,-2.23111302399287
-125,32.5949367088608,2.68592129184564
-124.504201680672,32.5949367088608,2.58171265054224
-124.008403361345,32.5949367088608,2.46812063981131
-123.512605042017,32.5949367088608,2.34676025447907
-123.016806722689,32.5949367088608,2.21970471990294
-122.521008403361,32.5949367088608,2.08912344821035
-122.025210084034,32.5949367088608,1.9566692077402
-121.529411764706,32.5949367088608,1.82266435764929
-121.033613445378,32.5949367088608,1.68527893933891
-120.53781512605,32.5949367088608,1.54007998954955
-120.042016806723,32.5949367088608,1.38049448197018
-119.546218487395,32.5949367088608,1.19973703867842
-119.050420168067,32.5949367088608,0.994431886208038
-118.55462184874,32.5949367088608,0.769460974235816
-118.058823529412,32.5949367088608,0.542214633880982
-117.563025210084,32.5949367088608,0.340043200735486
-117.067226890756,32.5949367088608,0.18801418164968
-116.571428571429,32.5949367088608,0.0974959784725227
-116.075630252101,32.5949367088608,0.0632142644401138
-115.579831932773,32.5949367088608,0.0671804569004891
-115.084033613445,32.5949367088608,0.0858547736574407
-114.588235294118,32.5949367088608,0.0987333283212027
-114.09243697479,32.5949367088608,0.0966658633636289
-113.596638655462,32.5949367088608,0.0838332507741763
-113.100840336134,32.5949367088608,0.0751868687924081
-112.605042016807,32.5949367088608,0.0890095265890725
-112.109243697479,32.5949367088608,0.133689783425407
-111.613445378151,32.5949367088608,0.199654346235555
-111.117647058824,32.5949367088608,0.262394998168164
-110.621848739496,32.5949367088608,0.291431201404543
-110.126050420168,32.5949367088608,0.266845909201929
-109.63025210084,32.5949367088608,0.187662592646549
-109.134453781513,32.5949367088608,0.07198772635631
-108.638655462185,32.5949367088608,-0.0509600322606921
-108.142857142857,32.5949367088608,-0.152154360926096
-107.647058823529,32.5949367088608,-0.209395875324601
-107.151260504202,32.5949367088608,-0.208037806799524
-106.655462184874,32.5949367088608,-0.14587425656502
-106.159663865546,32.5949367088608,-0.0347329805075347
-105.663865546218,32.5949367088608,0.100897440560499
-105.168067226891,32.5949367088608,0.231825026015956
-104.672268907563,32.5949367088608,0.336528713579253
-104.176470588235,32.5949367088608,0.407292927196496
-103.680672268908,32.5949367088608,0.445925610137621
-103.18487394958,32.5949367088608,0.462120161827361
-102.689075630252,32.5949367088608,0.46744078331917
-102.193277310924,32.5949367088608,0.46976758608466
-101.697478991597,32.5949367088608,0.471150933306626
-101.201680672269,32.5949367088608,0.467010624497215
-100.705882352941,32.5949367088608,0.447539406309719
-100.210084033613,32.5949367088608,0.404163616308908
-99.7142857142857,32.5949367088608,0.335212144559539
-99.218487394958,32.5949367088608,0.248403035414451
-98.7226890756303,32.5949367088608,0.157751769929621
-98.2268907563025,32.5949367088608,0.0782800542666421
-97.7310924369748,32.5949367088608,0.0231855824468688
-97.2352941176471,32.5949367088608,0.00190352307605409
-96.7394957983193,32.5949367088608,0.0152036202754916
-96.2436974789916,32.5949367088608,0.053564355195725
-95.7478991596639,32.5949367088608,0.102807907655121
-95.2521008403361,32.5949367088608,0.149952806308041
-94.7563025210084,32.5949367088608,0.185619948565402
-94.2605042016807,32.5949367088608,0.204881725019169
-93.7647058823529,32.5949367088608,0.207587409165818
-93.2689075630252,32.5949367088608,0.196439070601286
-92.7731092436975,32.5949367088608,0.175702615910861
-92.2773109243697,32.5949367088608,0.149571200892481
-91.781512605042,32.5949367088608,0.120757170333752
-91.2857142857143,32.5949367088608,0.0885468795680732
-90.7899159663866,32.5949367088608,0.0497771895754354
-90.2941176470588,32.5949367088608,0.00455384323959218
-89.7983193277311,32.5949367088608,-0.0434701730852643
-89.3025210084034,32.5949367088608,-0.0861703680140304
-88.8067226890756,32.5949367088608,-0.113861207011173
-88.3109243697479,32.5949367088608,-0.120422472006751
-87.8151260504202,32.5949367088608,-0.107361847739236
-87.3193277310924,32.5949367088608,-0.0847110757186978
-86.8235294117647,32.5949367088608,-0.0681778185452148
-86.327731092437,32.5949367088608,-0.0725115292971044
-85.8319327731092,32.5949367088608,-0.100617370945897
-85.3361344537815,32.5949367088608,-0.142117678135764
-84.8403361344538,32.5949367088608,-0.179366750343351
-84.344537815126,32.5949367088608,-0.194442047137346
-83.8487394957983,32.5949367088608,-0.177712741660559
-83.3529411764706,32.5949367088608,-0.135364035112604
-82.8571428571429,32.5949367088608,-0.084131519245625
-82.3613445378151,32.5949367088608,-0.0422627366134554
-81.8655462184874,32.5949367088608,-0.0194435528389085
-81.3697478991597,32.5949367088608,-0.0120016176393108
-80.8739495798319,32.5949367088608,-0.00698035199933489
-80.3781512605042,32.5949367088608,0.00736366721184316
-79.8823529411765,32.5949367088608,0.0329753706383979
-79.3865546218487,32.5949367088608,0.0631745591061133
-78.890756302521,32.5949367088608,0.0870648142092779
-78.3949579831933,32.5949367088608,0.0948910041431213
-77.8991596638655,32.5949367088608,0.0811410426007568
-77.4033613445378,32.5949367088608,0.0445892020688533
-76.9075630252101,32.5949367088608,-0.0129931171059209
-76.4117647058823,32.5949367088608,-0.0881234340957711
-75.9159663865546,32.5949367088608,-0.176642157070699
-75.4201680672269,32.5949367088608,-0.274532540755565
-74.9243697478992,32.5949367088608,-0.37841382360643
-74.4285714285714,32.5949367088608,-0.485679408358155
-73.9327731092437,32.5949367088608,-0.594414031948658
-73.436974789916,32.5949367088608,-0.703246068637037
-72.9411764705882,32.5949367088608,-0.81122019548564
-72.4453781512605,32.5949367088608,-0.917709669880504
-71.9495798319328,32.5949367088608,-1.02235677144389
-71.453781512605,32.5949367088608,-1.12502520544916
-70.9579831932773,32.5949367088608,-1.22575438566224
-70.4621848739496,32.5949367088608,-1.32471271051213
-69.9663865546218,32.5949367088608,-1.42215143362691
-69.4705882352941,32.5949367088608,-1.51836222480587
-68.9747899159664,32.5949367088608,-1.61364115307312
-68.4789915966387,32.5949367088608,-1.70826065676919
-67.9831932773109,32.5949367088608,-1.80244989238624
-67.4873949579832,32.5949367088608,-1.89638294344361
-66.9915966386555,32.5949367088608,-1.99017383597703
-66.4957983193277,32.5949367088608,-2.08387703508005
-66,32.5949367088608,-2.17749206116431
-125,32.9113924050633,2.60095408376249
-124.504201680672,32.9113924050633,2.4957788430644
-124.008403361345,32.9113924050633,2.38049258606924
-123.512605042017,32.9113924050633,2.2569529485245
-123.016806722689,32.9113924050633,2.12771675222315
-122.521008403361,32.9113924050633,1.99568593782849
-122.025210084034,32.9113924050633,1.86341802820089
-121.529411764706,32.9113924050633,1.73211361123017
-121.033613445378,32.9113924050633,1.6004647538049
-120.53781512605,32.9113924050633,1.46380123227965
-120.042016806723,32.9113924050633,1.31423565719313
-119.546218487395,32.9113924050633,1.14261965709528
-119.050420168067,32.9113924050633,0.942819828620958
-118.55462184874,32.9113924050633,0.71784285829931
-118.058823529412,32.9113924050633,0.486701224625794
-117.563025210084,32.9113924050633,0.283010711505504
-117.067226890756,32.9113924050633,0.137476607506535
-116.571428571429,32.9113924050633,0.0629692097218668
-116.075630252101,32.9113924050633,0.0517489127327667
-115.579831932773,32.9113924050633,0.0810924865503387
-115.084033613445,32.9113924050633,0.122233937318749
-114.588235294118,32.9113924050633,0.150554986099585
-114.09243697479,32.9113924050633,0.154570724358645
-113.596638655462,32.9113924050633,0.139246988767307
-113.100840336134,32.9113924050633,0.122850154262303
-112.605042016807,32.9113924050633,0.127471617436969
-112.109243697479,32.9113924050633,0.164804279330427
-111.613445378151,32.9113924050633,0.227161113464511
-111.117647058824,32.9113924050633,0.289038214832233
-110.621848739496,32.9113924050633,0.318531508314747
-110.126050420168,32.9113924050633,0.295857762043732
-109.63025210084,32.9113924050633,0.220937937985235
-109.134453781513,32.9113924050633,0.111603080301918
-108.638655462185,32.9113924050633,-0.00335926145164989
-108.142857142857,32.9113924050633,-0.0945789431595176
-107.647058823529,32.9113924050633,-0.14054721206377
-107.151260504202,32.9113924050633,-0.129130150330834
-106.655462184874,32.9113924050633,-0.0606699272828874
-106.159663865546,32.9113924050633,0.0507304714582523
-105.663865546218,32.9113924050633,0.179743933276891
-105.168067226891,32.9113924050633,0.297735335415371
-104.672268907563,32.9113924050633,0.383907790804808
-104.176470588235,32.9113924050633,0.432041895999608
-103.680672268908,32.9113924050633,0.446447060063754
-103.18487394958,32.9113924050633,0.439573748418629
-102.689075630252,32.9113924050633,0.425891463107171
-102.193277310924,32.9113924050633,0.415830467453376
-101.697478991597,32.9113924050633,0.412366027817529
-101.201680672269,32.9113924050633,0.409657058779792
-100.705882352941,32.9113924050633,0.395593428330992
-100.210084033613,32.9113924050633,0.35947846571261
-99.7142857142857,32.9113924050633,0.297528871824464
-99.218487394958,32.9113924050633,0.214989006193078
-98.7226890756303,32.9113924050633,0.124561129064809
-98.2268907563025,32.9113924050633,0.0419186073784971
-97.7310924369748,32.9113924050633,-0.0176718954653033
-97.2352941176471,32.9113924050633,-0.0426462407935982
-96.7394957983193,32.9113924050633,-0.0315152482478733
-96.2436974789916,32.9113924050633,0.00628487763592051
-95.7478991596639,32.9113924050633,0.0555323978363373
-95.2521008403361,32.9113924050633,0.101791039509868
-94.7563025210084,32.9113924050633,0.135169786126902
-94.2605042016807,32.9113924050633,0.151478001309907
-93.7647058823529,32.9113924050633,0.152371733805386
-93.2689075630252,32.9113924050633,0.142914392156499
-92.7731092436975,32.9113924050633,0.128383715318787
-92.2773109243697,32.9113924050633,0.112794890990609
-91.781512605042,32.9113924050633,0.0972092641668894
-91.2857142857143,32.9113924050633,0.078177709335798
-90.7899159663866,32.9113924050633,0.0501903594329164
-90.2941176470588,32.9113924050633,0.011906031100438
-89.7983193277311,32.9113924050633,-0.0327059357735485
-89.3025210084034,32.9113924050633,-0.0739788993816612
-88.8067226890756,32.9113924050633,-0.100322713954124
-88.3109243697479,32.9113924050633,-0.104284488402939
-87.8151260504202,32.9113924050633,-0.0876463123860043
-87.3193277310924,32.9113924050633,-0.0625408823289099
-86.8235294117647,32.9113924050633,-0.0478128319867707
-86.327731092437,32.9113924050633,-0.0603322055618042
-85.8319327731092,32.9113924050633,-0.101418072246364
-85.3361344537815,32.9113924050633,-0.1571492889842
-84.8403361344538,32.9113924050633,-0.206296232892759
-84.344537815126,32.9113924050633,-0.228675819400877
-83.8487394957983,32.9113924050633,-0.21512838346812
-83.3529411764706,32.9113924050633,-0.174410076892741
-82.8571428571429,32.9113924050633,-0.125755657918408
-82.3613445378151,32.9113924050633,-0.0887314877082338
-81.8655462184874,32.9113924050633,-0.0723170612197206
-81.3697478991597,32.9113924050633,-0.0700984137580581
-80.8739495798319,32.9113924050633,-0.0663529209715407
-80.3781512605042,32.9113924050633,-0.0487435308444295
-79.8823529411765,32.9113924050633,-0.0162826575788289
-79.3865546218487,32.9113924050633,0.0222451385968164
-78.890756302521,32.9113924050633,0.0537173949872952
-78.3949579831933,32.9113924050633,0.0671480067392025
-77.8991596638655,32.9113924050633,0.0570544882365329
-77.4033613445378,32.9113924050633,0.0228632454451906
-76.9075630252101,32.9113924050633,-0.0329948503609873
-76.4117647058823,32.9113924050633,-0.106477933957835
-75.9159663865546,32.9113924050633,-0.192982821863147
-75.4201680672269,32.9113924050633,-0.288256569597341
-74.9243697478992,32.9113924050633,-0.388904629596552
-74.4285714285714,32.9113924050633,-0.492439350152641
-73.9327731092437,32.9113924050633,-0.597095563622619
-73.436974789916,32.9113924050633,-0.701627452199541
-72.9411764705882,32.9113924050633,-0.80517007632992
-72.4453781512605,32.9113924050633,-0.907162540695986
-71.9495798319328,32.9113924050633,-1.00730289177669
-71.453781512605,32.9113924050633,-1.10550972564857
-70.9579831932773,32.9113924050633,-1.20187897634202
-70.4621848739496,32.9113924050633,-1.29663508553055
-69.9663865546218,32.9113924050633,-1.39008085936427
-69.4705882352941,32.9113924050633,-1.48255114829507
-68.9747899159664,32.9113924050633,-1.57437412463864
-68.4789915966387,32.9113924050633,-1.66584202230398
-67.9831932773109,32.9113924050633,-1.75719156622181
-67.4873949579832,32.9113924050633,-1.84859324906642
-66.9915966386555,32.9113924050633,-1.9401480382878
-66.4957983193277,32.9113924050633,-2.03188989717806
-66,32.9113924050633,-2.12379251658445
-125,33.2278481012658,2.51351826193466
-124.504201680672,33.2278481012658,2.40713856384835
-124.008403361345,33.2278481012658,2.28965202593961
-123.512605042017,33.2278481012658,2.16310033970394
-123.016806722689,33.2278481012658,2.03051433221312
-122.521008403361,33.2278481012658,1.89560329300031
-122.025210084034,33.2278481012658,1.76201687005434
-121.529411764706,33.2278481012658,1.63213508275209
-121.033613445378,33.2278481012658,1.50553760820604
-120.53781512605,33.2278481012658,1.37763232752547
-120.042016806723,33.2278481012658,1.23932273073932
-119.546218487395,33.2278481012658,1.07885188836179
-119.050420168067,33.2278481012658,0.886820230806409
-118.55462184874,33.2278481012658,0.66383749372351
-118.058823529412,33.2278481012658,0.430108739332388
-117.563025210084,33.2278481012658,0.226456485020165
-117.067226890756,33.2278481012658,0.0896853715102115
-116.571428571429,33.2278481012658,0.03352099636389
-116.075630252101,33.2278481012658,0.0471765420540008
-115.579831932773,33.2278481012658,0.103134896162324
-115.084033613445,33.2278481012658,0.1676341737464
-114.588235294118,33.2278481012658,0.212113099703802
-114.09243697479,33.2278481012658,0.222205066219086
-113.596638655462,33.2278481012658,0.203549419213386
-113.100840336134,33.2278481012658,0.177823361253182
-112.605042016807,33.2278481012658,0.171527523040366
-112.109243697479,33.2278481012658,0.19943087881765
-111.613445378151,33.2278481012658,0.254655391464212
-111.117647058824,33.2278481012658,0.311998282849151
-110.621848739496,33.2278481012658,0.33938203255192
-110.126050420168,33.2278481012658,0.317183354188495
-109.63025210084,33.2278481012658,0.24624001825414
-109.134453781513,33.2278481012658,0.143980010549532
-108.638655462185,33.2278481012658,0.0382147589712901
-108.142857142857,33.2278481012658,-0.0419896476426427
-107.647058823529,33.2278481012658,-0.0763221494978098
-107.151260504202,33.2278481012658,-0.0553154702226973
-106.655462184874,33.2278481012658,0.018073149239348
-106.159663865546,33.2278481012658,0.127826656649925
-105.663865546218,33.2278481012658,0.247899846078978
-105.168067226891,33.2278481012658,0.350726690146463
-104.672268907563,33.2278481012658,0.41732088004933
-104.176470588235,33.2278481012658,0.442323589231501
-103.680672268908,33.2278481012658,0.432804717506433
-103.18487394958,33.2278481012658,0.403714120480597
-102.689075630252,33.2278481012658,0.371801309562743
-102.193277310924,33.2278481012658,0.349865724888771
-101.697478991597,33.2278481012658,0.342018352953604
-101.201680672269,33.2278481012658,0.341361772165073
-100.705882352941,33.2278481012658,0.333449515510131
-100.210084033613,33.2278481012658,0.305647484044565
-99.7142857142857,33.2278481012658,0.25218955528572
-99.218487394958,33.2278481012658,0.176024885232782
-98.7226890756303,33.2278481012658,0.088312563333022
-98.2268907563025,33.2278481012658,0.00470948527382042
-97.7310924369748,33.2278481012658,-0.0580718285444588
-97.2352941176471,33.2278481012658,-0.0862369299160218
-96.7394957983193,33.2278481012658,-0.0773602313002694
-96.2436974789916,33.2278481012658,-0.0404531879443064
-95.7478991596639,33.2278481012658,0.00819671759653519
-95.2521008403361,33.2278481012658,0.0524802274499976
-94.7563025210084,33.2278481012658,0.0819292418291686
-94.2605042016807,33.2278481012658,0.0929535818072889
-93.7647058823529,33.2278481012658,0.0890970546476917
-93.2689075630252,33.2278481012658,0.0782976117638372
-92.7731092436975,33.2278481012658,0.0680341432187963
-92.2773109243697,33.2278481012658,0.0628114084435415
-91.781512605042,33.2278481012658,0.0619330527736318
-91.2857142857143,33.2278481012658,0.0588733331000833
-90.7899159663866,33.2278481012658,0.0452664966659123
-90.2941176470588,33.2278481012658,0.0172006602356079
-89.7983193277311,33.2278481012658,-0.0213985385597218
-89.3025210084034,33.2278481012658,-0.0600643095483308
-88.8067226890756,33.2278481012658,-0.0855472165197946
-88.3109243697479,33.2278481012658,-0.0887488188082765
-87.8151260504202,33.2278481012658,-0.0709108117197843
-87.3193277310924,33.2278481012658,-0.0450398492328042
-86.8235294117647,33.2278481012658,-0.0318681222979423
-86.327731092437,33.2278481012658,-0.0493451683222424
-85.8319327731092,33.2278481012658,-0.0979198261600856
-85.3361344537815,33.2278481012658,-0.161706823176839
-84.8403361344538,33.2278481012658,-0.217433230523251
-84.344537815126,33.2278481012658,-0.244013917219555
-83.8487394957983,33.2278481012658,-0.232656586420708
-83.3529411764706,33.2278481012658,-0.193719996788127
-82.8571428571429,33.2278481012658,-0.148605915188081
-82.3613445378151,33.2278481012658,-0.117637043968228
-81.8655462184874,33.2278481012658,-0.109151049164741
-81.3697478991597,33.2278481012658,-0.114480408595982
-80.8739495798319,33.2278481012658,-0.115169756205562
-80.3781512605042,33.2278481012658,-0.0977354253285085
-79.8823529411765,33.2278481012658,-0.0613480769147093
-79.3865546218487,33.2278481012658,-0.0167753156129824
-78.890756302521,33.2278481012658,0.0205546711950311
-78.3949579831933,33.2278481012658,0.0382288704579519
-77.8991596638655,33.2278481012658,0.0308174651750234
-77.4033613445378,33.2278481012658,-0.00155755815292406
-76.9075630252101,33.2278481012658,-0.0559305896523254
-76.4117647058823,33.2278481012658,-0.127784705159612
-75.9159663865546,33.2278481012658,-0.212095481932619
-75.4201680672269,33.2278481012658,-0.304427440471248
-74.9243697478992,33.2278481012658,-0.401463525192654
-74.4285714285714,33.2278481012658,-0.500910896657238
-73.9327731092437,33.2278481012658,-0.601188405112409
-73.436974789916,33.2278481012658,-0.701175545951872
-72.9411764705882,33.2278481012658,-0.800081299822233
-72.4453781512605,33.2278481012658,-0.897393184045127
-71.9495798319328,33.2278481012658,-0.992854038545638
-71.453781512605,33.2278481012658,-1.08643401565838
-70.9579831932773,33.2278481012658,-1.1782877877459
-70.4621848739496,33.2278481012658,-1.26870067032038
-69.9663865546218,33.2278481012658,-1.35803204687073
-69.4705882352941,33.2278481012658,-1.44666367944226
-68.9747899159664,33.2278481012658,-1.53495766645752
-68.4789915966387,33.2278481012658,-1.6232259245096
-67.9831932773109,33.2278481012658,-1.71171100703503
-67.4873949579832,33.2278481012658,-1.80057687755872
-66.9915966386555,33.2278481012658,-1.8899077551062
-66.4957983193277,33.2278481012658,-1.97971305691971
-66,33.2278481012658,-2.06993657608135
-125,33.5443037974684,2.42416185200562
-124.504201680672,33.5443037974684,2.3164799732405
-124.008403361345,33.5443037974684,2.19640630848003
-123.512605042017,33.5443037974684,2.06607137156462
-123.016806722689,33.5443037974684,1.92892762581807
-122.521008403361,33.5443037974684,1.78952784777347
-122.025210084034,33.5443037974684,1.65278210254396
-121.529411764706,33.5443037974684,1.52256929590011
-121.033613445378,33.5443037974684,1.39978952048623
-120.53781512605,33.5443037974684,1.28035126090224
-120.042016806723,33.5443037974684,1.15417084353873
-119.546218487395,33.5443037974684,1.00670712311277
-119.050420168067,33.5443037974684,0.824659238120171
-118.55462184874,33.5443037974684,0.606304275592076
-118.058823529412,33.5443037974684,0.373463485885962
-117.563025210084,33.5443037974684,0.173586295514924
-117.067226890756,33.5443037974684,0.0488594317367834
-116.571428571429,33.5443037974684,0.0128588306160006
-116.075630252101,33.5443037974684,0.0515663456485654
-115.579831932773,33.5443037974684,0.133487155985024
-115.084033613445,33.5443037974684,0.220818279947444
-114.588235294118,33.5443037974684,0.281179821788583
-114.09243697479,33.5443037974684,0.296959626381834
-113.596638655462,33.5443037974684,0.274435504408838
-113.100840336134,33.5443037974684,0.238666432124766
-112.605042016807,33.5443037974684,0.220093762314882
-112.109243697479,33.5443037974684,0.236069816882798
-111.613445378151,33.5443037974684,0.280759539296347
-111.117647058824,33.5443037974684,0.329857254817656
-110.621848739496,33.5443037974684,0.352311210111937
-110.126050420168,33.5443037974684,0.329412678196403
-109.63025210084,33.5443037974684,0.262261442058402
-109.134453781513,33.5443037974684,0.167474169600918
-108.638655462185,33.5443037974684,0.071524862431614
-108.142857142857,33.5443037974684,0.00236666313618489
-107.647058823529,33.5443037974684,-0.0207862279549007
-107.151260504202,33.5443037974684,0.00864823081494318
-106.655462184874,33.5443037974684,0.0853384964361358
-106.159663865546,33.5443037974684,0.191594687849197
-105.663865546218,33.5443037974684,0.301081913674896
-105.168067226891,33.5443037974684,0.387664355346869
-104.672268907563,33.5443037974684,0.434329622284092
-104.176470588235,33.5443037974684,0.437198284989158
-103.680672268908,33.5443037974684,0.405976388723218
-103.18487394958,33.5443037974684,0.357287782414695
-102.689075630252,33.5443037974684,0.309606867231856
-102.193277310924,33.5443037974684,0.277648737279732
-101.697478991597,33.5443037974684,0.266529112950776
-101.201680672269,33.5443037974684,0.26860251343754
-100.705882352941,33.5443037974684,0.267568257953895
-100.210084033613,33.5443037974684,0.249182964592707
-99.7142857142857,33.5443037974684,0.205894079445164
-99.218487394958,33.5443037974684,0.138478284156593
-98.7226890756303,33.5443037974684,0.0563238948519796
-98.2268907563025,33.5443037974684,-0.0254658920288168
-97.7310924369748,33.5443037974684,-0.089312800885697
-97.2352941176471,33.5443037974684,-0.119527796253337
-96.7394957983193,33.5443037974684,-0.112911400351589
-96.2436974789916,33.5443037974684,-0.0775738031405627
-95.7478991596639,33.5443037974684,-0.0306025917857634
-95.2521008403361,33.5443037974684,0.0102188549934053
-94.7563025210084,33.5443037974684,0.0337644531107919
-94.2605042016807,33.5443037974684,0.0369611883768413
-93.7647058823529,33.5443037974684,0.0249527267328496
-93.2689075630252,33.5443037974684,0.00918362715025292
-92.7731092436975,33.5443037974684,0.000141439238053498
-92.2773109243697,33.5443037974684,0.00363629926454201
-91.781512605042,33.5443037974684,0.0175281434138275
-91.2857142857143,33.5443037974684,0.0319998026890489
-90.7899159663866,33.5443037974684,0.0353420512314594
-90.2941176470588,33.5443037974684,0.0202865376805604
-89.7983193277311,33.5443037974684,-0.0100422572205518
-89.3025210084034,33.5443037974684,-0.0451169020041416
-88.8067226890756,33.5443037974684,-0.0705096339670355
-88.3109243697479,33.5443037974684,-0.0754194631800211
-87.8151260504202,33.5443037974684,-0.0596565085498566
-87.3193277310924,33.5443037974684,-0.0355993587945169
-86.8235294117647,33.5443037974684,-0.0241110110349758
-86.327731092437,33.5443037974684,-0.0427455470165477
-85.8319327731092,33.5443037974684,-0.0926551072616163
-85.3361344537815,33.5443037974684,-0.157579170769204
-84.8403361344538,33.5443037974684,-0.21364423673246
-84.344537815126,33.5443037974684,-0.24032581138477
-83.8487394957983,33.5443037974684,-0.229627201090384
-83.3529411764706,33.5443037974684,-0.192381061654294
-82.8571428571429,33.5443037974684,-0.15114555075059
-82.3613445378151,33.5443037974684,-0.126763136839193
-81.8655462184874,33.5443037974684,-0.127082011655537
-81.3697478991597,33.5443037974684,-0.141729685387887
-80.8739495798319,33.5443037974684,-0.149995764134621
-80.3781512605042,33.5443037974684,-0.136551412794396
-79.8823529411765,33.5443037974684,-0.10039674906305
-79.3865546218487,33.5443037974684,-0.0531196509161136
-78.890756302521,33.5443037974684,-0.0123699349946887
-78.3949579831933,33.5443037974684,0.00787292286242226
-77.8991596638655,33.5443037974684,0.00217065333591432
-77.4033613445378,33.5443037974684,-0.0287328711710233
-76.9075630252101,33.5443037974684,-0.0816455230499598
-76.4117647058823,33.5443037974684,-0.151696273160275
-75.9159663865546,33.5443037974684,-0.233455693947747
-75.4201680672269,33.5443037974684,-0.322383836325076
-74.9243697478992,33.5443037974684,-0.415361620883625
-74.4285714285714,33.5443037974684,-0.510366293329101
-73.9327731092437,33.5443037974684,-0.606012886942597
-73.436974789916,33.5443037974684,-0.701280334620824
-72.9411764705882,33.5443037974684,-0.795415913748359
-72.4453781512605,33.5443037974684,-0.887927813410889
-71.9495798319328,33.5443037974684,-0.978589620997579
-71.453781512605,33.5443037974684,-1.0674208938782
-70.9579831932773,33.5443037974684,-1.15464006397088
-70.4621848739496,33.5443037974684,-1.24060095202035
-69.9663865546218,33.5443037974684,-1.32572659483424
-69.4705882352941,33.5443037974684,-1.41045056938194
-68.9747899159664,33.5443037974684,-1.49517116447551
-68.4789915966387,33.5443037974684,-1.58021982797726
-67.9831932773109,33.5443037974684,-1.66584289475838
-67.4873949579832,33.5443037974684,-1.7521944535313
-66.9915966386555,33.5443037974684,-1.8393378743788
-66.4957983193277,33.5443037974684,-1.92725362751961
-66,33.5443037974684,-2.0158512695395
-125,33.8607594936709,2.33348075169532
-124.504201680672,33.8607594936709,2.22459285258532
-124.008403361345,33.8607594936709,2.1017383083621
-123.512605042017,33.8607594936709,1.96700117189415
-123.016806722689,33.8607594936709,1.82415097107284
-122.521008403361,33.8607594936709,1.6785655609044
-122.025210084034,33.8607594936709,1.53654366897192
-121.529411764706,33.8607594936709,1.40377907973229
-121.033613445378,33.8607594936709,1.28297900093938
-120.53781512605,33.8607594936709,1.17108310698906
-120.042016806723,33.8607594936709,1.05736975903121
-119.546218487395,33.8607594936709,0.924516168457318
-119.050420168067,33.8607594936709,0.754651396556309
-118.55462184874,33.8607594936709,0.544165319873945
-118.058823529412,33.8607594936709,0.318414452047248
-117.563025210084,33.8607594936709,0.128351543047847
-117.067226890756,33.8607594936709,0.0192361760465494
-116.571428571429,33.8607594936709,0.00385838203017645
-116.075630252101,33.8607594936709,0.065726239126593
-115.579831932773,33.8607594936709,0.170934099842458
-115.084033613445,33.8607594936709,0.278869110297131
-114.588235294118,33.8607594936709,0.353538144081354
-114.09243697479,33.8607594936709,0.374339287657918
-113.596638655462,33.8607594936709,0.347912747957989
-113.100840336134,33.8607594936709,0.30237648294072
-112.605042016807,33.8607594936709,0.270627896937633
-112.109243697479,33.8607594936709,0.271983309769982
-111.613445378151,33.8607594936709,0.302707971390115
-111.117647058824,33.8607594936709,0.340206373341339
-110.621848739496,33.8607594936709,0.355246776095684
-110.126050420168,33.8607594936709,0.330829223031891
-109.63025210084,33.8607594936709,0.267357796094355
-109.134453781513,33.8607594936709,0.180228529166243
-108.638655462185,33.8607594936709,0.0944147398384161
-108.142857142857,33.8607594936709,0.0361029465102272
-107.647058823529,33.8607594936709,0.0231609233813218
-107.151260504202,33.8607594936709,0.0593707839895315
-106.655462184874,33.8607594936709,0.137477239412011
-106.159663865546,33.8607594936709,0.238365366892172
-105.663865546218,33.8607594936709,0.336095575469924
-105.168067226891,33.8607594936709,0.406269665067413
-104.672268907563,33.8607594936709,0.433624473811207
-104.176470588235,33.8607594936709,0.416939485450043
-103.680672268908,33.8607594936709,0.367626422257259
-103.18487394958,33.8607594936709,0.303399304979546
-102.689075630252,33.8607594936709,0.243790254128358
-102.193277310924,33.8607594936709,0.204756005069275
-101.697478991597,33.8607594936709,0.191933816948185
-101.201680672269,33.8607594936709,0.197320148904607
-100.705882352941,33.8607594936709,0.203705330802037
-100.210084033613,33.8607594936709,0.195675033149091
-99.7142857142857,33.8607594936709,0.164014936624043
-99.218487394958,33.8607594936709,0.107478985523205
-98.7226890756303,33.8607594936709,0.0335821179363597
-98.2268907563025,33.8607594936709,-0.0433883471886
-97.7310924369748,33.8607594936709,-0.105369098860435
-97.2352941176471,33.8607594936709,-0.135949947816186
-96.7394957983193,33.8607594936709,-0.131388686410001
-96.2436974789916,33.8607594936709,-0.0984128124278471
-95.7478991596639,33.8607594936709,-0.0543719630624949
-95.2521008403361,33.8607594936709,-0.0183984250676188
-94.7563025210084,33.8607594936709,-0.00250165734729057
-94.2605042016807,33.8607594936709,-0.00954748903079115
-93.7647058823529,33.8607594936709,-0.03283899434144
-93.2689075630252,33.8607594936709,-0.0572573985946943
-92.7731092436975,33.8607594936709,-0.0686816607268258
-92.2773109243697,33.8607594936709,-0.0591055162211126
-91.781512605042,33.8607594936709,-0.0315963730036802
-91.2857142857143,33.8607594936709,0.00053089840564309
-90.7899159663866,33.8607594936709,0.0217430235667587
-90.2941176470588,33.8607594936709,0.0217105780799337
-89.7983193277311,33.8607594936709,0.00134316157218133
-89.3025210084034,33.8607594936709,-0.0294783010234037
-88.8067226890756,33.8607594936709,-0.0556873713169021
-88.3109243697479,33.8607594936709,-0.0649201194674868
-87.8151260504202,33.8607594936709,-0.0547283431210916
-87.3193277310924,33.8607594936709,-0.035085834672602
-86.8235294117647,33.8607594936709,-0.0254180275118854
-86.327731092437,33.8607594936709,-0.0422071970266448
-85.8319327731092,33.8607594936709,-0.0878558446110341
-85.3361344537815,33.8607594936709,-0.147246989984409
-84.8403361344538,33.8607594936709,-0.197496439876787
-84.344537815126,33.8607594936709,-0.219804584001357
-83.8487394957983,33.8607594936709,-0.207727568103328
-83.3529411764706,33.8607594936709,-0.172138632320637
-82.8571428571429,33.8607594936709,-0.135270759790348
-82.3613445378151,33.8607594936709,-0.117886067469452
-81.8655462184874,33.8607594936709,-0.127417430612586
-81.3697478991597,33.8607594936709,-0.152331362441225
-80.8739495798319,33.8607594936709,-0.170339310166099
-80.3781512605042,33.8607594936709,-0.164834538098546
-79.8823529411765,33.8607594936709,-0.13317989464405
-79.3865546218487,33.8607594936709,-0.0871639814394993
-78.890756302521,33.8607594936709,-0.0458940791708702
-78.3949579831933,33.8607594936709,-0.0247096913740857
-77.8991596638655,33.8607594936709,-0.0293148197301344
-77.4033613445378,33.8607594936709,-0.0586994873221773
-76.9075630252101,33.8607594936709,-0.109870085031893
-76.4117647058823,33.8607594936709,-0.1776888543634
-75.9159663865546,33.8607594936709,-0.256321364497021
-75.4201680672269,33.8607594936709,-0.341243397145405
-74.9243697478992,33.8607594936709,-0.42968330985486
-74.4285714285714,33.8607594936709,-0.519941495910902
-73.9327731092437,33.8607594936709,-0.61080142464894
-73.436974789916,33.8607594936709,-0.70128110208371
-72.9411764705882,33.8607594936709,-0.79060939605717
-72.4453781512605,33.8607594936709,-0.878279365984681
-71.9495798319328,33.8607594936709,-0.964081887000085
-71.453781512605,33.8607594936709,-1.0480882777469
-70.9579831932773,33.8607594936709,-1.13059088969393
-70.4621848739496,33.8607594936709,-1.21202377868695
-69.9663865546218,33.8607594936709,-1.29288330605042
-69.4705882352941,33.8607594936709,-1.37366102318571
-68.9747899159664,33.8607594936709,-1.45479399338096
-68.4789915966387,33.8607594936709,-1.53663281759124
-67.9831932773109,33.8607594936709,-1.61942509737187
-67.4873949579832,33.8607594936709,-1.70331116968878
-66.9915966386555,33.8607594936709,-1.78832896976123
-66.4957983193277,33.8607594936709,-1.87442522737221
-66,33.8607594936709,-1.96147064379148
-125,34.1772151898734,2.24208393648852
-124.504201680672,34.1772151898734,2.13233336845801
-124.008403361345,34.1772151898734,2.00677849821246
-123.512605042017,34.1772151898734,1.86728166480634
-123.016806722689,34.1772151898734,1.71776620914292
-122.521008403361,34.1772151898734,1.56434780309624
-122.025210084034,34.1772151898734,1.41478003519823
-121.529411764706,34.1772151898734,1.27685640338056
-121.033613445378,34.1772151898734,1.15560893541693
-120.53781512605,34.1772151898734,1.04964560412148
-120.042016806723,34.1772151898734,0.948076191019696
-119.546218487395,34.1772151898734,0.830965457164785
-119.050420168067,34.1772151898734,0.675990410578603
-118.55462184874,34.1772151898734,0.478224680047843
-118.058823529412,34.1772151898734,0.267228112542824
-117.563025210084,34.1772151898734,0.0937828025153944
-117.067226890756,34.1772151898734,0.00316093181301626
-116.571428571429,34.1772151898734,0.00714905783080695
-116.075630252101,34.1772151898734,0.0884244959306666
-115.579831932773,34.1772151898734,0.212463684921777
-115.084033613445,34.1772151898734,0.337314450502247
-114.588235294118,34.1772151898734,0.42379123420328
-114.09243697479,34.1772151898734,0.448159615847879
-113.596638655462,34.1772151898734,0.4179804026254
-113.100840336134,34.1772151898734,0.363345146751264
-112.605042016807,34.1772151898734,0.318148344256382
-112.109243697479,34.1772151898734,0.303151890987115
-111.613445378151,34.1772151898734,0.317276039718952
-111.117647058824,34.1772151898734,0.340668803573622
-110.621848739496,34.1772151898734,0.346856010143327
-110.126050420168,34.1772151898734,0.320130259677347
-109.63025210084,34.1772151898734,0.260138470012365
-109.134453781513,34.1772151898734,0.180878423441654
-108.638655462185,34.1772151898734,0.105542641941097
-108.142857142857,34.1772151898734,0.0579725058526605
-107.647058823529,34.1772151898734,0.05366867629514
-107.151260504202,34.1772151898734,0.0947318004574111
-106.655462184874,34.1772151898734,0.17209890463946
-106.159663865546,34.1772151898734,0.265797491610347
-105.663865546218,34.1772151898734,0.350775079002117
-105.168067226891,34.1772151898734,0.404895209126301
-104.672268907563,34.1772151898734,0.41513860166607
-104.176470588235,34.1772151898734,0.38247828335085
-103.680672268908,34.1772151898734,0.319718669570818
-103.18487394958,34.1772151898734,0.244916095073996
-102.689075630252,34.1772151898734,0.177872422991268
-102.193277310924,34.1772151898734,0.135237140526105
-101.697478991597,34.1772151898734,0.122811187798953
-101.201680672269,34.1772151898734,0.132125484973036
-100.705882352941,34.1772151898734,0.146260492774621
-100.210084033613,34.1772151898734,0.14915186710072
-99.7142857142857,34.1772151898734,0.130038059966463
-99.218487394958,34.1772151898734,0.0858271066714135
-98.7226890756303,34.1772151898734,0.0222771653104126
-98.2268907563025,34.1772151898734,-0.0471628383137133
-97.7310924369748,34.1772151898734,-0.104486941869219
-97.2352941176471,34.1772151898734,-0.133788859889297
-96.7394957983193,34.1772151898734,-0.130419409086572
-96.2436974789916,34.1772151898734,-0.100208602470442
-95.7478991596639,34.1772151898734,-0.0600311851702104
-95.2521008403361,34.1772151898734,-0.0296770714341716
-94.7563025210084,34.1772151898734,-0.0223607394488471
-94.2605042016807,34.1772151898734,-0.0412127825465217
-93.7647058823529,34.1772151898734,-0.0780183167873957
-93.2689075630252,34.1772151898734,-0.114167762891271
-92.7731092436975,34.1772151898734,-0.131508876131628
-92.2773109243697,34.1772151898734,-0.119062990757064
-91.781512605042,34.1772151898734,-0.0803007684796483
-91.2857142857143,34.1772151898734,-0.0318812572662068
-90.7899159663866,34.1772151898734,0.00682693782185892
-90.2941176470588,34.1772151898734,0.0224273876767023
-89.7983193277311,34.1772151898734,0.0127877748370525
-89.3025210084034,34.1772151898734,-0.0135704937877968
-88.8067226890756,34.1772151898734,-0.041496452309923
-88.3109243697479,34.1772151898734,-0.0572136243542041
-87.8151260504202,34.1772151898734,-0.0553783326366528
-87.3193277310924,34.1772151898734,-0.0423240352432967
-86.8235294117647,34.1772151898734,-0.0347209393062548
-86.327731092437,34.1772151898734,-0.0478959959268675
-85.8319327731092,34.1772151898734,-0.0849892247933987
-85.3361344537815,34.1772151898734,-0.133235350941184
-84.8403361344538,34.1772151898734,-0.172519944513722
-84.344537815126,34.1772151898734,-0.186820637833157
-83.8487394957983,34.1772151898734,-0.171483260881303
-83.3529411764706,34.1772151898734,-0.137368432165965
-82.8571428571429,34.1772151898734,-0.105615164628307
-82.3613445378151,34.1772151898734,-0.0958579713317601
-81.8655462184874,34.1772151898734,-0.114713243962908
-81.3697478991597,34.1772151898734,-0.150010527473206
-80.8739495798319,34.1772151898734,-0.178778990170633
-80.3781512605042,34.1772151898734,-0.183606882266004
-79.8823529411765,34.1772151898734,-0.160196764918239
-79.3865546218487,34.1772151898734,-0.119483998447696
-78.890756302521,34.1772151898734,-0.0808881486191587
-78.3949579831933,34.1772151898734,-0.060302460025475
-77.8991596638655,34.1772151898734,-0.0638674149654956
-77.4033613445378,34.1772151898734,-0.0912932062163217
-76.9075630252101,34.1772151898734,-0.140104513301505
-76.4117647058823,34.1772151898734,-0.20494941447013
-75.9159663865546,34.1772151898734,-0.279629363600166
-75.4201680672269,34.1772151898734,-0.359836025197215
-74.9243697478992,34.1772151898734,-0.443301011665068
-74.4285714285714,34.1772151898734,-0.528639671266503
-73.9327731092437,34.1772151898734,-0.614717096740245
-73.436974789916,34.1772151898734,-0.700489728262555
-72.9411764705882,34.1772151898734,-0.785092476199978
-72.4453781512605,34.1772151898734,-0.867965236089805
-71.9495798319328,34.1772151898734,-0.948909256400213
-71.453781512605,34.1772151898734,-1.02805891117758
-70.9579831932773,34.1772151898734,-1.10579837883909
-70.4621848739496,34.1772151898734,-1.18265895391833
-69.9663865546218,34.1772151898734,-1.25922285625775
-69.4705882352941,34.1772151898734,-1.33604684702757
-68.9747899159664,34.1772151898734,-1.41360934073452
-68.4789915966387,34.1772151898734,-1.49227918298269
-67.9831932773109,34.1772151898734,-1.57230202388602
-67.4873949579832,34.1772151898734,-1.6537998981397
-66.9915966386555,34.1772151898734,-1.73678015177948
-66.4957983193277,34.1772151898734,-1.82115055451108
-66,34.1772151898734,-1.90673804762895
-125,34.4936708860759,2.15054627131328
-124.504201680672,34.4936708860759,2.04056970582934
-124.008403361345,34.4936708860759,1.91275051812914
-123.512605042017,34.4936708860759,1.76851897218358
-123.016806722689,34.4936708860759,1.61172867436552
-122.521008403361,34.4936708860759,1.44906701836141
-122.025210084034,34.4936708860759,1.2897276617387
-121.529411764706,34.4936708860759,1.14382749111911
-121.033613445378,34.4936708860759,1.01923460974481
-120.53781512605,34.4936708860759,0.916961588631526
-120.042016806723,34.4936708860759,0.826582710081451
-119.546218487395,34.4936708860759,0.725724492878034
-119.050420168067,34.4936708860759,0.588797341042521
-118.55462184874,34.4936708860759,0.410508723686896
-118.058823529412,34.4936708860759,0.221637336801651
-117.563025210084,34.4936708860759,0.0706430057424186
-117.067226890756,34.4936708860759,-0.00043771518647499
-116.571428571429,34.4936708860759,0.02015478044767
-116.075630252101,34.4936708860759,0.116061386012271
-115.579831932773,34.4936708860759,0.253435205587583
-115.084033613445,34.4936708860759,0.390356814897695
-114.588235294118,34.4936708860759,0.485395149276888
-114.09243697479,34.4936708860759,0.511585994476596
-113.596638655462,34.4936708860759,0.477604473339966
-113.100840336134,34.4936708860759,0.414767825266092
-112.605042016807,34.4936708860759,0.356816195866944
-112.109243697479,34.4936708860759,0.325182337758333
-111.613445378151,34.4936708860759,0.32161396308953
-111.117647058824,34.4936708860759,0.329561713441276
-110.621848739496,34.4936708860759,0.326192105295492
-110.126050420168,34.4936708860759,0.296709454503337
-109.63025210084,34.4936708860759,0.240247542200572
-109.134453781513,34.4936708860759,0.169168306233337
-108.638655462185,34.4936708860759,0.104445561125111
-108.142857142857,34.4936708860759,0.0670335759182101
-107.647058823529,34.4936708860759,0.0696190237608848
-107.151260504202,34.4936708860759,0.113266637443992
-106.655462184874,34.4936708860759,0.187645339251719
-106.159663865546,34.4936708860759,0.272432105963957
-105.663865546218,34.4936708860759,0.34383393323807
-105.168067226891,34.4936708860759,0.382590410268172
-104.672268907563,34.4936708860759,0.379043499189946
-104.176470588235,34.4936708860759,0.3351272089038
-103.680672268908,34.4936708860759,0.26436428394514
-103.18487394958,34.4936708860759,0.184444640866066
-102.689075630252,34.4936708860759,0.114773779117235
-102.193277310924,34.4936708860759,0.072079497163278
-101.697478991597,34.4936708860759,0.0620944490858583
-101.201680672269,34.4936708860759,0.0761434968003663
-100.705882352941,34.4936708860759,0.0981078984952041
-100.210084033613,34.4936708860759,0.111872402609504
-99.7142857142857,34.4936708860759,0.105464994785692
-99.218487394958,34.4936708860759,0.0742215611993062
-98.7226890756303,34.4936708860759,0.022265900220026
-98.2268907563025,34.4936708860759,-0.0379215273040855
-97.7310924369748,34.4936708860759,-0.088854682037682
-97.2352941176471,34.4936708860759,-0.115365792241433
-96.7394957983193,34.4936708860759,-0.111901522453447
-96.2436974789916,34.4936708860759,-0.0840946214834384
-95.7478991596639,34.4936708860759,-0.0479778574209985
-95.2521008403361,34.4936708860759,-0.0233180672892488
-94.7563025210084,34.4936708860759,-0.0244652521123565
-94.2605042016807,34.4936708860759,-0.0551208102065902
-93.7647058823529,34.4936708860759,-0.106050533295374
-93.2689075630252,34.4936708860759,-0.155805635697539
-92.7731092436975,34.4936708860759,-0.181952583783373
-92.2773109243697,34.4936708860759,-0.170190374769892
-91.781512605042,34.4936708860759,-0.12383862437408
-91.2857142857143,34.4936708860759,-0.0620418856260011
-90.7899159663866,34.4936708860759,-0.00740154666857953
-90.2941176470588,34.4936708860759,0.0230978995640214
-89.7983193277311,34.4936708860759,0.0239915132774601
-89.3025210084034,34.4936708860759,0.00203144020693414
-88.8067226890756,34.4936708860759,-0.0281409311008614
-88.3109243697479,34.4936708860759,-0.051580967818501
-87.8151260504202,34.4936708860759,-0.059732679060302
-87.3193277310924,34.4936708860759,-0.0549265620021057
-86.8235294117647,34.4936708860759,-0.0503442840008224
-86.327731092437,34.4936708860759,-0.0589615594224307
-85.8319327731092,34.4936708860759,-0.0845504630177277
-85.3361344537815,34.4936708860759,-0.117642389462707
-84.8403361344538,34.4936708860759,-0.142300362374115
-84.344537815126,34.4936708860759,-0.146065582152768
-83.8487394957983,34.4936708860759,-0.126274756300637
-83.3529411764706,34.4936708860759,-0.0937980094315766
-82.8571428571429,34.4936708860759,-0.0683184393343968
-82.3613445378151,34.4936708860759,-0.0669664492884871
-81.8655462184874,34.4936708860759,-0.0948947776798411
-81.3697478991597,34.4936708860759,-0.139826612263216
-80.8739495798319,34.4936708860759,-0.179000120766338
-80.3781512605042,34.4936708860759,-0.194822239677351
-79.8823529411765,34.4936708860759,-0.182060937339735
-79.3865546218487,34.4936708860759,-0.149972077778591
-78.890756302521,34.4936708860759,-0.11688043064489
-78.3949579831933,34.4936708860759,-0.0983534579533601
-77.8991596638655,34.4936708860759,-0.101089727765689
-77.4033613445378,34.4936708860759,-0.125990753043389
-76.9075630252101,34.4936708860759,-0.171484496641079
-76.4117647058823,34.4936708860759,-0.232210872880257
-75.9159663865546,34.4936708860759,-0.301859933388268
-75.4201680672269,34.4936708860759,-0.376645653272287
-74.9243697478992,34.4936708860759,-0.454874015793279
-74.4285714285714,34.4936708860759,-0.535359111684867
-73.9327731092437,34.4936708860759,-0.61689171032632
-73.436974789916,34.4936708860759,-0.698227150860643
-72.9411764705882,34.4936708860759,-0.778320564969816
-72.4453781512605,34.4936708860759,-0.856528707350038
-71.9495798319328,34.4936708860759,-0.932671052625852
-71.453781512605,34.4936708860759,-1.00697036602914
-70.9579831932773,34.4936708860759,-1.07993074946127
-70.4621848739496,34.4936708860759,-1.15220369564846
-69.9663865546218,34.4936708860759,-1.22447243852577
-69.4705882352941,34.4936708860759,-1.29736669124278
-68.9747899159664,34.4936708860759,-1.37140821576577
-68.4789915966387,34.4936708860759,-1.44698222014145
-67.9831932773109,34.4936708860759,-1.52432820060986
-67.4873949579832,34.4936708860759,-1.60354450181251
-66.9915966386555,34.4936708860759,-1.68460208550123
-66.4957983193277,34.4936708860759,-1.76736408674971
-66,34.4936708860759,-1.85160850544943
-125,34.8101265822785,2.05934996830668
-124.504201680672,34.8101265822785,1.95010759861952
-124.008403361345,34.8101265822785,1.82088582602298
-123.512605042017,34.8101265822785,1.6724480064264
-123.016806722689,34.8101265822785,1.508299146911
-122.521008403361,34.8101265822785,1.33545038640131
-122.025210084034,34.8101265822785,1.16442858098638
-121.529411764706,34.8101265822785,1.00781436506995
-121.033613445378,34.8101265822785,0.876761866377909
-120.53781512605,34.8101265822785,0.775473907577109
-120.042016806723,34.8101265822785,0.694846039088979
-119.546218487395,34.8101265822785,0.61070651538956
-119.050420168067,34.8101265822785,0.495357196300456
-118.55462184874,34.8101265822785,0.342848935820842
-118.058823529412,34.8101265822785,0.181845449334059
-117.563025210084,34.8101265822785,0.0568967681122296
-117.067226890756,34.8101265822785,0.00481153397620992
-116.571428571429,34.8101265822785,0.0385070159914398
-116.075630252101,34.8101265822785,0.143826079953239
-115.579831932773,34.8101265822785,0.288410287104825
-115.084033613445,34.8101265822785,0.431560495776962
-114.588235294118,34.8101265822785,0.530964102593926
-114.09243697479,34.8101265822785,0.557457667778959
-113.596638655462,34.8101265822785,0.519842731700524
-113.100840336134,34.8101265822785,0.450148092784968
-112.605042016807,34.8101265822785,0.381368415193999
-112.109243697479,34.8101265822785,0.334677240587356
-111.613445378151,34.8101265822785,0.313957296306406
-111.117647058824,34.8101265822785,0.306655986255142
-110.621848739496,34.8101265822785,0.293687946937435
-110.126050420168,34.8101265822785,0.2618280412358
-109.63025210084,34.8101265822785,0.209237780635045
-109.134453781513,34.8101265822785,0.146420604505124
-108.638655462185,34.8101265822785,0.0919161508892587
-108.142857142857,34.8101265822785,0.0634853797124745
-107.647058823529,34.8101265822785,0.0709590094045777
-107.151260504202,34.8101265822785,0.114603027042499
-106.655462184874,34.8101265822785,0.183560220930282
-106.159663865546,34.8101265822785,0.257796975766271
-105.663865546218,34.8101265822785,0.31552098058149
-105.168067226891,34.8101265822785,0.340714081359646
-104.672268907563,34.8101265822785,0.326746243914906
-104.176470588235,34.8101265822785,0.27693809235718
-103.680672268908,34.8101265822785,0.204050398399092
-103.18487394958,34.8101265822785,0.124749027474834
-102.689075630252,34.8101265822785,0.0574132748292
-102.193277310924,34.8101265822785,0.0179993604409386
-101.697478991597,34.8101265822785,0.0120217648730101
-101.201680672269,34.8101265822785,0.0313770031661859
-100.705882352941,34.8101265822785,0.0608053742111957
-100.210084033613,34.8101265822785,0.0845540706973287
-99.7142857142857,34.8101265822785,0.0900603188163626
-99.218487394958,34.8101265822785,0.0715449848071825
-98.7226890756303,34.8101265822785,0.0315303840880625
-98.2268907563025,34.8101265822785,-0.0187292326848868
-97.7310924369748,34.8101265822785,-0.0624292289525094
-97.2352941176471,34.8101265822785,-0.0850834006448893
-96.7394957983193,34.8101265822785,-0.080578042599709
-96.2436974789916,34.8101265822785,-0.0543180589796066
-95.7478991596639,34.8101265822785,-0.0216344008415123
-95.2521008403361,34.8101265822785,-0.00197931459037917
-94.7563025210084,34.8101265822785,-0.0104068217346358
-94.2605042016807,34.8101265822785,-0.0513249089153657
-93.7647058823529,34.8101265822785,-0.115271732896581
-93.2689075630252,34.8101265822785,-0.178869792814136
-92.7731092436975,34.8101265822785,-0.215686368957956
-92.2773109243697,34.8101265822785,-0.208304037493165
-91.781512605042,34.8101265822785,-0.15908261271472
-91.2857142857143,34.8101265822785,-0.0880759071994478
-90.7899159663866,34.8101265822785,-0.020240468816043
-90.2941176470588,34.8101265822785,0.0234129564087693
-89.7983193277311,34.8101265822785,0.0340050051940821
-89.3025210084034,34.8101265822785,0.0163636484501726
-88.8067226890756,34.8101265822785,-0.015792809434351
-88.3109243697479,34.8101265822785,-0.0468825421956468
-87.8151260504202,34.8101265822785,-0.0656393242917408
-87.3193277310924,34.8101265822785,-0.0702999382798402
-86.8235294117647,34.8101265822785,-0.0696519490671886
-86.327731092437,34.8101265822785,-0.0735885399965879
-85.8319327731092,34.8101265822785,-0.0861761575858022
-85.3361344537815,34.8101265822785,-0.101847553521289
-84.8403361344538,34.8101265822785,-0.10972984450621
-84.344537815126,34.8101265822785,-0.101500781959054
-83.8487394957983,34.8101265822785,-0.0769577789727729
-83.3529411764706,34.8101265822785,-0.0469663776153326
-82.8571428571429,34.8101265822785,-0.0291010842120565
-82.3613445378151,34.8101265822785,-0.0369250245269249
-81.8655462184874,34.8101265822785,-0.0733220215981917
-81.3697478991597,34.8101265822785,-0.126190702919541
-80.8739495798319,34.8101265822785,-0.174093366359827
-80.3781512605042,34.8101265822785,-0.200142113579244
-79.8823529411765,34.8101265822785,-0.199073491574361
-79.3865546218487,34.8101265822785,-0.17793053045388
-78.890756302521,34.8101265822785,-0.152494912167734
-78.3949579831933,34.8101265822785,-0.137315055241343
-77.8991596638655,34.8101265822785,-0.139766769002383
-77.4033613445378,34.8101265822785,-0.161773989877846
-76.9075630252101,34.8101265822785,-0.202547100195538
-76.4117647058823,34.8101265822785,-0.257474575451514
-75.9159663865546,34.8101265822785,-0.320890109333964
-75.4201680672269,34.8101265822785,-0.389801482619896
-74.9243697478992,34.8101265822785,-0.462894379822154
-74.4285714285714,34.8101265822785,-0.538957400078335
-73.9327731092437,34.8101265822785,-0.61648844459741
-73.436974789916,34.8101265822785,-0.693873913823314
-72.9411764705882,34.8101265822785,-0.769809729873862
-72.4453781512605,34.8101265822785,-0.843562464351145
-71.9495798319328,34.8101265822785,-0.915002163482571
-71.453781512605,34.8101265822785,-0.984484255980961
-70.9579831932773,34.8101265822785,-1.05267261497183
-70.4621848739496,34.8101265822785,-1.12036758331711
-69.9663865546218,34.8101265822785,-1.18837020256999
-69.4705882352941,34.8101265822785,-1.25739031837496
-68.9747899159664,34.8101265822785,-1.32799361408609
-68.4789915966387,34.8101265822785,-1.40057824784993
-67.9831932773109,34.8101265822785,-1.47537206014523
-67.4873949579832,34.8101265822785,-1.55244333257598
-66.9915966386555,34.8101265822785,-1.63172015140079
-66.4957983193277,34.8101265822785,-1.71301488524638
-66,34.8101265822785,-1.79605115194748
-125,35.126582278481,1.96881799398995
-124.504201680672,35.126582278481,1.86159753531864
-124.008403361345,35.126582278481,1.73230589602036
-123.512605042017,35.126582278481,1.58079706887294
-123.016806722689,35.126582278481,1.40990599203455
-122.521008403361,35.126582278481,1.22664339521517
-122.025210084034,35.126582278481,1.04266932657891
-121.529411764706,35.126582278481,0.873083372964763
-121.033613445378,35.126582278481,0.732674626977771
-120.53781512605,35.126582278481,0.629516837631977
-120.042016806723,35.126582278481,0.556770591690482
-119.546218487395,35.126582278481,0.489716460448439
-119.050420168067,35.126582278481,0.399076132974605
-118.55462184874,35.126582278481,0.276754267327637
-118.058823529412,35.126582278481,0.147127987292189
-117.563025210084,35.126582278481,0.0492828830072103
-117.067226890756,35.126582278481,0.01503692204511
-116.571428571429,35.126582278481,0.0581610583096336
-116.075630252101,35.126582278481,0.167193625153031
-115.579831932773,35.126582278481,0.312336092814267
-115.084033613445,35.126582278481,0.455136835630282
-114.588235294118,35.126582278481,0.553966277944951
-114.09243697479,35.126582278481,0.579098604762024
-113.596638655462,35.126582278481,0.538687549636675
-113.100840336134,35.126582278481,0.464380277098575
-112.605042016807,35.126582278481,0.387761294138097
-112.109243697479,35.126582278481,0.329096839670519
-111.613445378151,35.126582278481,0.293680266069485
-111.117647058824,35.126582278481,0.272873653135478
-110.621848739496,35.126582278481,0.251627800199573
-110.126050420168,35.126582278481,0.218243912939823
-109.63025210084,35.126582278481,0.170054514475352
-109.134453781513,35.126582278481,0.115477014539858
-108.638655462185,35.126582278481,0.0703134678240311
-108.142857142857,35.126582278481,0.0492211466492351
-107.647058823529,35.126582278481,0.0592077346555218
-107.151260504202,35.126582278481,0.100003516768152
-106.655462184874,35.126582278481,0.160947323914363
-106.159663865546,35.126582278481,0.223265486561594
-105.663865546218,35.126582278481,0.267987049622716
-105.168067226891,35.126582278481,0.28224032640469
-104.672268907563,35.126582278481,0.261628049343279
-104.176470588235,35.126582278481,0.210858961069266
-103.680672268908,35.126582278481,0.141584039468911
-103.18487394958,35.126582278481,0.068616952075148
-102.689075630252,35.126582278481,0.00846361394176576
-102.193277310924,35.126582278481,-0.0246370913228001
-101.697478991597,35.126582278481,-0.0255197791411685
-101.201680672269,35.126582278481,-0.000968775476430624
-100.705882352941,35.126582278481,0.0348126576411742
-100.210084033613,35.126582278481,0.066755808074498
-99.7142857142857,35.126582278481,0.0824218865934383
-99.218487394958,35.126582278481,0.0754237587558035
-98.7226890756303,35.126582278481,0.0467828805394778
-98.2268907563025,35.126582278481,0.00640437082702913
-97.7310924369748,35.126582278481,-0.0297503487577296
-97.2352941176471,35.126582278481,-0.04810386104283
-96.7394957983193,35.126582278481,-0.0422500043688208
-96.2436974789916,35.126582278481,-0.0169263660469976
-95.7478991596639,35.126582278481,0.0132635725035999
-95.2521008403361,35.126582278481,0.0292404863993605
-94.7563025210084,35.126582278481,0.0155847967734104
-94.2605042016807,35.126582278481,-0.0329298993188127
-93.7647058823529,35.126582278481,-0.107468940107055
-93.2689075630252,35.126582278481,-0.183395458228561
-92.7731092436975,35.126582278481,-0.231462593162944
-92.2773109243697,35.126582278481,-0.231918973336095
-91.781512605042,35.126582278481,-0.184950447106744
-91.2857142857143,35.126582278481,-0.109486795215025
-90.7899159663866,35.126582278481,-0.0322830177127932
-90.2941176470588,35.126582278481,0.0220073382156432
-89.7983193277311,35.126582278481,0.0412660997256899
-89.3025210084034,35.126582278481,0.0281523898953577
-88.8067226890756,35.126582278481,-0.00496408545391666
-88.3109243697479,35.126582278481,-0.0425641821589793
-87.8151260504202,35.126582278481,-0.0715287668325441
-87.3193277310924,35.126582278481,-0.0861946216811001
-86.8235294117647,35.126582278481,-0.0901364193367001
-86.327731092437,35.126582278481,-0.0896997159051433
-85.8319327731092,35.126582278481,-0.0890289562734139
-85.3361344537815,35.126582278481,-0.0866181987912636
-84.8403361344538,35.126582278481,-0.0770279392781378
-84.344537815126,35.126582278481,-0.056551862738675
-83.8487394957983,35.126582278481,-0.0278826026779303
-83.3529411764706,35.126582278481,-0.00166267177350423
-82.8571428571429,35.126582278481,0.0075163681635155
-82.3613445378151,35.126582278481,-0.00985693056235574
-81.8655462184874,35.126582278481,-0.05366576238582
-81.3697478991597,35.126582278481,-0.111992087579114
-80.8739495798319,35.126582278481,-0.165911098896383
-80.3781512605042,35.126582278481,-0.20044770815992
-79.8823529411765,35.126582278481,-0.210653039999026
-79.3865546218487,35.126582278481,-0.201605383810685
-78.890756302521,35.126582278481,-0.185614535602906
-78.3949579831933,35.126582278481,-0.175068503529189
-77.8991596638655,35.126582278481,-0.177548121150903
-77.4033613445378,35.126582278481,-0.19610291968702
-76.9075630252101,35.126582278481,-0.23049078373841
-76.4117647058823,35.126582278481,-0.277662674664818
-75.9159663865546,35.126582278481,-0.333995643557351
-75.4201680672269,35.126582278481,-0.397181320192859
-74.9243697478992,35.126582278481,-0.465801817202081
-74.4285714285714,35.126582278481,-0.538361705579739
-73.9327731092437,35.126582278481,-0.612791149639839
-73.436974789916,35.126582278481,-0.6869327195015
-72.9411764705882,35.126582278481,-0.759175945180425
-72.4453781512605,35.126582278481,-0.828731236714981
-71.9495798319328,35.126582278481,-0.895585499870275
-71.453781512605,35.126582278481,-0.960293322295677
-70.9579831932773,35.126582278481,-1.02372975693998
-70.4621848739496,35.126582278481,-1.08687666375605
-69.9663865546218,35.126582278481,-1.15066937360781
-69.4705882352941,35.126582278481,-1.21590288414446
-68.9747899159664,35.126582278481,-1.28318485914952
-68.4789915966387,35.126582278481,-1.3529208468252
-67.9831932773109,35.126582278481,-1.42531993992627
-67.4873949579832,35.126582278481,-1.50041289741682
-66.9915966386555,35.126582278481,-1.57807772766565
-66.4957983193277,35.126582278481,-1.65806946771147
-66,35.126582278481,-1.74005169202498
-125,35.4430379746835,1.87904559825982
-124.504201680672,35.4430379746835,1.77542933562208
-124.008403361345,35.4430379746835,1.64787526317413
-123.512605042017,35.4430379746835,1.49510051766144
-123.016806722689,35.4430379746835,1.31892645789919
-122.521008403361,35.4430379746835,1.12597884572429
-122.025210084034,35.4430379746835,0.928765378504314
-121.529411764706,35.4430379746835,0.744879728556945
-121.033613445378,35.4430379746835,0.593022412182338
-120.53781512605,35.4430379746835,0.485518234063557
-120.042016806723,35.4430379746835,0.418823631634408
-119.546218487395,35.4430379746835,0.368505233533275
-119.050420168067,35.4430379746835,0.303909761370047
-118.55462184874,35.4430379746835,0.213904520157896
-118.058823529412,35.4430379746835,0.116880782399575
-117.563025210084,35.4430379746835,0.0454514613697513
-117.067226890756,35.4430379746835,0.0274034831426387
-116.571428571429,35.4430379746835,0.0759286657923521
-116.075630252101,35.4430379746835,0.182595079499893
-115.579831932773,35.4430379746835,0.321550091685885
-115.084033613445,35.4430379746835,0.457322989108038
-114.588235294118,35.4430379746835,0.55018458894215
-114.09243697479,35.4430379746835,0.572049014689967
-113.596638655462,35.4430379746835,0.530502220719329
-113.100840336134,35.4430379746835,0.454720662455551
-112.605042016807,35.4430379746835,0.37395015040092
-112.109243697479,35.4430379746835,0.307339722470399
-111.613445378151,35.4430379746835,0.261139571464551
-111.117647058824,35.4430379746835,0.230092186017477
-110.621848739496,35.4430379746835,0.202965711185298
-110.126050420168,35.4430379746835,0.169491380064637
-109.63025210084,35.4430379746835,0.126378892326827
-109.134453781513,35.4430379746835,0.0800184963918469
-108.638655462185,35.4430379746835,0.043158252390089
-108.142857142857,35.4430379746835,0.0272892949456215
-107.647058823529,35.4430379746835,0.0373313643454749
-107.151260504202,35.4430379746835,0.072282077998216
-106.655462184874,35.4430379746835,0.122639337823853
-106.159663865546,35.4430379746835,0.172099129693804
-105.663865546218,35.4430379746835,0.204892380580237
-105.168067226891,35.4430379746835,0.210833472176608
-104.672268907563,35.4430379746835,0.187349670082797
-104.176470588235,35.4430379746835,0.140208583969315
-103.680672268908,35.4430379746835,0.0797433374092142
-103.18487394958,35.4430379746835,0.0183325076236065
-102.689075630252,35.4430379746835,-0.0301872733047509
-102.193277310924,35.4430379746835,-0.054182353750377
-101.697478991597,35.4430379746835,-0.0492340952395566
-101.201680672269,35.4430379746835,-0.0204161937855395
-100.705882352941,35.4430379746835,0.0197654960299544
-100.210084033613,35.4430379746835,0.0572620718227654
-99.7142857142857,35.4430379746835,0.0805143099735814
-99.218487394958,35.4430379746835,0.0828909277264327
-98.7226890756303,35.4430379746835,0.0642623629682498
-98.2268907563025,35.4430379746835,0.0331795601128349
-97.7310924369748,35.4430379746835,0.00435541396704158
-97.2352941176471,35.4430379746835,-0.00986566049909656
-96.7394957983193,35.4430379746835,-0.00293453230107265
-96.2436974789916,35.4430379746835,0.0215391559499945
-95.7478991596639,35.4430379746835,0.0499602378595021
-95.2521008403361,35.4430379746835,0.0637322870280488
-94.7563025210084,35.4430379746835,0.0473169477102379
-94.2605042016807,35.4430379746835,-0.00545227327415868
-93.7647058823529,35.4430379746835,-0.0869931201778814
-93.2689075630252,35.4430379746835,-0.172276911543418
-92.7731092436975,35.4430379746835,-0.231087579058863
-92.2773109243697,35.4430379746835,-0.242000726862357
-91.781512605042,35.4430379746835,-0.201867606025992
-91.2857142857143,35.4430379746835,-0.126787837138046
-90.7899159663866,35.4430379746835,-0.044565306394554
-90.2941176470588,35.4430379746835,0.0173515705725253
-89.7983193277311,35.4430379746835,0.0441573862545376
-89.3025210084034,35.4430379746835,0.0360368134227713
-88.8067226890756,35.4430379746835,0.00342599830832196
-88.3109243697479,35.4430379746835,-0.0389390619607917
-87.8151260504202,35.4430379746835,-0.0767945768547168
-87.3193277310924,35.4430379746835,-0.100942325038045
-86.8235294117647,35.4430379746835,-0.109649972573983
-86.327731092437,35.4430379746835,-0.105382455758431
-85.8319327731092,35.4430379746835,-0.0922735305707244
-85.3361344537815,35.4430379746835,-0.0725243688340434
-84.8403361344538,35.4430379746835,-0.0460636103553016
-84.344537815126,35.4430379746835,-0.0142069856802592
-83.8487394957983,35.4430379746835,0.0171980626467036
-83.3529411764706,35.4430379746835,0.0381963936881906
-82.8571428571429,35.4430379746835,0.0379845291116635
-82.3613445378151,35.4430379746835,0.0115827324550785
-81.8655462184874,35.4430379746835,-0.0377878307427437
-81.3697478991597,35.4430379746835,-0.0985725900275359
-80.8739495798319,35.4430379746835,-0.155093393531937
-80.3781512605042,35.4430379746835,-0.195408765738404
-79.8823529411765,35.4430379746835,-0.215344741938189
-79.3865546218487,35.4430379746835,-0.218438847487644
-78.890756302521,35.4430379746835,-0.213055365185962
-78.3949579831933,35.4430379746835,-0.208213895551939
-77.8991596638655,35.4430379746835,-0.210704342203963
-77.4033613445378,35.4430379746835,-0.224540082577701
-76.9075630252101,35.4430379746835,-0.250880225152554
-76.4117647058823,35.4430379746835,-0.28900014509361
-75.9159663865546,35.4430379746835,-0.33822297675716
-75.4201680672269,35.4430379746835,-0.396643206283883
-74.9243697478992,35.4430379746835,-0.462178861961366
-74.4285714285714,35.4430379746835,-0.532729743313117
-73.9327731092437,35.4430379746835,-0.605316204838488
-73.436974789916,35.4430379746835,-0.677096180000777
-72.9411764705882,35.4430379746835,-0.746171561318154
-72.4453781512605,35.4430379746835,-0.811789264171349
-71.9495798319328,35.4430379746835,-0.874159581437721
-71.453781512605,35.4430379746835,-0.934124953420162
-70.9579831932773,35.4430379746835,-0.992831739202893
-70.4621848739496,35.4430379746835,-1.05147650557979
-69.9663865546218,35.4430379746835,-1.11114205277805
-69.4705882352941,35.4430379746835,-1.17270928616946
-68.9747899159664,35.4430379746835,-1.2368221719804
-68.4789915966387,35.4430379746835,-1.30388535458806
-67.9831932773109,35.4430379746835,-1.37408029734883
-67.4873949579832,35.4430379746835,-1.44739167552033
-66.9915966386555,35.4430379746835,-1.5236395608776
-66.4957983193277,35.4430379746835,-1.6025147167057
-66,35.4430379746835,-1.68361484569782
-125,35.7594936708861,1.78983946918568
-124.504201680672,35.7594936708861,1.69162486222609
-124.008403361345,35.7594936708861,1.56803566790511
-123.512605042017,35.7594936708861,1.41646638113716
-123.016806722689,35.7594936708861,1.23738574350006
-122.521008403361,35.7594936708861,1.03661641234352
-122.025210084034,35.7594936708861,0.827163988843603
-121.529411764706,35.7594936708861,0.629009080736701
-121.033613445378,35.7594936708861,0.464879913965465
-120.53781512605,35.7594936708861,0.351646918393146
-120.042016806723,35.7594936708861,0.289527412519532
-119.546218487395,35.7594936708861,0.254693237013698
-119.050420168067,35.7594936708861,0.215299446203407
-118.55462184874,35.7594936708861,0.156962184455626
-118.058823529412,35.7594936708861,0.0911415720636913
-117.563025210084,35.7594936708861,0.0438668626909195
-117.067226890756,35.7594936708861,0.0391381358226438
-116.571428571429,35.7594936708861,0.088963788415587
-116.075630252101,35.7594936708861,0.187740719355318
-115.579831932773,35.7594936708861,0.314363690702872
-115.084033613445,35.7594936708861,0.43718529150197
-114.588235294118,35.7594936708861,0.519741881247267
-114.09243697479,35.7594936708861,0.536682820008065
-113.596638655462,35.7594936708861,0.4953868158888
-113.100840336134,35.7594936708861,0.421204092835286
-112.605042016807,35.7594936708861,0.340197625306556
-112.109243697479,35.7594936708861,0.270161341283514
-111.613445378151,35.7594936708861,0.217871928456656
-111.117647058824,35.7594936708861,0.180739809602496
-110.621848739496,35.7594936708861,0.150886447763731
-110.126050420168,35.7594936708861,0.119240102175745
-109.63025210084,35.7594936708861,0.0819934734423627
-109.134453781513,35.7594936708861,0.043671795061744
-108.638655462185,35.7594936708861,0.013894009339257
-108.142857142857,35.7594936708861,0.00108705316124448
-107.647058823529,35.7594936708861,0.0088154051343139
-107.151260504202,35.7594936708861,0.0354405424288116
-106.655462184874,35.7594936708861,0.0730786097284336
-106.159663865546,35.7594936708861,0.108818230160505
-105.663865546218,35.7594936708861,0.130456701555681
-105.168067226891,35.7594936708861,0.130411169145158
-104.672268907563,35.7594936708861,0.107665730485978
-104.176470588235,35.7594936708861,0.0683943405390733
-103.680672268908,35.7594936708861,0.0212652474020355
-103.18487394958,35.7594936708861,-0.0242610789860009
-102.689075630252,35.7594936708861,-0.0576640667816503
-102.193277310924,35.7594936708861,-0.070364321333972
-101.697478991597,35.7594936708861,-0.0590313955772972
-101.201680672269,35.7594936708861,-0.0272177052549416
-100.705882352941,35.7594936708861,0.0147964915824774
-100.210084033613,35.7594936708861,0.0546259477882664
-99.7142857142857,35.7594936708861,0.082108806068317
-99.218487394958,35.7594936708861,0.0909346308972868
-98.7226890756303,35.7594936708861,0.0804429608221647
-98.2268907563025,35.7594936708861,0.0577356682371459
-97.7310924369748,35.7594936708861,0.0354064401212167
-97.2352941176471,35.7594936708861,0.0245493321833198
-96.7394957983193,35.7594936708861,0.0318738591944025
-96.2436974789916,35.7594936708861,0.0550696063829811
-95.7478991596639,35.7594936708861,0.0820831657319567
-95.2521008403361,35.7594936708861,0.0950466647400193
-94.7563025210084,35.7594936708861,0.0782375214614118
-94.2605042016807,35.7594936708861,0.0248838026899012
-93.7647058823529,35.7594936708861,-0.0592374995076942
-93.2689075630252,35.7594936708861,-0.150294276717981
-92.7731092436975,35.7594936708861,-0.218469527234489
-92.2773109243697,35.7594936708861,-0.240950831765126
-91.781512605042,35.7594936708861,-0.210886210705471
-91.2857142857143,35.7594936708861,-0.140821703576089
-90.7899159663866,35.7594936708861,-0.0581932941872217
-90.2941176470588,35.7594936708861,0.00818296083164679
-89.7983193277311,35.7594936708861,0.0412566086529557
-89.3025210084034,35.7594936708861,0.0386870187609495
-88.8067226890756,35.7594936708861,0.00842694136544225
-88.3109243697479,35.7594936708861,-0.0364039399003713
-87.8151260504202,35.7594936708861,-0.0810375264416151
-87.3193277310924,35.7594936708861,-0.113285480261779
-86.8235294117647,35.7594936708861,-0.126537797433695
-86.327731092437,35.7594936708861,-0.119421389963737
-85.8319327731092,35.7594936708861,-0.0956458665075457
-85.3361344537815,35.7594936708861,-0.0604651414012596
-84.8403361344538,35.7594936708861,-0.0188785541272332
-84.344537815126,35.7594936708861,0.0226073383484077
-83.8487394957983,35.7594936708861,0.0551338704874899
-83.3529411764706,35.7594936708861,0.0698230726992271
-82.8571428571429,35.7594936708861,0.0601801970521087
-82.3613445378151,35.7594936708861,0.0259798368589434
-81.8655462184874,35.7594936708861,-0.0264939814089892
-81.3697478991597,35.7594936708861,-0.0862708058206121
-80.8739495798319,35.7594936708861,-0.141481800267424
-80.3781512605042,35.7594936708861,-0.184080174905071
-79.8823529411765,35.7594936708861,-0.211427009251285
-79.3865546218487,35.7594936708861,-0.225737207116508
-78.890756302521,35.7594936708861,-0.231046297715093
-78.3949579831933,35.7594936708861,-0.232143865946394
-77.8991596638655,35.7594936708861,-0.234013563132821
-77.4033613445378,35.7594936708861,-0.241546176716148
-76.9075630252101,35.7594936708861,-0.25862425588635
-76.4117647058823,35.7594936708861,-0.287570299315293
-75.9159663865546,35.7594936708861,-0.330760692530356
-75.4201680672269,35.7594936708861,-0.386331485919803
-74.9243697478992,35.7594936708861,-0.451040121312282
-74.4285714285714,35.7594936708861,-0.521655472247132
-73.9327731092437,35.7594936708861,-0.593932239077043
-73.436974789916,35.7594936708861,-0.664306850696843
-72.9411764705882,35.7594936708861,-0.730710144104164
-72.4453781512605,35.7594936708861,-0.79258728487994
-71.9495798319328,35.7594936708861,-0.850518467377243
-71.453781512605,35.7594936708861,-0.905739923475555
-70.9579831932773,35.7594936708861,-0.959732004446965
-70.4621848739496,35.7594936708861,-1.01393425430982
-69.9663865546218,35.7594936708861,-1.06958286901175
-69.4705882352941,35.7594936708861,-1.12763875766937
-68.9747899159664,35.7594936708861,-1.18877158619139
-68.4789915966387,35.7594936708861,-1.25337366159012
-67.9831932773109,35.7594936708861,-1.32158813496245
-67.4873949579832,35.7594936708861,-1.39334405977522
-66.9915966386555,35.7594936708861,-1.46839518222044
-66.4957983193277,35.7594936708861,-1.54636076964555
-66,35.7594936708861,-1.6267667298172
-125,36.0759493670886,1.70067735570262
-124.504201680672,36.0759493670886,1.60974546764703
-124.008403361345,36.0759493670886,1.492640470061
-123.512605042017,36.0759493670886,1.3453186046342
-123.016806722689,36.0759493670886,1.16658895990179
-122.521008403361,36.0759493670886,0.961051899300815
-122.025210084034,36.0759493670886,0.741851383022628
-121.529411764706,36.0759493670886,0.531190957880871
-121.033613445378,36.0759493670886,0.35580009152731
-120.53781512605,36.0759493670886,0.236863726039424
-120.042016806723,36.0759493670886,0.17801538314258
-119.546218487395,36.0759493670886,0.156418227126968
-119.050420168067,36.0759493670886,0.139370177612126
-118.55462184874,36.0759493670886,0.109284372890638
-118.058823529412,36.0759493670886,0.0708869692008602
-117.563025210084,36.0759493670886,0.0438978804350812
-117.067226890756,36.0759493670886,0.0484945086826763
-116.571428571429,36.0759493670886,0.0955837364936025
-116.075630252101,36.0759493670886,0.181952132136282
-115.579831932773,36.0759493670886,0.291229737469612
-115.084033613445,36.0759493670886,0.396355134868859
-114.588235294118,36.0759493670886,0.464995665573501
-114.09243697479,36.0759493670886,0.476445171704468
-113.596638655462,36.0759493670886,0.436454379411064
-113.100840336134,36.0759493670886,0.366317932332018
-112.605042016807,36.0759493670886,0.28876210563503
-112.109243697479,36.0759493670886,0.21991453546502
-111.613445378151,36.0759493670886,0.166550639809969
-111.117647058824,36.0759493670886,0.127822830582876
-110.621848739496,36.0759493670886,0.0986308333140537
-110.126050420168,36.0759493670886,0.0707518558179808
-109.63025210084,36.0759493670886,0.0400719830691059
-109.134453781513,36.0759493670886,0.00937426529531033
-108.638655462185,36.0759493670886,-0.0146256202897545
-108.142857142857,36.0759493670886,-0.0259748528608743
-107.647058823529,36.0759493670886,-0.0222932080777348
-107.151260504202,36.0759493670886,-0.00554385910590258
-106.655462184874,36.0759493670886,0.0180770808180015
-106.159663865546,36.0759493670886,0.0393643607034632
-105.663865546218,36.0759493670886,0.0501137151856438
-105.168067226891,36.0759493670886,0.0457110724428771
-104.672268907563,36.0759493670886,0.0267587335407752
-104.176470588235,36.0759493670886,-0.000997028879102169
-103.680672268908,36.0759493670886,-0.031160912328487
-103.18487394958,36.0759493670886,-0.0576142013673472
-102.689075630252,36.0759493670886,-0.0736188452019054
-102.193277310924,36.0759493670886,-0.0737055737361147
-101.697478991597,36.0759493670886,-0.0557808738645213
-101.201680672269,36.0759493670886,-0.0224743559447217
-100.705882352941,36.0759493670886,0.018503003284577
-100.210084033613,36.0759493670886,0.0573003656677517
-99.7142857142857,36.0759493670886,0.0854457465064725
-99.218487394958,36.0759493670886,0.0976515672403093
-98.7226890756303,36.0759493670886,0.0932035601969017
-98.2268907563025,36.0759493670886,0.0774025456077349
-97.7310924369748,36.0759493670886,0.0601297177312213
-97.2352941176471,36.0759493670886,0.0514016601662093
-96.7394957983193,36.0759493670886,0.0581139807098359
-96.2436974789916,36.0759493670886,0.0792842380994945
-95.7478991596639,36.0759493670886,0.104829964801443
-95.2521008403361,36.0759493670886,0.118134987648592
-94.7563025210084,36.0759493670886,0.103318255701363
-94.2605042016807,36.0759493670886,0.0527282630806888
-93.7647058823529,36.0759493670886,-0.0293035926928744
-93.2689075630252,36.0759493670886,-0.122097399323288
-92.7731092436975,36.0759493670886,-0.197402233667687
-92.2773109243697,36.0759493670886,-0.231125565654171
-91.781512605042,36.0759493670886,-0.213063569641891
-91.2857142857143,36.0759493670886,-0.152216585978134
-90.7899159663866,36.0759493670886,-0.0736172636312305
-90.2941176470588,36.0759493670886,-0.00595355499045393
-89.7983193277311,36.0759493670886,0.0317116919453119
-89.3025210084034,36.0759493670886,0.0351243042689275
-88.8067226890756,36.0759493670886,0.00921776066349052
-88.3109243697479,36.0759493670886,-0.0354127779004214
-87.8151260504202,36.0759493670886,-0.0842285856799616
-87.3193277310924,36.0759493670886,-0.122797948836913
-86.8235294117647,36.0759493670886,-0.140221216401066
-86.327731092437,36.0759493670886,-0.13158363387693
-85.8319327731092,36.0759493670886,-0.0996918247441817
-85.3361344537815,36.0759493670886,-0.0519525120230275
-84.8403361344538,36.0759493670886,0.00216219721138927
-84.344537815126,36.0759493670886,0.051142043764455
-83.8487394957983,36.0759493670886,0.0833121590893511
-83.3529411764706,36.0759493670886,0.0912043853467561
-82.8571428571429,36.0759493670886,0.0728039361270641
-82.3613445378151,36.0759493670886,0.0327046215765093
-81.8655462184874,36.0759493670886,-0.019971887806643
-81.3697478991597,36.0759493670886,-0.0750744675634872
-80.8739495798319,36.0759493670886,-0.124875838064654
-80.3781512605042,36.0759493670886,-0.165860488648572
-79.8823529411765,36.0759493670886,-0.197698881528488
-79.3865546218487,36.0759493670886,-0.221225312598009
-78.890756302521,36.0759493670886,-0.236026244384983
-78.3949579831933,36.0759493670886,-0.242170502849454
-77.8991596638655,36.0759493670886,-0.242128847947842
-77.4033613445378,36.0759493670886,-0.241866426655235
-76.9075630252101,36.0759493670886,-0.249277853487063
-76.4117647058823,36.0759493670886,-0.270273740915222
-75.9159663865546,36.0759493670886,-0.30953065455798
-75.4201680672269,36.0759493670886,-0.365191427427244
-74.9243697478992,36.0759493670886,-0.432239805643279
-74.4285714285714,36.0759493670886,-0.505385873635637
-73.9327731092437,36.0759493670886,-0.578957922376092
-73.436974789916,36.0759493670886,-0.648790727718401
-72.9411764705882,36.0759493670886,-0.712869102707495
-72.4453781512605,36.0759493670886,-0.771063705400849
-71.9495798319328,36.0759493670886,-0.824501777255359
-71.453781512605,36.0759493670886,-0.874925753996176
-70.9579831932773,36.0759493670886,-0.924205630399544
-70.4621848739496,36.0759493670886,-0.974040102622992
-69.9663865546218,36.0759493670886,-1.0258128890147
-69.4705882352941,36.0759493670886,-1.0805499796238
-68.9747899159664,36.0759493670886,-1.13893035311924
-68.4789915966387,36.0759493670886,-1.20131936130859
-67.9831932773109,36.0759493670886,-1.26780963119107
-67.4873949579832,36.0759493670886,-1.33826437783215
-66.9915966386555,36.0759493670886,-1.4123623165741
-66.4957983193277,36.0759493670886,-1.48964384131004
-66,36.0759493670886,-1.5695571178267
-125,36.3924050632911,1.61070366072001
-124.504201680672,36.3924050632911,1.52883666043933
-124.008403361345,36.3924050632911,1.42081859158233
-123.512605042017,36.3924050632911,1.2811498097832
-123.016806722689,36.3924050632911,1.10672814266267
-122.521008403361,36.3924050632911,0.900523585707356
-122.025210084034,36.3924050632911,0.675543999737036
-121.529411764706,36.3924050632911,0.456022562052076
-121.033613445378,36.3924050632911,0.272515703700877
-120.53781512605,36.3924050632911,0.148944716685208
-120.042016806723,36.3924050632911,0.0920918246547979
-119.546218487395,36.3924050632911,0.080683140993983
-119.050420168067,36.3924050632911,0.0815797037680665
-118.55462184874,36.3924050632911,0.0742748595210623
-118.058823529412,36.3924050632911,0.0577719506263861
-117.563025210084,36.3924050632911,0.0459178614211213
-117.067226890756,36.3924050632911,0.0552627611033304
-116.571428571429,36.3924050632911,0.0957716120641825
-116.075630252101,36.3924050632911,0.166233447419381
-115.579831932773,36.3924050632911,0.254555042326654
-115.084033613445,36.3924050632911,0.338624225258744
-114.588235294118,36.3924050632911,0.391355940571949
-114.09243697479,36.3924050632911,0.396731115929194
-113.596638655462,36.3924050632911,0.358588080044795
-113.100840336134,36.3924050632911,0.294292501177787
-112.605042016807,36.3924050632911,0.223376179027168
-112.109243697479,36.3924050632911,0.160052307123815
-111.613445378151,36.3924050632911,0.110554795017984
-111.117647058824,36.3924050632911,0.0747896403848988
-110.621848739496,36.3924050632911,0.0492492476532382
-110.126050420168,36.3924050632911,0.0267013750935975
-109.63025210084,36.3924050632911,0.00300224773750453
-109.134453781513,36.3924050632911,-0.0205523465320962
-108.638655462185,36.3924050632911,-0.0396763760207444
-108.142857142857,36.3924050632911,-0.0504596014000204
-107.647058823529,36.3924050632911,-0.0515745689237854
-107.151260504202,36.3924050632911,-0.0451396974780083
-106.655462184874,36.3924050632911,-0.0358577603009566
-106.159663865546,36.3924050632911,-0.0291543671511374
-105.663865546218,36.3924050632911,-0.0290035337060564
-105.168067226891,36.3924050632911,-0.0368205022485321
-104.672268907563,36.3924050632911,-0.050197803324279
-104.176470588235,36.3924050632911,-0.0640601339144979
-103.680672268908,36.3924050632911,-0.0750239038344905
-103.18487394958,36.3924050632911,-0.0807079830333229
-102.689075630252,36.3924050632911,-0.0782721950645597
-102.193277310924,36.3924050632911,-0.0654196417524536
-101.697478991597,36.3924050632911,-0.0414752886823615
-101.201680672269,36.3924050632911,-0.00831954312158942
-100.705882352941,36.3924050632911,0.0289925276186298
-100.210084033613,36.3924050632911,0.0636864007248151
-99.7142857142857,36.3924050632911,0.0894590590940652
-99.218487394958,36.3924050632911,0.102397859181332
-98.7226890756303,36.3924050632911,0.101790910321004
-98.2268907563025,36.3924050632911,0.0909033956896834
-97.7310924369748,36.3924050632911,0.0768753430609736
-97.2352941176471,36.3924050632911,0.0688048886234902
-96.7394957983193,36.3924050632911,0.0737270697496953
-96.2436974789916,36.3924050632911,0.0918569803861433
-95.7478991596639,36.3924050632911,0.115327109550426
-95.2521008403361,36.3924050632911,0.12954183720388
-94.7563025210084,36.3924050632911,0.118821688838529
-94.2605042016807,36.3924050632911,0.0741975557446471
-93.7647058823529,36.3924050632911,-0.00149220898240393
-93.2689075630252,36.3924050632911,-0.0917718934971279
-92.7731092436975,36.3924050632911,-0.170963274334496
-92.2773109243697,36.3924050632911,-0.214520346471441
-91.781512605042,36.3924050632911,-0.209519872254253
-91.2857142857143,36.3924050632911,-0.161154370032378
-90.7899159663866,36.3924050632911,-0.0907880748434743
-90.2941176470588,36.3924050632911,-0.0252862247945746
-89.7983193277311,36.3924050632911,0.0154454679500006
-89.3025210084034,36.3924050632911,0.0250920243673979
-88.8067226890756,36.3924050632911,0.00519136908732756
-88.3109243697479,36.3924050632911,-0.0367400707877327
-87.8151260504202,36.3924050632911,-0.0871414990251597
-87.3193277310924,36.3924050632911,-0.130089146293104
-86.8235294117647,36.3924050632911,-0.151273503163288
-86.327731092437,36.3924050632911,-0.142641874062576
-85.8319327731092,36.3924050632911,-0.105668677781167
-85.3361344537815,36.3924050632911,-0.0488971230081975
-84.8403361344538,36.3924050632911,0.0145810359591891
-84.344537815126,36.3924050632911,0.0687743214061329
-83.8487394957983,36.3924050632911,0.0995550100123513
-83.3529411764706,36.3924050632911,0.100800429736267
-82.8571428571429,36.3924050632911,0.0751013099646206
-82.3613445378151,36.3924050632911,0.0315947040019943
-81.8655462184874,36.3924050632911,-0.0181435338708473
-81.3697478991597,36.3924050632911,-0.0649906816616888
-80.8739495798319,36.3924050632911,-0.105488489978409
-80.3781512605042,36.3924050632911,-0.141097694623196
-79.8823529411765,36.3924050632911,-0.174170662940308
-79.3865546218487,36.3924050632911,-0.204063946898628
-78.890756302521,36.3924050632911,-0.225950144526618
-78.3949579831933,36.3924050632911,-0.235189817158619
-77.8991596638655,36.3924050632911,-0.231643008705972
-77.4033613445378,36.3924050632911,-0.222582488647302
-76.9075630252101,36.3924050632911,-0.22094015162295
-76.4117647058823,36.3924050632911,-0.236305059191053
-75.9159663865546,36.3924050632911,-0.274729797428444
-75.4201680672269,36.3924050632911,-0.334071573945512
-74.9243697478992,36.3924050632911,-0.406876155724206
-74.4285714285714,36.3924050632911,-0.484964520093329
-73.9327731092437,36.3924050632911,-0.561195068084355
-73.436974789916,36.3924050632911,-0.631043093189408
-72.9411764705882,36.3924050632911,-0.692860274278665
-72.4453781512605,36.3924050632911,-0.747216098249555
-71.9495798319328,36.3924050632911,-0.795973984008935
-71.453781512605,36.3924050632911,-0.841485235816186
-70.9579831932773,36.3924050632911,-0.886045688211731
-70.4621848739496,36.3924050632911,-0.931609060143201
-69.9663865546218,36.3924050632911,-0.979684416722327
-69.4705882352941,36.3924050632911,-1.03133708900289
-68.9747899159664,36.3924050632911,-1.08723300692593
-68.4789915966387,36.3924050632911,-1.14769328719114
-67.9831932773109,36.3924050632911,-1.21274693574852
-67.4873949579832,36.3924050632911,-1.28218092892156
-66.9915966386555,36.3924050632911,-1.35559021270819
-66.4957983193277,36.3924050632911,-1.43242890276231
-66,36.3924050632911,-1.51206151562957
-125,36.7088607594937,1.51877740726597
-124.504201680672,36.7088607594937,1.44743717587311
-124.008403361345,36.7088607594937,1.35090722159054
-123.512605042017,36.7088607594937,1.22233659517251
-123.016806722689,36.7088607594937,1.05654270926511
-122.521008403361,36.7088607594937,0.854422848118905
-122.025210084034,36.7088607594937,0.628668015053963
-121.529411764706,36.7088607594937,0.405493249026231
-121.033613445378,36.7088607594937,0.217902265513351
-120.53781512605,36.7088607594937,0.0919818661855893
-120.042016806723,36.7088607594937,0.0366595071164102
-119.546218487395,36.7088607594937,0.0322656722206677
-119.050420168067,36.7088607594937,0.0458750101614452
-118.55462184874,36.7088607594937,0.054729227881759
-118.058823529412,36.7088607594937,0.0535495028123449
-117.563025210084,36.7088607594937,0.050943090477341
-117.067226890756,36.7088607594937,0.0602727838202726
-116.571428571429,36.7088607594937,0.0907116107919054
-116.075630252101,36.7088607594937,0.142746422076017
-115.579831932773,36.7088607594937,0.207926950224206
-115.084033613445,36.7088607594937,0.26915911396329
-114.588235294118,36.7088607594937,0.305215705633526
-114.09243697479,36.7088607594937,0.303856262330828
-113.596638655462,36.7088607594937,0.267598607554694
-113.100840336134,36.7088607594937,0.210381254971685
-112.605042016807,36.7088607594937,0.148683678909582
-112.109243697479,36.7088607594937,0.0945940844711877
-111.613445378151,36.7088607594937,0.0532957315590489
-111.117647058824,36.7088607594937,0.0245498472056072
-110.621848739496,36.7088607594937,0.00511341730286008
-110.126050420168,36.7088607594937,-0.0109021075024922
-109.63025210084,36.7088607594937,-0.0273772175311531
-109.134453781513,36.7088607594937,-0.0441144459894477
-108.638655462185,36.7088607594937,-0.0587294326875833
-108.142857142857,36.7088607594937,-0.069066963148956
-107.647058823529,36.7088607594937,-0.0747273235199851
-107.151260504202,36.7088607594937,-0.0779629679341957
-106.655462184874,36.7088607594937,-0.0821870214556653
-106.159663865546,36.7088607594937,-0.0894250063766447
-105.663865546218,36.7088607594937,-0.0993253439758117
-105.168067226891,36.7088607594937,-0.109992136557302
-104.672268907563,36.7088607594937,-0.117398155337189
-104.176470588235,36.7088607594937,-0.116725602301035
-103.680672268908,36.7088607594937,-0.108066397536277
-103.18487394958,36.7088607594937,-0.0929867592174738
-102.689075630252,36.7088607594937,-0.0724434291509272
-102.193277310924,36.7088607594937,-0.0473746189562684
-101.697478991597,36.7088607594937,-0.0186352472401011
-101.201680672269,36.7088607594937,0.0127103734963307
-100.705882352941,36.7088607594937,0.0441646725003353
-100.210084033613,36.7088607594937,0.0722293369225665
-99.7142857142857,36.7088607594937,0.0932877002128985
-99.218487394958,36.7088607594937,0.104829109168028
-98.7226890756303,36.7088607594937,0.105967043535876
-98.2268907563025,36.7088607594937,0.0979967344849513
-97.7310924369748,36.7088607594937,0.0855461251864224
-97.2352941176471,36.7088607594937,0.0767048015374927
-96.7394957983193,36.7088607594937,0.078570678543411
-96.2436974789916,36.7088607594937,0.0922886268372408
-95.7478991596639,36.7088607594937,0.112415304275249
-95.2521008403361,36.7088607594937,0.127165301053514
-94.7563025210084,36.7088607594937,0.121805999462665
-94.2605042016807,36.7088607594937,0.086017989508128
-93.7647058823529,36.7088607594937,0.0203262402828166
-93.2689075630252,36.7088607594937,-0.0631908429579891
-92.7731092436975,36.7088607594937,-0.142200256580417
-92.2773109243697,36.7088607594937,-0.193034098713689
-91.781512605042,36.7088607594937,-0.200936115730653
-91.2857142857143,36.7088607594937,-0.167264670331766
-90.7899159663866,36.7088607594937,-0.108904472380549
-90.2941176470588,36.7088607594937,-0.0490021860061778
-89.7983193277311,36.7088607594937,-0.00683488045712615
-89.3025210084034,36.7088607594937,0.00882120948069737
-88.8067226890756,36.7088607594937,-0.00410750552576601
-88.3109243697479,36.7088607594937,-0.0412770038606772
-87.8151260504202,36.7088607594937,-0.0906709934845518
-87.3193277310924,36.7088607594937,-0.13589268773468
-86.8235294117647,36.7088607594937,-0.160562337301382
-86.327731092437,36.7088607594937,-0.15378444371131
-85.8319327731092,36.7088607594937,-0.115082947752855
-85.3361344537815,36.7088607594937,-0.0531805063780649
-84.8403361344538,36.7088607594937,0.0162019501794365
-84.344537815126,36.7088607594937,0.0733712186551071
-83.8487394957983,36.7088607594937,0.102197980507695
-83.3529411764706,36.7088607594937,0.097812005464259
-82.8571428571429,36.7088607594937,0.0670532530146895
-82.3613445378151,36.7088607594937,0.0229833642732806
-81.8655462184874,36.7088607594937,-0.02084502082387
-81.3697478991597,36.7088607594937,-0.0565206321134696
-80.8739495798319,36.7088607594937,-0.0848357497369396
-80.3781512605042,36.7088607594937,-0.112116487312677
-79.8823529411765,36.7088607594937,-0.143232866092198
-79.3865546218487,36.7088607594937,-0.176167615600235
-78.890756302521,36.7088607594937,-0.201884082990839
-78.3949579831933,36.7088607594937,-0.211458332123326
-77.8991596638655,36.7088607594937,-0.202759133439873
-77.4033613445378,36.7088607594937,-0.18479819882149
-76.9075630252101,36.7088607594937,-0.175331028031003
-76.4117647058823,36.7088607594937,-0.187893014189325
-75.9159663865546,36.7088607594937,-0.229231382708366
-75.4201680672269,36.7088607594937,-0.295894881494321
-74.9243697478992,36.7088607594937,-0.377342379616242
-74.4285714285714,36.7088607594937,-0.462199300515233
-73.9327731092437,36.7088607594937,-0.541857541115033
-73.436974789916,36.7088607594937,-0.611750591166421
-72.9411764705882,36.7088607594937,-0.670962933005453
-72.4453781512605,36.7088607594937,-0.721052462502765
-71.9495798319328,36.7088607594937,-0.764794512534418
-71.453781512605,36.7088607594937,-0.805222197944795
-70.9579831932773,36.7088607594937,-0.845060081605874
-70.4621848739496,36.7088607594937,-0.886484394140095
-69.9663865546218,36.7088607594937,-0.93108753050999
-69.4705882352941,36.7088607594937,-0.979937003671718
-68.9747899159664,36.7088607594937,-1.03365822917974
-68.4789915966387,36.7088607594937,-1.09250941726908
-67.9831932773109,36.7088607594937,-1.15644304780655
-67.4873949579832,36.7088607594937,-1.22515993831689
-66.9915966386555,36.7088607594937,-1.2981628013484
-66.4957983193277,36.7088607594937,-1.3748121395844
-66,36.7088607594937,-1.4543829740046
-125,37.0253164556962,1.4235866074804
-124.504201680672,37.0253164556962,1.3636810462938
-124.008403361345,37.0253164556962,1.28050113322532
-123.512605042017,37.0253164556962,1.16608147950157
-123.016806722689,37.0253164556962,1.01313174362514
-122.521008403361,37.0253164556962,0.819948359274598
-122.025210084034,37.0253164556962,0.598656748852844
-121.529411764706,37.0253164556962,0.377541113801205
-121.033613445378,37.0253164556962,0.191184820764855
-120.53781512605,37.0253164556962,0.0670564628834694
-120.042016806723,37.0253164556962,0.0137177583643707
-119.546218487395,37.0253164556962,0.0133391393886384
-119.050420168067,37.0253164556962,0.0343331991195138
-118.55462184874,37.0253164556962,0.0524661935531752
-118.058823529412,37.0253164556962,0.0595521297806012
-117.563025210084,37.0253164556962,0.0601263309578445
-117.067226890756,37.0253164556962,0.0648406419846959
-116.571428571429,37.0253164556962,0.0821721943467331
-116.075630252101,37.0253164556962,0.114089334062657
-115.579831932773,37.0253164556962,0.155232489775863
-115.084033613445,37.0253164556962,0.193133795891115
-114.588235294118,37.0253164556962,0.212381850340489
-114.09243697479,37.0253164556962,0.203918174018414
-113.596638655462,37.0253164556962,0.169519103269457
-113.100840336134,37.0253164556962,0.120276897097905
-112.605042016807,37.0253164556962,0.0697584264803305
-112.109243697479,37.0253164556962,0.0277168759208207
-111.613445378151,37.0253164556962,-0.00218903566476516
-111.117647058824,37.0253164556962,-0.0210433935316
-110.621848739496,37.0253164556962,-0.0322662850451432
-110.126050420168,37.0253164556962,-0.0407108648491551
-109.63025210084,37.0253164556962,-0.0497525120772552
-109.134453781513,37.0253164556962,-0.0597834692590393
-108.638655462185,37.0253164556962,-0.0697486534933921
-108.142857142857,37.0253164556962,-0.0789917024771389
-107.647058823529,37.0253164556962,-0.0880912671067349
-107.151260504202,37.0253164556962,-0.0994014843875109
-106.655462184874,37.0253164556962,-0.115161495186741
-106.159663865546,37.0253164556962,-0.134844569588529
-105.663865546218,37.0253164556962,-0.153958747292492
-105.168067226891,37.0253164556962,-0.167218443326504
-104.672268907563,37.0253164556962,-0.169289497984634
-104.176470588235,37.0253164556962,-0.155246032157099
-103.680672268908,37.0253164556962,-0.128484639744058
-103.18487394958,37.0253164556962,-0.0943509088788929
-102.689075630252,37.0253164556962,-0.0574167069563449
-102.193277310924,37.0253164556962,-0.0217829903622184
-101.697478991597,37.0253164556962,0.0101660924044221
-101.201680672269,37.0253164556962,0.03812545212712
-100.705882352941,37.0253164556962,0.0620239214092485
-100.210084033613,37.0253164556962,0.0816681426639407
-99.7142857142857,37.0253164556962,0.0962820448865231
-99.218487394958,37.0253164556962,0.104754849258982
-98.7226890756303,37.0253164556962,0.105880517944576
-98.2268907563025,37.0253164556962,0.0991630996003019
-97.7310924369748,37.0253164556962,0.0870704490592006
-97.2352941176471,37.0253164556962,0.0762830176186791
-96.7394957983193,37.0253164556962,0.0738038977123588
-96.2436974789916,37.0253164556962,0.0815149799934351
-95.7478991596639,37.0253164556962,0.0964983441958182
-95.2521008403361,37.0253164556962,0.11032287056094
-94.7563025210084,37.0253164556962,0.110239711000708
-94.2605042016807,37.0253164556962,0.0852906063255254
-93.7647058823529,37.0253164556962,0.0328220797687307
-93.2689075630252,37.0253164556962,-0.0397081091057372
-92.7731092436975,37.0253164556962,-0.114056757534146
-92.2773109243697,37.0253164556962,-0.168583591747265
-91.781512605042,37.0253164556962,-0.187806128469813
-91.2857142857143,37.0253164556962,-0.169678953228897
-90.7899159663866,37.0253164556962,-0.125948329556643
-90.2941176470588,37.0253164556962,-0.0746036465829959
-89.7983193277311,37.0253164556962,-0.0332533336824863
-89.3025210084034,37.0253164556962,-0.0128999632375436
-88.8067226890756,37.0253164556962,-0.0188281774541951
-88.3109243697479,37.0253164556962,-0.0497043000406444
-87.8151260504202,37.0253164556962,-0.095730230389829
-87.3193277310924,37.0253164556962,-0.141239440905758
-86.8235294117647,37.0253164556962,-0.169101935492744
-86.327731092437,37.0253164556962,-0.166008589617989
-85.8319327731092,37.0253164556962,-0.129053694760227
-85.3361344537815,37.0253164556962,-0.0661693245102119
-84.8403361344538,37.0253164556962,0.00551605274204345
-84.344537815126,37.0253164556962,0.0636553274584659
-83.8487394957983,37.0253164556962,0.0904839419221992
-83.3529411764706,37.0253164556962,0.0823051970248212
-82.8571428571429,37.0253164556962,0.0492735467276096
-82.3613445378151,37.0253164556962,0.00750326025770568
-81.8655462184874,37.0253164556962,-0.0281771083848121
-81.3697478991597,37.0253164556962,-0.051226118164401
-80.8739495798319,37.0253164556962,-0.0661095226484242
-80.3781512605042,37.0253164556962,-0.0832987349719356
-79.8823529411765,37.0253164556962,-0.109904896804782
-79.3865546218487,37.0253164556962,-0.142534833177216
-78.890756302521,37.0253164556962,-0.168423114163447
-78.3949579831933,37.0253164556962,-0.175150129139
-77.8991596638655,37.0253164556962,-0.159646073437241
-77.4033613445378,37.0253164556962,-0.133221676234395
-76.9075630252101,37.0253164556962,-0.117625096855725
-76.4117647058823,37.0253164556962,-0.130148934984097
-75.9159663865546,37.0253164556962,-0.177852023812153
-75.4201680672269,37.0253164556962,-0.254894091599754
-74.9243697478992,37.0253164556962,-0.346973588298555
-74.4285714285714,37.0253164556962,-0.439421785466686
-73.9327731092437,37.0253164556962,-0.52238157211135
-73.436974789916,37.0253164556962,-0.591646226042297
-72.9411764705882,37.0253164556962,-0.647421413279044
-72.4453781512605,37.0253164556962,-0.692526606924674
-71.9495798319328,37.0253164556962,-0.730783271744582
-71.453781512605,37.0253164556962,-0.765928437728625
-70.9579831932773,37.0253164556962,-0.801071695162822
-70.4621848739496,37.0253164556962,-0.838544513920898
-69.9663865546218,37.0253164556962,-0.87995928865227
-69.4705882352941,37.0253164556962,-0.926338424838271
-68.9747899159664,37.0253164556962,-0.97823654487351
-68.4789915966387,37.0253164556962,-1.03583104131193
-67.9831932773109,37.0253164556962,-1.09898662991629
-67.4873949579832,37.0253164556962,-1.16730929357161
-66.9915966386555,37.0253164556962,-1.24020157185223
-66.4957983193277,37.0253164556962,-1.3169230923872
-66,37.0253164556962,-1.39665355991453
-125,37.3417721518987,1.32383568440595
-124.504201680672,37.3417721518987,1.27551580866061
-124.008403361345,37.3417721518987,1.20667102181607
-123.512605042017,37.3417721518987,1.10856219573305
-123.016806722689,37.3417721518987,0.971981611605054
-122.521008403361,37.3417721518987,0.792195654938112
-122.025210084034,37.3417721518987,0.580473224353329
-121.529411764706,37.3417721518987,0.367595704459684
-121.033613445378,37.3417721518987,0.189140741656297
-120.53781512605,37.3417721518987,0.0715169622788283
-120.042016806723,37.3417721518987,0.0217045700267786
-119.546218487395,37.3417721518987,0.0232515818472713
-119.050420168067,37.3417721518987,0.0466962473900612
-118.55462184874,37.3417721518987,0.0676378111507223
-118.058823529412,37.3417721518987,0.0762394054119738
-117.563025210084,37.3417721518987,0.0743490893212109
-117.067226890756,37.3417721518987,0.070327143316653
-116.571428571429,37.3417721518987,0.072041802561505
-116.075630252101,37.3417721518987,0.0827386094859487
-115.579831932773,37.3417721518987,0.099790464862497
-115.084033613445,37.3417721518987,0.114982397481795
-114.588235294118,37.3417721518987,0.117959009773029
-114.09243697479,37.3417721518987,0.102515033535835
-113.596638655462,37.3417721518987,0.070184869344912
-113.100840336134,37.3417721518987,0.02962722084863
-112.605042016807,37.3417721518987,-0.00836989851283552
-112.109243697479,37.3417721518987,-0.0365610339929379
-111.613445378151,37.3417721518987,-0.0532335008324166
-111.117647058824,37.3417721518987,-0.0604188069764708
-110.621848739496,37.3417721518987,-0.0619107603805781
-110.126050420168,37.3417721518987,-0.0619523138819682
-109.63025210084,37.3417721518987,-0.0633730131860873
-109.134453781513,37.3417721518987,-0.0666847296765603
-108.638655462185,37.3417721518987,-0.071592079937456
-108.142857142857,37.3417721518987,-0.0786321427477641
-107.647058823529,37.3417721518987,-0.089411375976297
-107.151260504202,37.3417721518987,-0.10634747534667
-106.655462184874,37.3417721518987,-0.130773629495753
-106.159663865546,37.3417721518987,-0.160383394759489
-105.663865546218,37.3417721518987,-0.187384103257975
-105.168067226891,37.3417721518987,-0.203338204785034
-104.672268907563,37.3417721518987,-0.201557305567324
-104.176470588235,37.3417721518987,-0.176834910478449
-103.680672268908,37.3417721518987,-0.135260684673916
-103.18487394958,37.3417721518987,-0.0853080079234261
-102.689075630252,37.3417721518987,-0.0348717189111901
-102.193277310924,37.3417721518987,0.00897241741803682
-101.697478991597,37.3417721518987,0.0423424765551758
-101.201680672269,37.3417721518987,0.0655348890372627
-100.705882352941,37.3417721518987,0.0807311315340593
-100.210084033613,37.3417721518987,0.0909050755865684
-99.7142857142857,37.3417721518987,0.0979783915759969
-99.218487394958,37.3417721518987,0.102199161179055
-98.7226890756303,37.3417721518987,0.102027253005477
-98.2268907563025,37.3417721518987,0.0953921477029508
-97.7310924369748,37.3417721518987,0.0827748127644289
-97.2352941176471,37.3417721518987,0.0691809030475605
-96.7394957983193,37.3417721518987,0.0610906014213236
-96.2436974789916,37.3417721518987,0.0612660172175616
-95.7478991596639,37.3417721518987,0.0692221413468912
-95.2521008403361,37.3417721518987,0.0801308632102896
-94.7563025210084,37.3417721518987,0.0842359256366925
-94.2605042016807,37.3417721518987,0.070840693686001
-93.7647058823529,37.3417721518987,0.0340434369843413
-93.2689075630252,37.3417721518987,-0.0236301970015678
-92.7731092436975,37.3417721518987,-0.0886150582823025
-92.2773109243697,37.3417721518987,-0.142481873187521
-91.781512605042,37.3417721518987,-0.170280669592327
-91.2857142857143,37.3417721518987,-0.167124357638859
-90.7899159663866,37.3417721518987,-0.139197358624359
-90.2941176470588,37.3417721518987,-0.0986917763356294
-89.7983193277311,37.3417721518987,-0.061096025578267
-89.3025210084034,37.3417721518987,-0.0385215567352548
-88.8067226890756,37.3417721518987,-0.0384498582452502
-88.3109243697479,37.3417721518987,-0.0622752179666578
-87.8151260504202,37.3417721518987,-0.103093488353944
-87.3193277310924,37.3417721518987,-0.147197575811612
-86.8235294117647,37.3417721518987,-0.177835773985126
-86.327731092437,37.3417721518987,-0.179868709203801
-85.8319327731092,37.3417721518987,-0.147800095989778
-85.3361344537815,37.3417721518987,-0.0879332353633095
-84.8403361344538,37.3417721518987,-0.0175475770613446
-84.344537815126,37.3417721518987,0.0396416112781632
-83.8487394957983,37.3417721518987,0.0647952392051162
-83.3529411764706,37.3417721518987,0.0552569558859319
-82.8571428571429,37.3417721518987,0.0228773593348142
-82.3613445378151,37.3417721518987,-0.0141923844203527
-81.8655462184874,37.3417721518987,-0.0407158608065386
-81.3697478991597,37.3417721518987,-0.0515199017612847
-80.8739495798319,37.3417721518987,-0.0535128225219021
-80.3781512605042,37.3417721518987,-0.0602984248662502
-79.8823529411765,37.3417721518987,-0.0807550921152354
-79.3865546218487,37.3417721518987,-0.110072671062958
-78.890756302521,37.3417721518987,-0.132494010299097
-78.3949579831933,37.3417721518987,-0.133265025732085
-77.8991596638655,37.3417721518987,-0.109481756426797
-77.4033613445378,37.3417721518987,-0.0751470074501765
-76.9075630252101,37.3417721518987,-0.0553473496654955
-76.4117647058823,37.3417721518987,-0.0703593489244759
-75.9159663865546,37.3417721518987,-0.126858649517468
-75.4201680672269,37.3417721518987,-0.216115893098547
-74.9243697478992,37.3417721518987,-0.319525587480962
-74.4285714285714,37.3417721518987,-0.419083021387908
-73.9327731092437,37.3417721518987,-0.504135121192721
-73.436974789916,37.3417721518987,-0.571310732913545
-72.9411764705882,37.3417721518987,-0.622319244013693
-72.4453781512605,37.3417721518987,-0.661467829192161
-71.9495798319328,37.3417721518987,-0.693689626235517
-71.453781512605,37.3417721518987,-0.723377491933567
-70.9579831932773,37.3417721518987,-0.753925435547115
-70.4621848739496,37.3417721518987,-0.787715241163873
-69.9663865546218,37.3417721518987,-0.826296426260024
-69.4705882352941,37.3417721518987,-0.870592684411464
-68.9747899159664,37.3417721518987,-0.92105870854114
-68.4789915966387,37.3417721518987,-0.977776942707406
-67.9831932773109,37.3417721518987,-1.04051653140138
-67.4873949579832,37.3417721518987,-1.10878188936352
-66.9915966386555,37.3417721518987,-1.18186803875619
-66.4957983193277,37.3417721518987,-1.25892638663632
-66,37.3417721518987,-1.3390353936041
-125,37.6582278481013,1.21849893464654
-124.504201680672,37.6582278481013,1.18104264284591
-124.008403361345,37.6582278481013,1.12639068905558
-123.512605042017,37.6582278481013,1.04541172089775
-123.016806722689,37.6582278481013,0.927288242944794
-122.521008403361,37.6582278481013,0.764493487057583
-122.025210084034,37.6582278481013,0.567500002606225
-121.529411764706,37.6582278481013,0.369427747191097
-121.033613445378,37.6582278481013,0.205567391309027
-120.53781512605,37.6582278481013,0.0994291155366116
-120.042016806723,37.6582278481013,0.0555445172055143
-119.546218487395,37.6582278481013,0.0581324711547848
-119.050420168067,37.6582278481013,0.0802238101297575
-118.55462184874,37.6582278481013,0.098665967536411
-118.058823529412,37.6582278481013,0.103145834921597
-117.563025210084,37.6582278481013,0.0939918146979813
-117.067226890756,37.6582278481013,0.077843302322511
-116.571428571429,37.6582278481013,0.062086596220517
-116.075630252101,37.6582278481013,0.0510754821431291
-115.579831932773,37.6582278481013,0.0446864142117183
-115.084033613445,37.6582278481013,0.0385082372582575
-114.588235294118,37.6582278481013,0.0263687841970951
-114.09243697479,37.6582278481013,0.00461715016495705
-113.596638655462,37.6582278481013,-0.0251591771536946
-113.100840336134,37.6582278481013,-0.0565390348955229
-112.605042016807,37.6582278481013,-0.0814087183998259
-112.109243697479,37.6582278481013,-0.0949987444098177
-111.613445378151,37.6582278481013,-0.0976504017775076
-111.117647058824,37.6582278481013,-0.0922776574444028
-110.621848739496,37.6582278481013,-0.0832113117207128
-110.126050420168,37.6582278481013,-0.074365410711596
-109.63025210084,37.6582278481013,-0.0680598444830715
-109.134453781513,37.6582278481013,-0.0646731735726108
-108.638655462185,37.6582278481013,-0.0642122294891126
-108.142857142857,37.6582278481013,-0.0679499783209345
-107.647058823529,37.6582278481013,-0.0782868062209632
-107.151260504202,37.6582278481013,-0.0978288433968662
-106.655462184874,37.6582278481013,-0.12738745711697
-106.159663865546,37.6582278481013,-0.163490688452418
-105.663865546218,37.6582278481013,-0.196497922982891
-105.168067226891,37.6582278481013,-0.215430509184811
-104.672268907563,37.6582278481013,-0.211673035847636
-104.176470588235,37.6582278481013,-0.180256509937966
-103.680672268908,37.6582278481013,-0.128480759928996
-103.18487394958,37.6582278481013,-0.0670633036510347
-102.689075630252,37.6582278481013,-0.00686074665952985
-102.193277310924,37.6582278481013,0.0423397283106337
-101.697478991597,37.6582278481013,0.0752642023968013
-101.201680672269,37.6582278481013,0.0926101343362386
-100.705882352941,37.6582278481013,0.0985961016048119
-100.210084033613,37.6582278481013,0.0989785474339928
-99.7142857142857,37.6582278481013,0.0980840371844573
-99.218487394958,37.6582278481013,0.0973608629309173
-98.7226890756303,37.6582278481013,0.0949863357098791
-98.2268907563025,37.6582278481013,0.087599333011127
-97.7310924369748,37.6582278481013,0.0738810948934852
-97.2352941176471,37.6582278481013,0.0569049133829121
-96.7394957983193,37.6582278481013,0.0421870985121781
-96.2436974789916,37.6582278481013,0.0335298108524908
-95.7478991596639,37.6582278481013,0.0329300587709677
-95.2521008403361,37.6582278481013,0.0391815385163358
-94.7563025210084,37.6582278481013,0.0460203247911897
-94.2605042016807,37.6582278481013,0.0437010473930614
-93.7647058823529,37.6582278481013,0.0236956757303684
-93.2689075630252,37.6582278481013,-0.0160047541775178
-92.7731092436975,37.6582278481013,-0.0671367545471094
-92.2773109243697,37.6582278481013,-0.115566464880214
-91.781512605042,37.6582278481013,-0.148158804499156
-91.2857142857143,37.6582278481013,-0.158050170306685
-90.7899159663866,37.6582278481013,-0.145814075046203
-90.2941176470588,37.6582278481013,-0.117976316684206
-89.7983193277311,37.6582278481013,-0.0873953271915289
-89.3025210084034,37.6582278481013,-0.0658178995816698
-88.8067226890756,37.6582278481013,-0.0616607220334048
-88.3109243697479,37.6582278481013,-0.078567944419632
-87.8151260504202,37.6582278481013,-0.113018135770189
-87.3193277310924,37.6582278481013,-0.154274164297703
-86.8235294117647,37.6582278481013,-0.18702846874159
-86.327731092437,37.6582278481013,-0.19501645436685
-85.8319327731092,37.6582278481013,-0.170177553513643
-85.3361344537815,37.6582278481013,-0.116562846528236
-84.8403361344538,37.6582278481013,-0.0505976431090798
-84.344537815126,37.6582278481013,0.00381847160402303
-83.8487394957983,37.6582278481013,0.0277121318043536
-83.3529411764706,37.6582278481013,0.018988297488206
-82.8571428571429,37.6582278481013,-0.010320004314922
-82.3613445378151,37.6582278481013,-0.0412617764839616
-81.8655462184874,37.6582278481013,-0.0589794366559426
-81.3697478991597,37.6582278481013,-0.0594881047290473
-80.8739495798319,37.6582278481013,-0.0508301451191479
-80.3781512605042,37.6582278481013,-0.0483848555589623
-79.8823529411765,37.6582278481013,-0.0620598979350891
-79.3865546218487,37.6582278481013,-0.0856759800843293
-78.890756302521,37.6582278481013,-0.101589898076615
-78.3949579831933,37.6582278481013,-0.0940192940501641
-77.8991596638655,37.6582278481013,-0.060997079272519
-77.4033613445378,37.6582278481013,-0.0193695589991535
-76.9075630252101,37.6582278481013,0.00289750105153977
-76.4117647058823,37.6582278481013,-0.0163853581007312
-75.9159663865546,37.6582278481013,-0.0829887378369158
-75.4201680672269,37.6582278481013,-0.184756801166301
-74.9243697478992,37.6582278481013,-0.298518792369903
-74.4285714285714,37.6582278481013,-0.403242749572371
-73.9327731092437,37.6582278481013,-0.488067772805149
-73.436974789916,37.6582278481013,-0.550949501355108
-72.9411764705882,37.6582278481013,-0.595451316821061
-72.4453781512605,37.6582278481013,-0.627520758380508
-71.9495798319328,37.6582278481013,-0.653175837928804
-71.453781512605,37.6582278481013,-0.677332207939015
-70.9579831932773,37.6582278481013,-0.703506002694061
-70.4621848739496,37.6582278481013,-0.733989172969265
-69.9663865546218,37.6582278481013,-0.770171974511645
-69.4705882352941,37.6582278481013,-0.812826226483793
-68.9747899159664,37.6582278481013,-0.862284349464823
-68.4789915966387,37.6582278481013,-0.918527190297587
-67.9831932773109,37.6582278481013,-0.981225715087479
-67.4873949579832,37.6582278481013,-1.04977837952918
-66.9915966386555,37.6582278481013,-1.12336566677557
-66.4957983193277,37.6582278481013,-1.20102294315963
-66,37.6582278481013,-1.28172116140878
-125,37.9746835443038,1.10711348314928
-124.504201680672,37.9746835443038,1.07895338514222
-124.008403361345,37.9746835443038,1.03715755145419
-123.512605042017,37.9746835443038,0.972625810830972
-123.016806722689,37.9746835443038,0.873172977508008
-122.521008403361,37.9746835443038,0.729743684410007
-122.025210084034,37.9746835443038,0.552888781725222
-121.529411764706,37.9746835443038,0.376305966564325
-121.033613445378,37.9746835443038,0.232830627373732
-120.53781512605,37.9746835443038,0.142803255435511
-120.042016806723,37.9746835443038,0.107536814592577
-119.546218487395,37.9746835443038,0.111371564277595
-119.050420168067,37.9746835443038,0.130025812271919
-118.55462184874,37.9746835443038,0.142450503567615
-118.058823529412,37.9746835443038,0.138771993866318
-117.563025210084,37.9746835443038,0.118746798332267
-117.067226890756,37.9746835443038,0.0880637450374428
-116.571428571429,37.9746835443038,0.0538172565099614
-116.075630252101,37.9746835443038,0.0213354633126115
-115.579831932773,37.9746835443038,-0.0072238981899322
-115.084033613445,37.9746835443038,-0.0329464672908425
-114.588235294118,37.9746835443038,-0.0586062014321584
-114.09243697479,37.9746835443038,-0.085695155591838
-113.596638655462,37.9746835443038,-0.112404064435204
-113.100840336134,37.9746835443038,-0.134314195819694
-112.605042016807,37.9746835443038,-0.146108182258153
-112.109243697479,37.9746835443038,-0.145310026534104
-111.613445378151,37.9746835443038,-0.133873379515929
-111.117647058824,37.9746835443038,-0.115792167053264
-110.621848739496,37.9746835443038,-0.0959955214205805
-110.126050420168,37.9746835443038,-0.0782159187381974
-109.63025210084,37.9746835443038,-0.0642861515142366
-109.134453781513,37.9746835443038,-0.0543998148738964
-108.638655462185,37.9746835443038,-0.0485622598436765
-108.142857142857,37.9746835443038,-0.0481587971079325
-107.647058823529,37.9746835443038,-0.0560288037501803
-107.151260504202,37.9746835443038,-0.0749789196084973
-106.655462184874,37.9746835443038,-0.10579680976155
-106.159663865546,37.9746835443038,-0.14465352604883
-105.663865546218,37.9746835443038,-0.18145465285568
-105.168067226891,37.9746835443038,-0.203510851104854
-104.672268907563,37.9746835443038,-0.199909174419445
-104.176470588235,37.9746835443038,-0.166303886040117
-103.680672268908,37.9746835443038,-0.109469838253971
-103.18487394958,37.9746835443038,-0.0415447553358045
-102.689075630252,37.9746835443038,0.0242673885786385
-102.193277310924,37.9746835443038,0.075743155738941
-101.697478991597,37.9746835443038,0.106273704811
-101.201680672269,37.9746835443038,0.117090923478117
-100.705882352941,37.9746835443038,0.114092391204823
-100.210084033613,37.9746835443038,0.105063935778306
-99.7142857142857,37.9746835443038,0.0963668301115691
-99.218487394958,37.9746835443038,0.0903791633201245
-98.7226890756303,37.9746835443038,0.0851241262447914
-98.2268907563025,37.9746835443038,0.0763205474564522
-97.7310924369748,37.9746835443038,0.0610689560518817
-97.2352941176471,37.9746835443038,0.0404321053038928
-96.7394957983193,37.9746835443038,0.0186628624257161
-96.2436974789916,37.9746835443038,0.000488528924479035
-95.7478991596639,37.9746835443038,-0.00952190280330803
-95.2521008403361,37.9746835443038,-0.00905096742622066
-94.7563025210084,37.9746835443038,-0.000933396440231422
-94.2605042016807,37.9746835443038,0.00664228519025519
-93.7647058823529,37.9746835443038,0.0033803157858219
-93.2689075630252,37.9746835443038,-0.0165934791832055
-92.7731092436975,37.9746835443038,-0.0504129871517063
-92.2773109243697,37.9746835443038,-0.0889423240134519
-91.781512605042,37.9746835443038,-0.121921275207361
-91.2857142857143,37.9746835443038,-0.141559188251974
-90.7899159663866,37.9746835443038,-0.143764578938028
-90.2941176470588,37.9746835443038,-0.129844439413437
-89.7983193277311,37.9746835443038,-0.109224478243943
-89.3025210084034,37.9746835443038,-0.0919683151845838
-88.8067226890756,37.9746835443038,-0.0862114906443193
-88.3109243697479,37.9746835443038,-0.0971505761936614
-87.8151260504202,37.9746835443038,-0.124686622993246
-87.3193277310924,37.9746835443038,-0.1620307769957
-86.8235294117647,37.9746835443038,-0.19587998197189
-86.327731092437,37.9746835443038,-0.20974423242245
-85.8319327731092,37.9746835443038,-0.193456903624913
-85.3361344537815,37.9746835443038,-0.148357569353656
-84.8403361344538,37.9746835443038,-0.0891739067727261
-84.344537815126,37.9746835443038,-0.0390273367041809
-83.8487394957983,37.9746835443038,-0.0160259603570134
-83.3529411764706,37.9746835443038,-0.0227050305279012
-82.8571428571429,37.9746835443038,-0.0476059140502061
-82.3613445378151,37.9746835443038,-0.0722392887914021
-81.8655462184874,37.9746835443038,-0.0826282346272472
-81.3697478991597,37.9746835443038,-0.0757023415133512
-80.8739495798319,37.9746835443038,-0.059783410209163
-80.3781512605042,37.9746835443038,-0.0503769371665488
-79.8823529411765,37.9746835443038,-0.0577016026525247
-79.3865546218487,37.9746835443038,-0.074261705409777
-78.890756302521,37.9746835443038,-0.0818281693964411
-78.3949579831933,37.9746835443038,-0.0647871739725552
-77.8991596638655,37.9746835443038,-0.0224887198414569
-77.4033613445378,37.9746835443038,0.0256123123762366
-76.9075630252101,37.9746835443038,0.0488949726632812
-76.4117647058823,37.9746835443038,0.0244289362441116
-75.9159663865546,37.9746835443038,-0.0523011527313124
-75.4201680672269,37.9746835443038,-0.165064865913418
-74.9243697478992,37.9746835443038,-0.286417522708317
-74.4285714285714,37.9746835443038,-0.393022436329017
-73.9327731092437,37.9746835443038,-0.474359100001885
-73.436974789916,37.9746835443038,-0.530186166758034
-72.9411764705882,37.9746835443038,-0.566223500104748
-72.4453781512605,37.9746835443038,-0.590115735484297
-71.9495798319328,37.9746835443038,-0.608827955320723
-71.453781512605,37.9746835443038,-0.627573367094004
-70.9579831932773,37.9746835443038,-0.649769680976025
-70.4621848739496,37.9746835443038,-0.677453031328465
-69.9663865546218,37.9746835443038,-0.711755471154216
-69.4705882352941,37.9746835443038,-0.75325395014754
-68.9747899159664,37.9746835443038,-0.802150100456148
-68.4789915966387,37.9746835443038,-0.858327948944139
-67.9831932773109,37.9746835443038,-0.921364220832314
-67.4873949579832,37.9746835443038,-0.990549129634745
-66.9915966386555,37.9746835443038,-1.06494113305691
-66.4957983193277,37.9746835443038,-1.14345058103429
-66,37.9746835443038,-1.22493400544787
-125,38.2911392405063,0.990062455423544
-124.504201680672,38.2911392405063,0.969001498239189
-124.008403361345,38.2911392405063,0.937714038564408
-123.512605042017,38.2911392405063,0.887642536435944
-123.016806722689,38.2911392405063,0.805854185112246
-122.521008403361,38.2911392405063,0.683525982687184
-122.025210084034,38.2911392405063,0.53187415072219
-121.529411764706,38.2911392405063,0.382365916074912
-121.033613445378,38.2911392405063,0.264107334818335
-120.53781512605,38.2911392405063,0.193722874427674
-120.042016806723,38.2911392405063,0.169445911307398
-119.546218487395,38.2911392405063,0.175480863066569
-119.050420168067,38.2911392405063,0.19009310519429
-118.55462184874,38.2911392405063,0.194751821123535
-118.058823529412,38.2911392405063,0.180526972149624
-117.563025210084,38.2911392405063,0.147506682030626
-117.067226890756,38.2911392405063,0.101128533201533
-116.571428571429,38.2911392405063,0.0483945475229647
-116.075630252101,38.2911392405063,-0.00451284313170315
-115.579831932773,38.2911392405063,-0.0533912188579666
-115.084033613445,38.2911392405063,-0.0964351185272857
-114.588235294118,38.2911392405063,-0.133722762548464
-114.09243697479,38.2911392405063,-0.165122410434489
-113.596638655462,38.2911392405063,-0.18847572436167
-113.100840336134,38.2911392405063,-0.201121611042083
-112.605042016807,38.2911392405063,-0.200521060437274
-112.109243697479,38.2911392405063,-0.186153368173562
-111.613445378151,38.2911392405063,-0.161125259580903
-111.117647058824,38.2911392405063,-0.130755548067594
-110.621848739496,38.2911392405063,-0.100598672165779
-110.126050420168,38.2911392405063,-0.0742956663574697
-109.63025210084,38.2911392405063,-0.0532357189742868
-109.134453781513,38.2911392405063,-0.0373734237545375
-108.638655462185,38.2911392405063,-0.0264607961483969
-108.142857142857,38.2911392405063,-0.021531926031686
-107.647058823529,38.2911392405063,-0.0253109142849286
-107.151260504202,38.2911392405063,-0.0406517478547339
-106.655462184874,38.2911392405063,-0.0689536146362962
-106.159663865546,38.2911392405063,-0.106994329713195
-105.663865546218,38.2911392405063,-0.145181398326548
-105.168067226891,38.2911392405063,-0.170170197234729
-104.672268907563,38.2911392405063,-0.169446443088277
-104.176470588235,38.2911392405063,-0.137605946118454
-103.680672268908,38.2911392405063,-0.0806003199798131
-103.18487394958,38.2911392405063,-0.0111894839457546
-102.689075630252,38.2911392405063,0.0559061342180878
-102.193277310924,38.2911392405063,0.106614241603516
-101.697478991597,38.2911392405063,0.133149980831892
-101.201680672269,38.2911392405063,0.137223902571655
-100.705882352941,38.2911392405063,0.125840138869979
-100.210084033613,38.2911392405063,0.108243269882402
-99.7142857142857,38.2911392405063,0.0922007912784418
-99.218487394958,38.2911392405063,0.0808633193813573
-98.7226890756303,38.2911392405063,0.0722758029539769
-98.2268907563025,38.2911392405063,0.0614917438755571
-97.7310924369748,38.2911392405063,0.0443604274304535
-97.2352941176471,38.2911392405063,0.0201943773757175
-96.7394957983193,38.2911392405063,-0.00813753727604297
-96.2436974789916,38.2911392405063,-0.0354723349241531
-95.7478991596639,38.2911392405063,-0.0549091624994239
-95.2521008403361,38.2911392405063,-0.060733155493032
-94.7563025210084,38.2911392405063,-0.0524955523782023
-94.2605042016807,38.2911392405063,-0.0366374424760227
-93.7647058823529,38.2911392405063,-0.0242618735446742
-93.2689075630252,38.2911392405063,-0.0244089192012418
-92.7731092436975,38.2911392405063,-0.0390235495234547
-92.2773109243697,38.2911392405063,-0.06422112999076
-91.781512605042,38.2911392405063,-0.0932631331663396
-91.2857142857143,38.2911392405063,-0.118485845254413
-90.7899159663866,38.2911392405063,-0.13272680402913
-90.2941176470588,38.2911392405063,-0.132903017417544
-89.7983193277311,38.2911392405063,-0.124438735316235
-89.3025210084034,38.2911392405063,-0.114488220485298
-88.8067226890756,38.2911392405063,-0.10963691533395
-88.3109243697479,38.2911392405063,-0.115944270698898
-87.8151260504202,38.2911392405063,-0.136707963615016
-87.3193277310924,38.2911392405063,-0.169201331490347
-86.8235294117647,38.2911392405063,-0.202647619864989
-86.327731092437,38.2911392405063,-0.221313076615277
-85.8319327731092,38.2911392405063,-0.213736424230011
-85.3361344537815,38.2911392405063,-0.178408143963206
-84.8403361344538,38.2911392405063,-0.127597085159378
-84.344537815126,38.2911392405063,-0.0828357227477183
-83.8487394957983,38.2911392405063,-0.0609935984153903
-83.3529411764706,38.2911392405063,-0.0652939942338629
-82.8571428571429,38.2911392405063,-0.0855017359429007
-82.3613445378151,38.2911392405063,-0.104538265036811
-81.8655462184874,38.2911392405063,-0.109642582664941
-81.3697478991597,38.2911392405063,-0.0984217588141451
-80.8739495798319,38.2911392405063,-0.0789243010841969
-80.3781512605042,38.2911392405063,-0.0655209401981521
-79.8823529411765,38.2911392405063,-0.067696956851041
-79.3865546218487,38.2911392405063,-0.0772165831813388
-78.890756302521,38.2911392405063,-0.0762397940549138
-78.3949579831933,38.2911392405063,-0.0501410607331653
-77.8991596638655,38.2911392405063,0.00023872780027407
-77.4033613445378,38.2911392405063,0.0534683880453894
-76.9075630252101,38.2911392405063,0.0769348001125098
-76.4117647058823,38.2911392405063,0.0469105064641301
-75.9159663865546,38.2911392405063,-0.0385064265514985
-75.4201680672269,38.2911392405063,-0.159070144561171
-74.9243697478992,38.2911392405063,-0.283875446255468
-74.4285714285714,38.2911392405063,-0.388133255249991
-73.9327731092437,38.2911392405063,-0.462132697949417
-73.436974789916,38.2911392405063,-0.507921364177248
-72.9411764705882,38.2911392405063,-0.53361439946022
-72.4453781512605,38.2911392405063,-0.548492551085574
-71.9495798319328,38.2911392405063,-0.560207186120481
-71.453781512605,38.2911392405063,-0.573955341610975
-70.9579831932773,38.2911392405063,-0.592791778441585
-70.4621848739496,38.2911392405063,-0.618322382631874
-69.9663865546218,38.2911392405063,-0.651335304391025
-69.4705882352941,38.2911392405063,-0.692191909841113
-68.9747899159664,38.2911392405063,-0.740976050895872
-68.4789915966387,38.2911392405063,-0.79749458748779
-67.9831932773109,38.2911392405063,-0.861240790221145
-67.4873949579832,38.2911392405063,-0.931395202971702
-66.9915966386555,38.2911392405063,-1.00688483936488
-66.4957983193277,38.2911392405063,-1.08648392866801
-66,38.2911392405063,-1.16892668441718
-125,38.6075949367089,0.868778001275275
-124.504201680672,38.6075949367089,0.852402814873
-124.008403361345,38.6075949367089,0.828761398176147
-123.512605042017,38.6075949367089,0.790278208413425
-123.016806722689,38.6075949367089,0.724850922559107
-122.521008403361,38.6075949367089,0.625210905858026
-122.025210084034,38.6075949367089,0.502437952853683
-121.529411764706,38.6075949367089,0.383754153533027
-121.033613445378,38.6075949367089,0.293882514125146
-120.53781512605,38.6075949367089,0.245282727230411
-120.042016806723,38.6075949367089,0.233688807997237
-119.546218487395,38.6075949367089,0.243182166409687
-119.050420168067,38.6075949367089,0.254176948591307
-118.55462184874,38.6075949367089,0.250612773524239
-118.058823529412,38.6075949367089,0.224993006420067
-117.563025210084,38.6075949367089,0.178449820737737
-117.067226890756,38.6075949367089,0.116644163308579
-116.571428571429,38.6075949367089,0.046583884414716
-116.075630252101,38.6075949367089,-0.0248323909074304
-115.579831932773,38.6075949367089,-0.0916044751453973
-115.084033613445,38.6075949367089,-0.149389075379995
-114.588235294118,38.6075949367089,-0.196166049460851
-114.09243697479,38.6075949367089,-0.230917202941871
-113.596638655462,38.6075949367089,-0.251035461499292
-113.100840336134,38.6075949367089,-0.255427743774545
-112.605042016807,38.6075949367089,-0.243809056836716
-112.109243697479,38.6075949367089,-0.217128414141029
-111.613445378151,38.6075949367089,-0.179506719051955
-111.117647058824,38.6075949367089,-0.137617198575605
-110.621848739496,38.6075949367089,-0.0978555863908765
-110.126050420168,38.6075949367089,-0.0638079839780719
-109.63025210084,38.6075949367089,-0.0364686821351162
-109.134453781513,38.6075949367089,-0.015503308016203
-108.638655462185,38.6075949367089,-0.000217821879657581
-108.142857142857,38.6075949367089,0.00908016676697591
-107.647058823529,38.6075949367089,0.0103544545233892
-107.151260504202,38.6075949367089,0.00101098351155618
-106.655462184874,38.6075949367089,-0.0214725970757753
-106.159663865546,38.6075949367089,-0.0553435986180597
-105.663865546218,38.6075949367089,-0.0925120357598155
-105.168067226891,38.6075949367089,-0.120050480747243
-104.672268907563,38.6075949367089,-0.124393884139015
-104.176470588235,38.6075949367089,-0.0977178112725638
-103.680672268908,38.6075949367089,-0.0449023708672078
-103.18487394958,38.6075949367089,0.0213684213484934
-102.689075630252,38.6075949367089,0.0856223204761156
-102.193277310924,38.6075949367089,0.132857887766501
-101.697478991597,38.6075949367089,0.15442628950464
-101.201680672269,38.6075949367089,0.151716740834866
-100.705882352941,38.6075949367089,0.132609498810133
-100.210084033613,38.6075949367089,0.10738194640195
-99.7142857142857,38.6075949367089,0.0845357919043309
-99.218487394958,38.6075949367089,0.0679351809426946
-98.7226890756303,38.6075949367089,0.0558035834195818
-98.2268907563025,38.6075949367089,0.0426343212931364
-97.7310924369748,38.6075949367089,0.0234157015905772
-97.2352941176471,38.6075949367089,-0.0036304549539765
-96.7394957983193,38.6075949367089,-0.0370933793130186
-96.2436974789916,38.6075949367089,-0.0720017344873858
-95.7478991596639,38.6075949367089,-0.0997535610647475
-95.2521008403361,38.6075949367089,-0.111639042580408
-94.7563025210084,38.6075949367089,-0.104146292447156
-94.2605042016807,38.6075949367089,-0.0820458628535897
-93.7647058823529,38.6075949367089,-0.0563612807707286
-93.2689075630252,38.6075949367089,-0.0382379858575031
-92.7731092436975,38.6075949367089,-0.0336692135145123
-92.2773109243697,38.6075949367089,-0.0435878131251528
-91.781512605042,38.6075949367089,-0.065004106925764
-91.2857142857143,38.6075949367089,-0.0914459126670487
-90.7899159663866,38.6075949367089,-0.114470485879351
-90.2941176470588,38.6075949367089,-0.127829282098706
-89.7983193277311,38.6075949367089,-0.132657470184315
-89.3025210084034,38.6075949367089,-0.13201663222034
-88.8067226890756,38.6075949367089,-0.130076515033821
-88.3109243697479,38.6075949367089,-0.133189051646642
-87.8151260504202,38.6075949367089,-0.14751235909789
-87.3193277310924,38.6075949367089,-0.174113857894648
-86.8235294117647,38.6075949367089,-0.205204377738406
-86.327731092437,38.6075949367089,-0.226748583352043
-85.8319327731092,38.6075949367089,-0.226853298566397
-85.3361344537815,38.6075949367089,-0.20149418370907
-84.8403361344538,38.6075949367089,-0.160048159458874
-84.344537815126,38.6075949367089,-0.121680112274905
-83.8487394957983,38.6075949367089,-0.101857539598778
-83.3529411764706,38.6075949367089,-0.104077657613852
-82.8571428571429,38.6075949367089,-0.119910324447554
-82.3613445378151,38.6075949367089,-0.134385753775596
-81.8655462184874,38.6075949367089,-0.136268444077239
-81.3697478991597,38.6075949367089,-0.123650515746173
-80.8739495798319,38.6075949367089,-0.103919325108241
-80.3781512605042,38.6075949367089,-0.0897158009354556
-79.8823529411765,38.6075949367089,-0.088512820565346
-79.3865546218487,38.6075949367089,-0.0922920861693528
-78.890756302521,38.6075949367089,-0.0841670753055231
-78.3949579831933,38.6075949367089,-0.0509406440287349
-77.8991596638655,38.6075949367089,0.00503792161277699
-77.4033613445378,38.6075949367089,0.0611392110175448
-76.9075630252101,38.6075949367089,0.084007164893407
-76.4117647058823,38.6075949367089,0.0494502848321046
-75.9159663865546,38.6075949367089,-0.041735474776685
-75.4201680672269,38.6075949367089,-0.165853200877956
-74.9243697478992,38.6075949367089,-0.289305401167704
-74.4285714285714,38.6075949367089,-0.386563938994381
-73.9327731092437,38.6075949367089,-0.4493018408425
-73.436974789916,38.6075949367089,-0.482309294991884
-72.9411764705882,38.6075949367089,-0.496236399333757
-72.4453781512605,38.6075949367089,-0.501799783292305
-71.9495798319328,38.6075949367089,-0.506952086005999
-71.453781512605,38.6075949367089,-0.516491404603531
-70.9579831932773,38.6075949367089,-0.532828325502943
-70.4621848739496,38.6075949367089,-0.556980864819193
-69.9663865546218,38.6075949367089,-0.589340279322159
-69.4705882352941,38.6075949367089,-0.630067085318532
-68.9747899159664,38.6075949367089,-0.679169047403762
-68.4789915966387,38.6075949367089,-0.736412319811575
-67.9831932773109,38.6075949367089,-0.80122286250831
-67.4873949579832,38.6075949367089,-0.872668307550199
-66.9915966386555,38.6075949367089,-0.949530644148592
-66.4957983193277,38.6075949367089,-1.03043357426711
-66,38.6075949367089,-1.11397989006417
-125,38.9240506329114,0.745783840037173
-124.504201680672,38.9240506329114,0.732017324953137
-124.008403361345,38.9240506329114,0.713435883841546
-123.512605042017,38.9240506329114,0.683941296848006
-123.016806722689,38.9240506329114,0.633855464105236
-122.521008403361,38.9240506329114,0.557848344912715
-122.025210084034,38.9240506329114,0.465456173457297
-121.529411764706,38.9240506329114,0.378821500619646
-121.033613445378,38.9240506329114,0.318026633542386
-120.53781512605,38.9240506329114,0.291634791568843
-120.042016806723,38.9240506329114,0.293478674456972
-119.546218487395,38.9240506329114,0.307488821500327
-119.050420168067,38.9240506329114,0.315756525686781
-118.55462184874,38.9240506329114,0.304609600712146
-118.058823529412,38.9240506329114,0.26820209877666
-117.563025210084,38.9240506329114,0.209249031688268
-117.067226890756,38.9240506329114,0.133770872442573
-116.571428571429,38.9240506329114,0.0487545530031224
-116.075630252101,38.9240506329114,-0.0383450013487967
-115.579831932773,38.9240506329114,-0.119997310085172
-115.084033613445,38.9240506329114,-0.189643616604348
-114.588235294118,38.9240506329114,-0.243583659599958
-114.09243697479,38.9240506329114,-0.28071204932186
-113.596638655462,38.9240506329114,-0.298348587790348
-113.100840336134,38.9240506329114,-0.29637041867736
-112.605042016807,38.9240506329114,-0.275769808992824
-112.109243697479,38.9240506329114,-0.238527865860184
-111.613445378151,38.9240506329114,-0.189739719743322
-111.117647058824,38.9240506329114,-0.137387071389427
-110.621848739496,38.9240506329114,-0.0890181690941296
-110.126050420168,38.9240506329114,-0.0481808897081373
-109.63025210084,38.9240506329114,-0.0155927882842876
-109.134453781513,38.9240506329114,0.00935938091356907
-108.638655462185,38.9240506329114,0.0279847243649129
-108.142857142857,38.9240506329114,0.040967684073426
-107.647058823529,38.9240506329114,0.0474304599543505
-107.151260504202,38.9240506329114,0.045228761581628
-106.655462184874,38.9240506329114,0.0310044855325516
-106.159663865546,38.9240506329114,0.00412770157961444
-105.663865546218,38.9240506329114,-0.0299227714314113
-105.168067226891,38.9240506329114,-0.0592590633667024
-104.672268907563,38.9240506329114,-0.0693815554230815
-104.176470588235,38.9240506329114,-0.0506466376913621
-103.680672268908,38.9240506329114,-0.00581267048662637
-103.18487394958,38.9240506329114,0.0533346171337929
-102.689075630252,38.9240506329114,0.111384212345473
-102.193277310924,38.9240506329114,0.153020073148962
-101.697478991597,38.9240506329114,0.168763142056768
-101.201680672269,38.9240506329114,0.159287230886869
-100.705882352941,38.9240506329114,0.133120216203698
-100.210084033613,38.9240506329114,0.10116140174906
-99.7142857142857,38.9240506329114,0.0722047467835019
-99.218487394958,38.9240506329114,0.0505816804669063
-98.7226890756303,38.9240506329114,0.0348278130589145
-98.2268907563025,38.9240506329114,0.0191383778830102
-97.7310924369748,38.9240506329114,-0.00205696808693891
-97.2352941176471,38.9240506329114,-0.0309443241449921
-96.7394957983193,38.9240506329114,-0.0675189593973117
-96.2436974789916,38.9240506329114,-0.107336763333131
-95.7478991596639,38.9240506329114,-0.140882963901998
-95.2521008403361,38.9240506329114,-0.157534671080974
-94.7563025210084,38.9240506329114,-0.151468888298192
-94.2605042016807,38.9240506329114,-0.125515391553509
-93.7647058823529,38.9240506329114,-0.0899181369474195
-93.2689075630252,38.9240506329114,-0.0569565398799373
-92.7731092436975,38.9240506329114,-0.0352922063692402
-92.2773109243697,38.9240506329114,-0.0297251992276117
-91.781512605042,38.9240506329114,-0.0408893635010003
-91.2857142857143,38.9240506329114,-0.0645117860140399
-90.7899159663866,38.9240506329114,-0.09256381049803
-90.2941176470588,38.9240506329114,-0.117187609306821
-89.7983193277311,38.9240506329114,-0.135081469121076
-89.3025210084034,38.9240506329114,-0.14443946521737
-88.8067226890756,38.9240506329114,-0.146684073121648
-88.3109243697479,38.9240506329114,-0.147844029963511
-87.8151260504202,38.9240506329114,-0.155884137924598
-87.3193277310924,38.9240506329114,-0.175277685694904
-86.8235294117647,38.9240506329114,-0.201804465250356
-86.327731092437,38.9240506329114,-0.223801710454717
-85.8319327731092,38.9240506329114,-0.229608088065031
-85.3361344537815,38.9240506329114,-0.213473068971429
-84.8403361344538,38.9240506329114,-0.181948167272465
-84.344537815126,38.9240506329114,-0.151111220922006
-83.8487394957983,38.9240506329114,-0.134281694918535
-83.3529411764706,38.9240506329114,-0.135039021353109
-82.8571428571429,38.9240506329114,-0.14690832652397
-82.3613445378151,38.9240506329114,-0.157648986782493
-81.8655462184874,38.9240506329114,-0.157883275823776
-81.3697478991597,38.9240506329114,-0.146113772700957
-80.8739495798319,38.9240506329114,-0.128827301065317
-80.3781512605042,38.9240506329114,-0.116601580555092
-79.8823529411765,38.9240506329114,-0.11442059625082
-79.3865546218487,38.9240506329114,-0.114634391280095
-78.890756302521,38.9240506329114,-0.101849811291742
-78.3949579831933,38.9240506329114,-0.0644974703479743
-77.8991596638655,38.9240506329114,-0.00610920452039384
-77.4033613445378,38.9240506329114,0.05027967449645
-76.9075630252101,38.9240506329114,0.0716820851693204
-76.4117647058823,38.9240506329114,0.034833530383095
-75.9159663865546,38.9240506329114,-0.0581469770334347
-75.4201680672269,38.9240506329114,-0.181196740422764
-74.9243697478992,38.9240506329114,-0.298583047343032
-74.4285714285714,38.9240506329114,-0.38447325236333
-73.9327731092437,38.9240506329114,-0.432617327586175
-73.436974789916,38.9240506329114,-0.450908707913801
-72.9411764705882,38.9240506329114,-0.452532220191622
-72.4453781512605,38.9240506329114,-0.449286970433918
-71.9495798319328,38.9240506329114,-0.448935294075044
-71.453781512605,38.9240506329114,-0.455465372561442
-70.9579831932773,38.9240506329114,-0.470386239541282
-70.4621848739496,38.9240506329114,-0.494018214822865
-69.9663865546218,38.9240506329114,-0.52635591259451
-69.4705882352941,38.9240506329114,-0.567421239015131
-68.9747899159664,38.9240506329114,-0.617221248915162
-68.4789915966387,38.9240506329114,-0.675533787767946
-67.9831932773109,38.9240506329114,-0.74173487441321
-67.4873949579832,38.9240506329114,-0.814769787452654
-66.9915966386555,38.9240506329114,-0.893254852098514
-66.4957983193277,38.9240506329114,-0.97564438984631
-66,38.9240506329114,-1.06039956377195
-125,39.2405063291139,0.624514992858073
-124.504201680672,39.2405063291139,0.612154187873577
-124.008403361345,39.2405063291139,0.597164293854945
-123.512605042017,39.2405063291139,0.575420338915755
-123.016806722689,39.2405063291139,0.540044130873296
-122.521008403361,39.2405063291139,0.487236160543774
-122.025210084034,39.2405063291139,0.424149155758255
-121.529411764706,39.2405063291139,0.367913536939394
-121.033613445378,39.2405063291139,0.334267121019235
-120.53781512605,39.2405063291139,0.328435575083324
-120.042016806723,39.2405063291139,0.343023055341134
-119.546218487395,39.2405063291139,0.361847200871857
-119.050420168067,39.2405063291139,0.368313073737656
-118.55462184874,39.2405063291139,0.351103481685045
-118.058823529412,39.2405063291139,0.306004818040983
-117.563025210084,39.2405063291139,0.237379354035964
-117.067226890756,39.2405063291139,0.151361139323038
-116.571428571429,39.2405063291139,0.0548852832745597
-116.075630252101,39.2405063291139,-0.0441775944920102
-115.579831932773,39.2405063291139,-0.137065040450325
-115.084033613445,39.2405063291139,-0.21548934175891
-114.588235294118,39.2405063291139,-0.274444905051024
-114.09243697479,39.2405063291139,-0.313166536174237
-113.596638655462,39.2405063291139,-0.329700302474041
-113.100840336134,39.2405063291139,-0.323812766039617
-112.605042016807,39.2405063291139,-0.296768190062233
-112.109243697479,39.2405063291139,-0.251193553541623
-111.613445378151,39.2405063291139,-0.193048753499929
-111.117647058824,39.2405063291139,-0.131538358812058
-110.621848739496,39.2405063291139,-0.0756263403137254
-110.126050420168,39.2405063291139,-0.0288648344599055
-109.63025210084,39.2405063291139,0.00798800691958311
-109.134453781513,39.2405063291139,0.0357223932316973
-108.638655462185,39.2405063291139,0.0564183512237757
-108.142857142857,39.2405063291139,0.0719821721858168
-107.647058823529,39.2405063291139,0.0828787005321086
-107.151260504202,39.2405063291139,0.0876716609188881
-106.655462184874,39.2405063291139,0.0827148807869669
-106.159663865546,39.2405063291139,0.064558201666634
-105.663865546218,39.2405063291139,0.0353214338043446
-105.168067226891,39.2405063291139,0.00536874346796407
-104.672268907563,39.2405063291139,-0.0103940308935724
-104.176470588235,39.2405063291139,-0.00116041645200855
-103.680672268908,39.2405063291139,0.0328163375352277
-103.18487394958,39.2405063291139,0.0817457836064954
-102.689075630252,39.2405063291139,0.131030775129329
-102.193277310924,39.2405063291139,0.165416272533424
-101.697478991597,39.2405063291139,0.174653842102205
-101.201680672269,39.2405063291139,0.158613608691968
-100.705882352941,39.2405063291139,0.126192746391417
-100.210084033613,39.2405063291139,0.0884128569893879
-99.7142857142857,39.2405063291139,0.054114555878745
-99.218487394958,39.2405063291139,0.0278617686531939
-98.7226890756303,39.2405063291139,0.00853397319026816
-98.2268907563025,39.2405063291139,-0.00959638575147106
-97.7310924369748,39.2405063291139,-0.032275137631805
-97.2352941176471,39.2405063291139,-0.0617826494542351
-96.7394957983193,39.2405063291139,-0.09913717129142
-96.2436974789916,39.2405063291139,-0.140369672381385
-95.7478991596639,39.2405063291139,-0.176025448304824
-95.2521008403361,39.2405063291139,-0.195133942091305
-94.7563025210084,39.2405063291139,-0.190651663998119
-94.2605042016807,39.2405063291139,-0.163462364023177
-93.7647058823529,39.2405063291139,-0.122321349246222
-93.2689075630252,39.2405063291139,-0.0793444585238977
-92.7731092436975,39.2405063291139,-0.0444483714856504
-92.2773109243697,39.2405063291139,-0.0250274012161951
-91.781512605042,39.2405063291139,-0.024798057024931
-91.2857142857143,39.2405063291139,-0.0422931460777904
-90.7899159663866,39.2405063291139,-0.0715190795369994
-90.2941176470588,39.2405063291139,-0.104363511189694
-89.7983193277311,39.2405063291139,-0.133608338216136
-89.3025210084034,39.2405063291139,-0.152600585438181
-88.8067226890756,39.2405063291139,-0.159705236677175
-88.3109243697479,39.2405063291139,-0.159752291214625
-87.8151260504202,39.2405063291139,-0.161429433671367
-87.3193277310924,39.2405063291139,-0.172211322327064
-86.8235294117647,39.2405063291139,-0.191770948087973
-86.327731092437,39.2405063291139,-0.211451110234717
-85.8319327731092,39.2405063291139,-0.220500236251026
-85.3361344537815,39.2405063291139,-0.212404566442632
-84.8403361344538,39.2405063291139,-0.191091276426987
-84.344537815126,39.2405063291139,-0.16877329692878
-83.8487394957983,39.2405063291139,-0.15586004854535
-83.3529411764706,39.2405063291139,-0.155738315280429
-82.8571428571429,39.2405063291139,-0.163868369286053
-82.3613445378151,39.2405063291139,-0.171170305714579
-81.8655462184874,39.2405063291139,-0.170417311729375
-81.3697478991597,39.2405063291139,-0.160620831828705
-80.8739495798319,39.2405063291139,-0.147374923848769
-80.3781512605042,39.2405063291139,-0.138981887304959
-79.8823529411765,39.2405063291139,-0.138328853010152
-79.3865546218487,39.2405063291139,-0.137805805467441
-78.890756302521,39.2405063291139,-0.123479224231117
-78.3949579831933,39.2405063291139,-0.0854720402513904
-77.8991596638655,39.2405063291139,-0.0279716490836172
-77.4033613445378,39.2405063291139,0.0266139490350252
-76.9075630252101,39.2405063291139,0.0463091349464676
-76.4117647058823,39.2405063291139,0.00971134304314419
-75.9159663865546,39.2405063291139,-0.080632743705982
-75.4201680672269,39.2405063291139,-0.197970514367802
-74.9243697478992,39.2405063291139,-0.305191001271207
-74.4285714285714,39.2405063291139,-0.376433928847944
-73.9327731092437,39.2405063291139,-0.408013353404559
-73.436974789916,39.2405063291139,-0.411067834735169
-72.9411764705882,39.2405063291139,-0.401136479234056
-72.4453781512605,39.2405063291139,-0.390594660548856
-71.9495798319328,39.2405063291139,-0.386466825831338
-71.453781512605,39.2405063291139,-0.391557649014393
-70.9579831932773,39.2405063291139,-0.406290630771345
-70.4621848739496,39.2405063291139,-0.430258314202399
-69.9663865546218,39.2405063291139,-0.463129581508869
-69.4705882352941,39.2405063291139,-0.504905565584325
-68.9747899159664,39.2405063291139,-0.555702614067179
-68.4789915966387,39.2405063291139,-0.615373449425624
-67.9831932773109,39.2405063291139,-0.683255180944445
-67.4873949579832,39.2405063291139,-0.75814896148977
-66.9915966386555,39.2405063291139,-0.838474561882167
-66.4957983193277,39.2405063291139,-0.92249293049904
-66,39.2405063291139,-1.00851299889699
-125,39.5569620253165,0.508918484601661
-124.504201680672,39.5569620253165,0.497907052487883
-124.008403361345,39.5569620253165,0.486650317711905
-123.512605042017,39.5569620253165,0.472816274364783
-123.016806722689,39.5569620253165,0.451581958298494
-122.521008403361,39.5569620253165,0.419955682098277
-122.025210084034,39.5569620253165,0.382808234802305
-121.529411764706,39.5569620253165,0.352702504321717
-121.033613445378,39.5569620253165,0.341931815946424
-120.53781512605,39.5569620253165,0.353063791915075
-120.042016806723,39.5569620253165,0.377858799702581
-119.546218487395,39.5569620253165,0.400609423713971
-119.050420168067,39.5569620253165,0.406051117526125
-118.55462184874,39.5569620253165,0.384797052298376
-118.058823529412,39.5569620253165,0.334757600289623
-117.563025210084,39.5569620253165,0.260512069652689
-117.067226890756,39.5569620253165,0.168103842428799
-116.571428571429,39.5569620253165,0.0645243883684799
-116.075630252101,39.5569620253165,-0.041999644856989
-115.579831932773,39.5569620253165,-0.141883705889705
-115.084033613445,39.5569620253165,-0.225804953283253
-114.588235294118,39.5569620253165,-0.288478672087994
-114.09243697479,39.5569620253165,-0.32890726828957
-113.596638655462,39.5569620253165,-0.345723852400893
-113.100840336134,39.5569620253165,-0.33833589214825
-112.605042016807,39.5569620253165,-0.307590593790713
-112.109243697479,39.5569620253165,-0.256236728164384
-111.613445378151,39.5569620253165,-0.190877988834216
-111.117647058824,39.5569620253165,-0.121873991574104
-110.621848739496,39.5569620253165,-0.0592411809566413
-110.126050420168,39.5569620253165,-0.00712008063123023
-109.63025210084,39.5569620253165,0.03317701197387
-109.134453781513,39.5569620253165,0.0625140514121458
-108.638655462185,39.5569620253165,0.083885127455219
-108.142857142857,39.5569620253165,0.100554739201024
-107.647058823529,39.5569620253165,0.114395781076567
-107.151260504202,39.5569620253165,0.125010448874014
-106.655462184874,39.5569620253165,0.128698752024812
-106.159663865546,39.5569620253165,0.119572089469587
-105.663865546218,39.5569620253165,0.0962436719020209
-105.168067226891,39.5569620253165,0.0668566280948031
-104.672268907563,39.5569620253165,0.0459838529188812
-104.176470588235,39.5569620253165,0.045216326826922
-103.680672268908,39.5569620253165,0.066910418121227
-103.18487394958,39.5569620253165,0.103649131688879
-102.689075630252,39.5569620253165,0.142251289106849
-102.193277310924,39.5569620253165,0.168028512463141
-101.697478991597,39.5569620253165,0.170446923765867
-101.201680672269,39.5569620253165,0.14859117606897
-100.705882352941,39.5569620253165,0.111039366303945
-100.210084033613,39.5569620253165,0.0685482447832815
-99.7142857142857,39.5569620253165,0.0298174797696307
-99.218487394958,39.5569620253165,-0.000540358505072729
-98.7226890756303,39.5569620253165,-0.0232926794514304
-98.2268907563025,39.5569620253165,-0.0436491039975313
-97.7310924369748,39.5569620253165,-0.0669698705350084
-97.2352941176471,39.5569620253165,-0.0957147577710161
-96.7394957983193,39.5569620253165,-0.131359121800782
-96.2436974789916,39.5569620253165,-0.170225896289054
-95.7478991596639,39.5569620253165,-0.203936530189037
-95.2521008403361,39.5569620253165,-0.222682625459834
-94.7563025210084,39.5569620253165,-0.219443594535378
-94.2605042016807,39.5569620253165,-0.193598329475128
-93.7647058823529,39.5569620253165,-0.151748770173509
-93.2689075630252,39.5569620253165,-0.104337282494538
-92.7731092436975,39.5569620253165,-0.0611994638957943
-92.2773109243697,39.5569620253165,-0.0310090842212563
-91.781512605042,39.5569620253165,-0.0197517606182045
-91.2857142857143,39.5569620253165,-0.0290089085190172
-90.7899159663866,39.5569620253165,-0.0557542826603559
-90.2941176470588,39.5569620253165,-0.0929375995124094
-89.7983193277311,39.5569620253165,-0.13056339609754
-89.3025210084034,39.5569620253165,-0.158045997012126
-88.8067226890756,39.5569620253165,-0.170163392659211
-88.3109243697479,39.5569620253165,-0.169499627634215
-87.8151260504202,39.5569620253165,-0.164693112337654
-87.3193277310924,39.5569620253165,-0.165566662533138
-86.8235294117647,39.5569620253165,-0.175748726800136
-86.327731092437,39.5569620253165,-0.190290712740547
-85.8319327731092,39.5569620253165,-0.200154810256068
-85.3361344537815,39.5569620253165,-0.198887868732545
-84.8403361344538,39.5569620253165,-0.187811683720689
-84.344537815126,39.5569620253165,-0.17452669520183
-83.8487394957983,39.5569620253165,-0.166227211898341
-83.3529411764706,39.5569620253165,-0.165667493470218
-82.8571428571429,39.5569620253165,-0.170054853152051
-82.3613445378151,39.5569620253165,-0.173519513198433
-81.8655462184874,39.5569620253165,-0.171325928702832
-81.3697478991597,39.5569620253165,-0.163338709116495
-80.8739495798319,39.5569620253165,-0.154356304485158
-80.3781512605042,39.5569620253165,-0.15063021667256
-79.8823529411765,39.5569620253165,-0.153541686485473
-79.3865546218487,39.5569620253165,-0.155210612413545
-78.890756302521,39.5569620253165,-0.142701797845255
-78.3949579831933,39.5569620253165,-0.107537389572721
-77.8991596638655,39.5569620253165,-0.0539659310411602
-77.4033613445378,39.5569620253165,-0.00278024660624194
-76.9075630252101,39.5569620253165,0.015869938430818
-76.4117647058823,39.5569620253165,-0.0177525396162781
-75.9159663865546,39.5569620253165,-0.100978680269984
-75.4201680672269,39.5569620253165,-0.207759544869186
-74.9243697478992,39.5569620253165,-0.301227400357741
-74.4285714285714,39.5569620253165,-0.35625303764134
-73.9327731092437,39.5569620253165,-0.371381924236826
-73.436974789916,39.5569620253165,-0.360595805154086
-72.9411764705882,39.5569620253165,-0.341412577500107
-72.4453781512605,39.5569620253165,-0.326123349068115
-71.9495798319328,39.5569620253165,-0.320518364155276
-71.453781512605,39.5569620253165,-0.325963143912689
-70.9579831932773,39.5569620253165,-0.341732130848667
-70.4621848739496,39.5569620253165,-0.36676586345123
-69.9663865546218,39.5569620253165,-0.400557982754678
-69.4705882352941,39.5569620253165,-0.443263255772415
-68.9747899159664,39.5569620253165,-0.495246909044582
-68.4789915966387,39.5569620253165,-0.556499516736201
-67.9831932773109,39.5569620253165,-0.626312470806328
-67.4873949579832,39.5569620253165,-0.703301319504718
-66.9915966386555,39.5569620253165,-0.785645463185807
-66.4957983193277,39.5569620253165,-0.871383711913263
-66,39.5569620253165,-0.958663401067508
-125,39.873417721519,0.402943081097189
-124.504201680672,39.873417721519,0.394244400471915
-124.008403361345,39.873417721519,0.387867039712384
-123.512605042017,39.873417721519,0.382928091446122
-123.016806722689,39.873417721519,0.375135932925972
-122.521008403361,39.873417721519,0.361431136719699
-122.025210084034,39.873417721519,0.345127554901507
-121.529411764706,39.873417721519,0.335352148730302
-121.033613445378,39.873417721519,0.341478419721564
-120.53781512605,39.873417721519,0.364420933460064
-120.042016806723,39.873417721519,0.395636053757311
-119.546218487395,39.873417721519,0.420523332978999
-119.050420168067,39.873417721519,0.425503761265149
-118.55462184874,39.873417721519,0.403046932512704
-118.058823529412,39.873417721519,0.352225552160429
-117.563025210084,39.873417721519,0.276858669133756
-117.067226890756,39.873417721519,0.182627939567916
-116.571428571429,39.873417721519,0.0766928896419126
-116.075630252101,39.873417721519,-0.0323611926967509
-115.579831932773,39.873417721519,-0.134816643479321
-115.084033613445,39.873417721519,-0.22142635108391
-114.588235294118,39.873417721519,-0.286792890745857
-114.09243697479,39.873417721519,-0.329314673830553
-113.596638655462,39.873417721519,-0.347719657889843
-113.100840336134,39.873417721519,-0.340954861198024
-112.605042016807,39.873417721519,-0.309155242522786
-112.109243697479,39.873417721519,-0.254668953456135
-111.613445378151,39.873417721519,-0.184360371829336
-111.117647058824,39.873417721519,-0.109635178365662
-110.621848739496,39.873417721519,-0.0409007663471526
-110.126050420168,39.873417721519,0.0161737622113566
-109.63025210084,39.873417721519,0.0592206813297847
-109.134453781513,39.873417721519,0.0890932913277278
-108.638655462185,39.873417721519,0.109769975605759
-108.142857142857,39.873417721519,0.125879209243814
-107.647058823529,39.873417721519,0.140638218238033
-107.151260504202,39.873417721519,0.154999132823881
-106.655462184874,39.873417721519,0.165291150707924
-106.159663865546,39.873417721519,0.164029555682252
-105.663865546218,39.873417721519,0.146832816544848
-105.168067226891,39.873417721519,0.11903113145245
-104.672268907563,39.873417721519,0.0939420733081184
-104.176470588235,39.873417721519,0.0836273596567285
-103.680672268908,39.873417721519,0.0928171321700814
-103.18487394958,39.873417721519,0.116546397333618
-102.689075630252,39.873417721519,0.143412041571533
-102.193277310924,39.873417721519,0.159749037040201
-101.697478991597,39.873417721519,0.15533127296225
-101.201680672269,39.873417721519,0.128831878654743
-100.705882352941,39.873417721519,0.0876144088691058
-100.210084033613,39.873417721519,0.0417817615726115
-99.7142857142857,39.873417721519,-0.000297469568957108
-99.218487394958,39.873417721519,-0.0340688533285273
-98.7226890756303,39.873417721519,-0.0598472272250856
-98.2268907563025,39.873417721519,-0.0818950679721585
-97.7310924369748,39.873417721519,-0.104882973535205
-97.2352941176471,39.873417721519,-0.13134439706475
-96.7394957983193,39.873417721519,-0.162680059600979
-96.2436974789916,39.873417721519,-0.195763741032345
-95.7478991596639,39.873417721519,-0.224004200819176
-95.2521008403361,39.873417721519,-0.239817362551511
-94.7563025210084,39.873417721519,-0.237319797637142
-94.2605042016807,39.873417721519,-0.215126087960441
-93.7647058823529,39.873417721519,-0.177215950015856
-93.2689075630252,39.873417721519,-0.131043811731326
-92.7731092436975,39.873417721519,-0.0850754055578631
-92.2773109243697,39.873417721519,-0.0480979309041214
-91.781512605042,39.873417721519,-0.0274636856458563
-91.2857142857143,39.873417721519,-0.027449447164003
-90.7899159663866,39.873417721519,-0.0486685375250464
-90.2941176470588,39.873417721519,-0.086131942188125
-89.7983193277311,39.873417721519,-0.128649949152656
-89.3025210084034,39.873417721519,-0.162731006238245
-88.8067226890756,39.873417721519,-0.179348216170949
-88.3109243697479,39.873417721519,-0.178027147843103
-87.8151260504202,39.873417721519,-0.166592956621927
-87.3193277310924,39.873417721519,-0.156595832572346
-86.8235294117647,39.873417721519,-0.155457809329948
-86.327731092437,39.873417721519,-0.162490838971554
-85.8319327731092,39.873417721519,-0.171173999731143
-85.3361344537815,39.873417721519,-0.17552478966758
-84.8403361344538,39.873417721519,-0.174209947456548
-84.344537815126,39.873417721519,-0.170067433054862
-83.8487394957983,39.873417721519,-0.166845635180785
-83.3529411764706,39.873417721519,-0.166131378174936
-82.8571428571429,39.873417721519,-0.166534587632738
-82.3613445378151,39.873417721519,-0.165140985267639
-81.8655462184874,39.873417721519,-0.160023197994054
-81.3697478991597,39.873417721519,-0.152392668614623
-80.8739495798319,39.873417721519,-0.146626396541499
-80.3781512605042,39.873417721519,-0.147536601282046
-79.8823529411765,39.873417721519,-0.155596863293981
-79.3865546218487,39.873417721519,-0.162067912672789
-78.890756302521,39.873417721519,-0.154575230605525
-78.3949579831933,39.873417721519,-0.125424333687919
-77.8991596638655,39.873417721519,-0.0783220689345951
-77.4033613445378,39.873417721519,-0.0319527899000328
-76.9075630252101,39.873417721519,-0.0136195246743888
-76.4117647058823,39.873417721519,-0.0414924000910603
-75.9159663865546,39.873417721519,-0.112983846715118
-75.4201680672269,39.873417721519,-0.20409578756586
-74.9243697478992,39.873417721519,-0.280440992957647
-74.4285714285714,39.873417721519,-0.318894978171298
-73.9327731092437,39.873417721519,-0.319883051077619
-73.436974789916,39.873417721519,-0.298761628790887
-72.9411764705882,39.873417721519,-0.274124058249482
-72.4453781512605,39.873417721519,-0.257421252438036
-71.9495798319328,39.873417721519,-0.252921405099149
-71.453781512605,39.873417721519,-0.26046819388451
-70.9579831932773,39.873417721519,-0.27827251088324
-70.4621848739496,39.873417721519,-0.304819203686338
-69.9663865546218,39.873417721519,-0.339651062468796
-69.4705882352941,39.873417721519,-0.383298721130021
-68.9747899159664,39.873417721519,-0.436532630159941
-68.4789915966387,39.873417721519,-0.499525505609037
-67.9831932773109,39.873417721519,-0.5714831727882
-67.4873949579832,39.873417721519,-0.650767205315389
-66.9915966386555,39.873417721519,-0.735259044375559
-66.4957983193277,39.873417721519,-0.822743973765849
-66,39.873417721519,-0.911202421107249
-125,40.1898734177215,0.310057338734094
-124.504201680672,40.1898734177215,0.30540775055153
-124.008403361345,40.1898734177215,0.305422074784252
-123.512605042017,40.1898734177215,0.310165140394682
-123.016806722689,40.1898734177215,0.314552800530334
-122.521008403361,40.1898734177215,0.314829192198738
-122.025210084034,40.1898734177215,0.313560425935839
-121.529411764706,40.1898734177215,0.317659645728745
-121.033613445378,40.1898734177215,0.334014985826376
-120.53781512605,40.1898734177215,0.362956624378668
-120.042016806723,40.1898734177215,0.396523688856406
-119.546218487395,40.1898734177215,0.421787272270646
-119.050420168067,40.1898734177215,0.427024045648622
-118.55462184874,40.1898734177215,0.405922207170945
-118.058823529412,40.1898734177215,0.357688980803181
-117.563025210084,40.1898734177215,0.28525892772946
-117.067226890756,40.1898734177215,0.19355185071644
-116.571428571429,40.1898734177215,0.0898559081454302
-116.075630252101,40.1898734177215,-0.0170344841889639
-115.579831932773,40.1898734177215,-0.118035945891321
-115.084033613445,40.1898734177215,-0.204743721799679
-114.588235294118,40.1898734177215,-0.271472893546139
-114.09243697479,40.1898734177215,-0.316201321676738
-113.596638655462,40.1898734177215,-0.337216584272309
-113.100840336134,40.1898734177215,-0.332800044520602
-112.605042016807,40.1898734177215,-0.3022246974458
-112.109243697479,40.1898734177215,-0.247065084177016
-111.613445378151,40.1898734177215,-0.173916707350482
-111.117647058824,40.1898734177215,-0.0947661124526477
-110.621848739496,40.1898734177215,-0.0208300266766879
-110.126050420168,40.1898734177215,0.0405481021885125
-109.63025210084,40.1898734177215,0.085654926869748
-109.134453781513,40.1898734177215,0.115218216930319
-108.638655462185,40.1898734177215,0.134062921457043
-108.142857142857,40.1898734177215,0.147999146094178
-107.647058823529,40.1898734177215,0.16148494755951
-107.151260504202,40.1898734177215,0.176935281525998
-106.655462184874,40.1898734177215,0.190874642042998
-106.159663865546,40.1898734177215,0.195027030919059
-105.663865546218,40.1898734177215,0.182992366110028
-105.168067226891,40.1898734177215,0.157281371403685
-104.672268907563,40.1898734177215,0.129015673012007
-104.176470588235,40.1898734177215,0.110395747029351
-103.680672268908,40.1898734177215,0.107889188895673
-103.18487394958,40.1898734177215,0.118863222845752
-102.689075630252,40.1898734177215,0.133918774016191
-102.193277310924,40.1898734177215,0.140796863581878
-101.697478991597,40.1898734177215,0.130043143080167
-101.201680672269,40.1898734177215,0.100084100194626
-100.705882352941,40.1898734177215,0.0568832132854601
-100.210084033613,40.1898734177215,0.00926426048822719
-99.7142857142857,40.1898734177215,-0.034922876659562
-99.218487394958,40.1898734177215,-0.0712154457391706
-98.7226890756303,40.1898734177215,-0.0993175126675838
-98.2268907563025,40.1898734177215,-0.12226368887039
-97.7310924369748,40.1898734177215,-0.14377470837006
-97.2352941176471,40.1898734177215,-0.166281966643822
-96.7394957983193,40.1898734177215,-0.19099265776986
-96.2436974789916,40.1898734177215,-0.215557331584271
-95.7478991596639,40.1898734177215,-0.23568924522509
-95.2521008403361,40.1898734177215,-0.246745321312257
-94.7563025210084,40.1898734177215,-0.244816111612756
-94.2605042016807,40.1898734177215,-0.228276062183652
-93.7647058823529,40.1898734177215,-0.198255343035512
-93.2689075630252,40.1898734177215,-0.158555082307852
-92.7731092436975,40.1898734177215,-0.11505608378435
-92.2773109243697,40.1898734177215,-0.0755265527030707
-91.781512605042,40.1898734177215,-0.0479004670072893
-91.2857142857143,40.1898734177215,-0.0387974003402737
-90.7899159663866,40.1898734177215,-0.0522165773498591
-90.2941176470588,40.1898734177215,-0.0863010516555952
-89.7983193277311,40.1898734177215,-0.13025358977317
-89.3025210084034,40.1898734177215,-0.168564918140686
-88.8067226890756,40.1898734177215,-0.188529560305724
-88.3109243697479,40.1898734177215,-0.186213855570665
-87.8151260504202,40.1898734177215,-0.167994795121398
-87.3193277310924,40.1898734177215,-0.146683504253126
-86.8235294117647,40.1898734177215,-0.133205456694292
-86.327731092437,40.1898734177215,-0.131130619504002
-85.8319327731092,40.1898734177215,-0.137140075129835
-85.3361344537815,40.1898734177215,-0.145932236893899
-84.8403361344538,40.1898734177215,-0.15359367988402
-84.344537815126,40.1898734177215,-0.158516267819578
-83.8487394957983,40.1898734177215,-0.160629124102546
-83.3529411764706,40.1898734177215,-0.159838552934953
-82.8571428571429,40.1898734177215,-0.15576106386523
-82.3613445378151,40.1898734177215,-0.14816458913561
-81.8655462184874,40.1898734177215,-0.138039331823871
-81.3697478991597,40.1898734177215,-0.128413232598193
-80.8739495798319,40.1898734177215,-0.123920709600115
-80.3781512605042,40.1898734177215,-0.12880680919562
-79.8823529411765,40.1898734177215,-0.14274213382379
-79.3865546218487,40.1898734177215,-0.155971268264352
-78.890756302521,40.1898734177215,-0.15634273196787
-78.3949579831933,40.1898734177215,-0.136213227660483
-77.8991596638655,40.1898734177215,-0.0980104314914186
-77.4033613445378,40.1898734177215,-0.057814544703553
-76.9075630252101,40.1898734177215,-0.0394090912203186
-76.4117647058823,40.1898734177215,-0.058928008777823
-75.9159663865546,40.1898734177215,-0.114516621261869
-75.4201680672269,40.1898734177215,-0.185340523575223
-74.9243697478992,40.1898734177215,-0.241761107552144
-74.4285714285714,40.1898734177215,-0.26416776297942
-73.9327731092437,40.1898734177215,-0.254015717415802
-73.436974789916,40.1898734177215,-0.227589762381169
-72.9411764705882,40.1898734177215,-0.202071025853153
-72.4453781512605,40.1898734177215,-0.187478460473069
-71.9495798319328,40.1898734177215,-0.186473545720839
-71.453781512605,40.1898734177215,-0.197447381997197
-70.9579831932773,40.1898734177215,-0.217785703325201
-70.4621848739496,40.1898734177215,-0.245838615890216
-69.9663865546218,40.1898734177215,-0.281469441750993
-69.4705882352941,40.1898734177215,-0.325835704886515
-68.9747899159664,40.1898734177215,-0.380263255168014
-68.4789915966387,40.1898734177215,-0.445105136595745
-67.9831932773109,40.1898734177215,-0.519391820062177
-67.4873949579832,40.1898734177215,-0.601131434856005
-66.9915966386555,40.1898734177215,-0.687838797843907
-66.4957983193277,40.1898734177215,-0.777016211072488
-66,40.1898734177215,-0.866479952500295
-125,40.5063291139241,0.232798399737059
-124.504201680672,40.5063291139241,0.234594782540211
-124.008403361345,40.5063291139241,0.24282069462892
-123.512605042017,40.5063291139241,0.2572501281221
-123.016806722689,40.5063291139241,0.271713437934548
-122.521008403361,40.5063291139241,0.28168998726944
-122.025210084034,40.5063291139241,0.289437635799667
-121.529411764706,40.5063291139241,0.300691799928484
-121.033613445378,40.5063291139241,0.320936158427387
-120.53781512605,40.5063291139241,0.350585181009691
-120.042016806723,40.5063291139241,0.382974495532927
-119.546218487395,40.5063291139241,0.407130933199984
-119.050420168067,40.5063291139241,0.412928620376412
-118.55462184874,40.5063291139241,0.394665540733484
-118.058823529412,40.5063291139241,0.351345501061954
-117.563025210084,40.5063291139241,0.285021147088316
-117.067226890756,40.5063291139241,0.199513160185036
-116.571428571429,40.5063291139241,0.102121294043252
-116.075630252101,40.5063291139241,0.00151857034859376
-115.579831932773,40.5063291139241,-0.0943505936843979
-115.084033613445,40.5063291139241,-0.178367363478792
-114.588235294118,40.5063291139241,-0.245024085861013
-114.09243697479,40.5063291139241,-0.291682941218956
-113.596638655462,40.5063291139241,-0.315861853189209
-113.100840336134,40.5063291139241,-0.314964954909718
-112.605042016807,40.5063291139241,-0.287264066508476
-112.109243697479,40.5063291139241,-0.233340561349767
-111.613445378151,40.5063291139241,-0.159111003824696
-111.117647058824,40.5063291139241,-0.0766970308085918
-110.621848739496,40.5063291139241,0.00122612110244063
-110.126050420168,40.5063291139241,0.0658062053501326
-109.63025210084,40.5063291139241,0.112198410600719
-109.134453781513,40.5063291139241,0.14089570656476
-108.638655462185,40.5063291139241,0.157172385887749
-108.142857142857,40.5063291139241,0.167600257626255
-107.647058823529,40.5063291139241,0.17786267481181
-107.151260504202,40.5063291139241,0.191719504069343
-106.655462184874,40.5063291139241,0.20616898893354
-106.159663865546,40.5063291139241,0.212537681341119
-105.663865546218,40.5063291139241,0.203487051682647
-105.168067226891,40.5063291139241,0.179423528583723
-104.672268907563,40.5063291139241,0.148930864442395
-104.176470588235,40.5063291139241,0.123610570992562
-103.680672268908,40.5063291139241,0.11094057296769
-103.18487394958,40.5063291139241,0.110264438773694
-102.689075630252,40.5063291139241,0.114264440938181
-102.193277310924,40.5063291139241,0.11243910540306
-101.697478991597,40.5063291139241,0.0964039278099231
-101.201680672269,40.5063291139241,0.0643844952692261
-100.705882352941,40.5063291139241,0.0208020556259036
-100.210084033613,40.5063291139241,-0.026975221693197
-99.7142857142857,40.5063291139241,-0.0718723108034773
-99.218487394958,40.5063291139241,-0.109579656602625
-98.7226890756303,40.5063291139241,-0.139030779633369
-98.2268907563025,40.5063291139241,-0.161871380762178
-97.7310924369748,40.5063291139241,-0.180808705663245
-97.2352941176471,40.5063291139241,-0.197869776802937
-96.7394957983193,40.5063291139241,-0.214100769382354
-96.2436974789916,40.5063291139241,-0.228113831389582
-95.7478991596639,40.5063291139241,-0.238317620721654
-95.2521008403361,40.5063291139241,-0.243550330495095
-94.7563025210084,40.5063291139241,-0.242399070883014
-94.2605042016807,40.5063291139241,-0.2332631873986
-93.7647058823529,40.5063291139241,-0.21444792154823
-93.2689075630252,40.5063291139241,-0.185697359412243
-92.7731092436975,40.5063291139241,-0.14949732182548
-92.2773109243697,40.5063291139241,-0.111511059569342
-91.781512605042,40.5063291139241,-0.0795275908153538
-91.2857142857143,40.5063291139241,-0.0622295999011862
-90.7899159663866,40.5063291139241,-0.0668308555401319
-90.2941176470588,40.5063291139241,-0.0944633757647963
-89.7983193277311,40.5063291139241,-0.13650736981232
-89.3025210084034,40.5063291139241,-0.176416499956908
-88.8067226890756,40.5063291139241,-0.198181845764298
-88.3109243697479,40.5063291139241,-0.194323255089776
-87.8151260504202,40.5063291139241,-0.169405732516862
-87.3193277310924,40.5063291139241,-0.137028914577882
-86.8235294117647,40.5063291139241,-0.111278270928285
-86.327731092437,40.5063291139241,-0.0994524143120187
-85.8319327731092,40.5063291139241,-0.101862497177308
-85.3361344537815,40.5063291139241,-0.11416455833099
-84.8403361344538,40.5063291139241,-0.130065987741736
-84.344537815126,40.5063291139241,-0.143767181099555
-83.8487394957983,40.5063291139241,-0.151213997483703
-83.3529411764706,40.5063291139241,-0.15025855653884
-82.8571428571429,40.5063291139241,-0.141136962484516
-82.3613445378151,40.5063291139241,-0.126008273717844
-81.8655462184874,40.5063291139241,-0.108730251691179
-81.3697478991597,40.5063291139241,-0.0945179275325736
-80.8739495798319,40.5063291139241,-0.0890650643580829
-80.3781512605042,40.5063291139241,-0.0966322905300909
-79.8823529411765,40.5063291139241,-0.116154378110451
-79.3865546218487,40.5063291139241,-0.13738578504125
-78.890756302521,40.5063291139241,-0.14804471600605
-78.3949579831933,40.5063291139241,-0.139844248104557
-77.8991596638655,40.5063291139241,-0.113111283681983
-77.4033613445378,40.5063291139241,-0.0804083636538059
-76.9075630252101,40.5063291139241,-0.061876004560043
-76.4117647058823,40.5063291139241,-0.0712411004313303
-75.9159663865546,40.5063291139241,-0.107875177080756
-75.4201680672269,40.5063291139241,-0.15523067799776
-74.9243697478992,40.5063291139241,-0.189945905323235
-74.4285714285714,40.5063291139241,-0.197237123523908
-73.9327731092437,40.5063291139241,-0.179752801384811
-73.436974789916,40.5063291139241,-0.152617251029826
-72.9411764705882,40.5063291139241,-0.130356446075215
-72.4453781512605,40.5063291139241,-0.120786813852517
-71.9495798319328,40.5063291139241,-0.124882764491832
-71.453781512605,40.5063291139241,-0.139743613536839
-70.9579831932773,40.5063291139241,-0.162316863941605
-70.4621848739496,40.5063291139241,-0.19126584062092
-69.9663865546218,40.5063291139241,-0.227038287588429
-69.4705882352941,40.5063291139241,-0.271672851007263
-68.9747899159664,40.5063291139241,-0.327155530134167
-68.4789915966387,40.5063291139241,-0.393935895339982
-67.9831932773109,40.5063291139241,-0.47071619116441
-67.4873949579832,40.5063291139241,-0.55502358506471
-66.9915966386555,40.5063291139241,-0.643934343041016
-66.4957983193277,40.5063291139241,-0.734647286431406
-66,40.5063291139241,-0.824830237503544
-125,40.8227848101266,0.17220402022684
-124.504201680672,40.8227848101266,0.183396631837194
-124.008403361345,40.8227848101266,0.201268100459091
-123.512605042017,40.8227848101266,0.224760527673483
-123.016806722689,40.8227848101266,0.246882170165546
-122.521008403361,40.8227848101266,0.262384281410265
-122.025210084034,40.8227848101266,0.2731838909462
-121.529411764706,40.8227848101266,0.285213973744125
-121.033613445378,40.8227848101266,0.303698241902899
-120.53781512605,40.8227848101266,0.32970221928638
-120.042016806723,40.8227848101266,0.358161826244555
-119.546218487395,40.8227848101266,0.379912647069672
-119.050420168067,40.8227848101266,0.386036662809169
-118.55462184874,40.8227848101266,0.371146269720735
-118.058823529412,40.8227848101266,0.33392007323545
-117.563025210084,40.8227848101266,0.275711264917281
-117.067226890756,40.8227848101266,0.199257783887877
-116.571428571429,40.8227848101266,0.111600869433851
-116.075630252101,40.8227848101266,0.0207586908545946
-115.579831932773,40.8227848101266,-0.0667092158047164
-115.084033613445,40.8227848101266,-0.145274753825309
-114.588235294118,40.8227848101266,-0.210202317684821
-114.09243697479,40.8227848101266,-0.258059013237611
-113.596638655462,40.8227848101266,-0.285387785680829
-113.100840336134,40.8227848101266,-0.288515994775022
-112.605042016807,40.8227848101266,-0.264594099568149
-112.109243697479,40.8227848101266,-0.213101450699139
-111.613445378151,40.8227848101266,-0.139092952952713
-111.117647058824,40.8227848101266,-0.0547256782215741
-110.621848739496,40.8227848101266,0.0256992111188944
-110.126050420168,40.8227848101266,0.0921132263214453
-109.63025210084,40.8227848101266,0.13889438227092
-109.134453781513,40.8227848101266,0.166250413729109
-108.638655462185,40.8227848101266,0.179507772708504
-108.142857142857,40.8227848101266,0.185629699862909
-107.647058823529,40.8227848101266,0.19131231839743
-107.151260504202,40.8227848101266,0.201323577207908
-106.655462184874,40.8227848101266,0.213279552117492
-106.159663865546,40.8227848101266,0.218704826659161
-105.663865546218,40.8227848101266,0.210068491519243
-105.168067226891,40.8227848101266,0.186396947519436
-104.672268907563,40.8227848101266,0.154098660521328
-104.176470588235,40.8227848101266,0.1235338603759
-103.680672268908,40.8227848101266,0.102459352364416
-103.18487394958,40.8227848101266,0.0917447997491284
-102.689075630252,40.8227848101266,0.0861049253557589
-102.193277310924,40.8227848101266,0.0769803614278528
-101.697478991597,40.8227848101266,0.057110469365348
-101.201680672269,40.8227848101266,0.0244185744563283
-100.705882352941,40.8227848101266,-0.0180642555100815
-100.210084033613,40.8227848101266,-0.0644115423223294
-99.7142857142857,40.8227848101266,-0.108536451977272
-99.218487394958,40.8227848101266,-0.146348051532756
-98.7226890756303,40.8227848101266,-0.175950358389465
-98.2268907563025,40.8227848101266,-0.19761110137441
-97.7310924369748,40.8227848101266,-0.212972481693658
-97.2352941176471,40.8227848101266,-0.223426205375998
-96.7394957983193,40.8227848101266,-0.229837038715208
-96.2436974789916,40.8227848101266,-0.231963522563694
-95.7478991596639,40.8227848101266,-0.231242134239236
-95.2521008403361,40.8227848101266,-0.230263314711845
-94.7563025210084,40.8227848101266,-0.23028938947248
-94.2605042016807,40.8227848101266,-0.229958911299104
-93.7647058823529,40.8227848101266,-0.225035543677886
-93.2689075630252,40.8227848101266,-0.210820617806676
-92.7731092436975,40.8227848101266,-0.185885278345722
-92.2773109243697,40.8227848101266,-0.153165595196197
-91.781512605042,40.8227848101266,-0.119618381274917
-91.2857142857143,40.8227848101266,-0.0953595480671439
-90.7899159663866,40.8227848101266,-0.0905701450369193
-90.2941176470588,40.8227848101266,-0.10966298503775
-89.7983193277311,40.8227848101266,-0.146795283175323
-89.3025210084034,40.8227848101266,-0.185611337510246
-88.8067226890756,40.8227848101266,-0.207594846453001
-88.3109243697479,40.8227848101266,-0.201863087780131
-87.8151260504202,40.8227848101266,-0.170808808426363
-87.3193277310924,40.8227848101266,-0.128441903173374
-86.8235294117647,40.8227848101266,-0.0913524021049842
-86.327731092437,40.8227848101266,-0.0702409231475934
-85.8319327731092,40.8227848101266,-0.0689335743347577
-85.3361344537815,40.8227848101266,-0.084215772222248
-84.8403361344538,40.8227848101266,-0.107707566529412
-84.344537815126,40.8227848101266,-0.129631820756018
-83.8487394957983,40.8227848101266,-0.142069806804156
-83.3529411764706,40.8227848101266,-0.140839136705697
-82.8571428571429,40.8227848101266,-0.126346126415821
-82.3613445378151,40.8227848101266,-0.102814410632146
-81.8655462184874,40.8227848101266,-0.0768063851737832
-81.3697478991597,40.8227848101266,-0.0558990168046341
-80.8739495798319,40.8227848101266,-0.047374830702915
-80.3781512605042,40.8227848101266,-0.0560180620367802
-79.8823529411765,40.8227848101266,-0.0804467443287569
-79.3865546218487,40.8227848101266,-0.110361998648424
-78.890756302521,40.8227848101266,-0.133170553090573
-78.3949579831933,40.8227848101266,-0.13933468080468
-77.8991596638655,40.8227848101266,-0.126322498469774
-77.4033613445378,40.8227848101266,-0.102538979572357
-76.9075630252101,40.8227848101266,-0.0841210256567486
-76.4117647058823,40.8227848101266,-0.082723038378336
-75.9159663865546,40.8227848101266,-0.0991326840126709
-75.4201680672269,40.8227848101266,-0.121849399740767
-74.9243697478992,40.8227848101266,-0.134498628378032
-74.4285714285714,40.8227848101266,-0.127931119081354
-73.9327731092437,40.8227848101266,-0.10636949156441
-73.436974789916,40.8227848101266,-0.0821384482450607
-72.9411764705882,40.8227848101266,-0.0660226280970216
-72.4453781512605,40.8227848101266,-0.0630622860469114
-71.9495798319328,40.8227848101266,-0.0724932928606425
-71.453781512605,40.8227848101266,-0.0904092645460014
-70.9579831932773,40.8227848101266,-0.113861476381748
-70.4621848739496,40.8227848101266,-0.142403128927024
-69.9663865546218,40.8227848101266,-0.177251546727579
-69.4705882352941,40.8227848101266,-0.221556247935975
-68.9747899159664,40.8227848101266,-0.277949517689575
-68.4789915966387,40.8227848101266,-0.346776846348945
-67.9831932773109,40.8227848101266,-0.426197550922586
-67.4873949579832,40.8227848101266,-0.513117195458003
-66.9915966386555,40.8227848101266,-0.60411136424866
-66.4957983193277,40.8227848101266,-0.69607239259642
-66,40.8227848101266,-0.78655311328996
-125,41.1392405063291,0.127328340419921
-124.504201680672,41.1392405063291,0.150205230542767
-124.008403361345,41.1392405063291,0.178815150241084
-123.512605042017,41.1392405063291,0.210633841908161
-123.016806722689,41.1392405063291,0.238157124249784
-122.521008403361,41.1392405063291,0.255476695638707
-122.025210084034,41.1392405063291,0.26424398380495
-121.529411764706,41.1392405063291,0.271516958785582
-121.033613445378,41.1392405063291,0.283586291800048
-120.53781512605,41.1392405063291,0.302634788336133
-120.042016806723,41.1392405063291,0.325158246414206
-119.546218487395,41.1392405063291,0.343417903540025
-119.050420168067,41.1392405063291,0.34930624895183
-118.55462184874,41.1392405063291,0.337605010952061
-118.058823529412,41.1392405063291,0.306671980634661
-117.563025210084,41.1392405063291,0.257317150501726
-117.067226890756,41.1392405063291,0.192020048607339
-116.571428571429,41.1392405063291,0.11679651402105
-116.075630252101,41.1392405063291,0.0384246661146569
-115.579831932773,41.1392405063291,-0.0380111651770837
-115.084033613445,41.1392405063291,-0.108639651789358
-114.588235294118,41.1392405063291,-0.169861612054059
-114.09243697479,41.1392405063291,-0.217714657361128
-113.596638655462,41.1392405063291,-0.247610642966633
-113.100840336134,41.1392405063291,-0.25457834013362
-112.605042016807,41.1392405063291,-0.234542186423969
-112.109243697479,41.1392405063291,-0.185921501050901
-111.613445378151,41.1392405063291,-0.11302429723598
-111.117647058824,41.1392405063291,-0.0282152657266325
-110.621848739496,41.1392405063291,0.0530543434083134
-110.126050420168,41.1392405063291,0.119789164548163
-109.63025210084,41.1392405063291,0.165949834995535
-109.134453781513,41.1392405063291,0.191452178131438
-108.638655462185,41.1392405063291,0.201396970926297
-108.142857142857,41.1392405063291,0.20294552341076
-107.647058823529,41.1392405063291,0.203308850738367
-107.151260504202,41.1392405063291,0.207853018096035
-106.655462184874,41.1392405063291,0.214852455345272
-106.159663865546,41.1392405063291,0.216769010482958
-105.663865546218,41.1392405063291,0.206294672067862
-105.168067226891,41.1392405063291,0.181548186621367
-104.672268907563,41.1392405063291,0.147251068830304
-104.176470588235,41.1392405063291,0.112352537079891
-103.680672268908,41.1392405063291,0.0844589218752264
-103.18487394958,41.1392405063291,0.0654707308566363
-102.689075630252,41.1392405063291,0.0519681336615945
-102.193277310924,41.1392405063291,0.037268800047529
-101.697478991597,41.1392405063291,0.0150934585887246
-101.201680672269,41.1392405063291,-0.016940167148032
-100.705882352941,41.1392405063291,-0.0569709108445521
-100.210084033613,41.1392405063291,-0.100421997084182
-99.7142857142857,41.1392405063291,-0.142314431898588
-99.218487394958,41.1392405063291,-0.178774301798167
-98.7226890756303,41.1392405063291,-0.207157832156492
-98.2268907563025,41.1392405063291,-0.22653043843493
-97.7310924369748,41.1392405063291,-0.237397721278847
-97.2352941176471,41.1392405063291,-0.240322633207884
-96.7394957983193,41.1392405063291,-0.236143815596436
-96.2436974789916,41.1392405063291,-0.225921590479967
-95.7478991596639,41.1392405063291,-0.214222869503068
-95.2521008403361,41.1392405063291,-0.207253712340779
-94.7563025210084,41.1392405063291,-0.208904624921614
-94.2605042016807,41.1392405063291,-0.218339824531608
-93.7647058823529,41.1392405063291,-0.229047402054396
-93.2689075630252,41.1392405063291,-0.231932325679825
-92.7731092436975,41.1392405063291,-0.221141847240748
-92.2773109243697,41.1392405063291,-0.196508008298889
-91.781512605042,41.1392405063291,-0.163757254849851
-91.2857142857143,41.1392405063291,-0.133798615517615
-90.7899159663866,41.1392405063291,-0.119562395989761
-90.2941176470588,41.1392405063291,-0.12877152608403
-89.7983193277311,41.1392405063291,-0.158801643970429
-89.3025210084034,41.1392405063291,-0.194336734381787
-88.8067226890756,41.1392405063291,-0.215257384858364
-88.3109243697479,41.1392405063291,-0.207706009413671
-87.8151260504202,41.1392405063291,-0.171700574277571
-87.3193277310924,41.1392405063291,-0.121091312401014
-86.8235294117647,41.1392405063291,-0.0745058472395189
-86.327731092437,41.1392405063291,-0.0457118069189648
-85.8319327731092,41.1392405063291,-0.0413529229555466
-85.3361344537815,41.1392405063291,-0.0593614471735249
-84.8403361344538,41.1392405063291,-0.0897094108852931
-84.344537815126,41.1392405063291,-0.118944991634015
-83.8487394957983,41.1392405063291,-0.135783455410683
-83.3529411764706,41.1392405063291,-0.134156143092777
-82.8571428571429,41.1392405063291,-0.114506725416404
-82.3613445378151,41.1392405063291,-0.0826444974248303
-81.8655462184874,41.1392405063291,-0.0474304253500331
-81.3697478991597,41.1392405063291,-0.0186514652336852
-80.8739495798319,41.1392405063291,-0.00549626964341812
-80.3781512605042,41.1392405063291,-0.0139108276630066
-79.8823529411765,41.1392405063291,-0.042640867648409
-79.3865546218487,41.1392405063291,-0.0815149105327634
-78.890756302521,41.1392405063291,-0.117673402981555
-78.3949579831933,41.1392405063291,-0.139912311362584
-77.8991596638655,41.1392405063291,-0.14229870827793
-77.4033613445378,41.1392405063291,-0.128643589559074
-76.9075630252101,41.1392405063291,-0.110937443352961
-76.4117647058823,41.1392405063291,-0.0992534430201271
-75.9159663865546,41.1392405063291,-0.0958924970495962
-75.4201680672269,41.1392405063291,-0.0947138490412784
-74.9243697478992,41.1392405063291,-0.0864862755593057
-74.4285714285714,41.1392405063291,-0.0678532276150191
-73.9327731092437,41.1392405063291,-0.0445752863721207
-73.436974789916,41.1392405063291,-0.0256333939217877
-72.9411764705882,41.1392405063291,-0.0170478433525661
-72.4453781512605,41.1392405063291,-0.0205603363742639
-71.9495798319328,41.1392405063291,-0.0337587848704866
-71.453781512605,41.1392405063291,-0.0523223488327899
-70.9579831932773,41.1392405063291,-0.0741196626895345
-70.4621848739496,41.1392405063291,-0.100238892546091
-69.9663865546218,41.1392405063291,-0.132807163663068
-69.4705882352941,41.1392405063291,-0.17620491171408
-68.9747899159664,41.1392405063291,-0.23345698554718
-68.4789915966387,41.1392405063291,-0.304482956540973
-67.9831932773109,41.1392405063291,-0.386652669135845
-67.4873949579832,41.1392405063291,-0.476123793004377
-66.9915966386555,41.1392405063291,-0.568934069562917
-66.4957983193277,41.1392405063291,-0.66169163255215
-66,41.1392405063291,-0.751889117769954
-125,41.4556962025316,0.0955943950264768
-124.504201680672,41.4556962025316,0.131262113980017
-124.008403361345,41.4556962025316,0.171100118718648
-123.512605042017,41.4556962025316,0.210636551552434
-123.016806722689,41.4556962025316,0.24174506452615
-122.521008403361,41.4556962025316,0.257895905829291
-122.025210084034,41.4556962025316,0.260755784391805
-121.529411764706,41.4556962025316,0.259281930475986
-121.033613445378,41.4556962025316,0.261685769232154
-120.53781512605,41.4556962025316,0.271576421168122
-120.042016806723,41.4556962025316,0.286870064501228
-119.546218487395,41.4556962025316,0.300797231482579
-119.050420168067,41.4556962025316,0.305713184533935
-118.55462184874,41.4556962025316,0.296552769419269
-118.058823529412,41.4556962025316,0.271502397750244
-117.563025210084,41.4556962025316,0.23115414027166
-117.067226890756,41.4556962025316,0.177994725390699
-116.571428571429,41.4556962025316,0.116841134973917
-116.075630252101,41.4556962025316,0.0528388759399502
-115.579831932773,41.4556962025316,-0.0105398677303931
-115.084033613445,41.4556962025316,-0.0711667343914115
-114.588235294118,41.4556962025316,-0.126685050246376
-114.09243697479,41.4556962025316,-0.173037677445959
-113.596638655462,41.4556962025316,-0.204445268422157
-113.100840336134,41.4556962025316,-0.214447478779287
-112.605042016807,41.4556962025316,-0.197669764422013
-112.109243697479,41.4556962025316,-0.151653123851014
-111.613445378151,41.4556962025316,-0.0804381108008772
-111.117647058824,41.4556962025316,0.00334945608894979
-110.621848739496,41.4556962025316,0.0836758342127831
-110.126050420168,41.4556962025316,0.149025117355415
-109.63025210084,41.4556962025316,0.193448119650938
-109.134453781513,41.4556962025316,0.216584294164126
-108.638655462185,41.4556962025316,0.22306480045109
-108.142857142857,41.4556962025316,0.220088835404809
-107.647058823529,41.4556962025316,0.214941598711655
-107.151260504202,41.4556962025316,0.212874514318146
-106.655462184874,41.4556962025316,0.213387215544029
-106.159663865546,41.4556962025316,0.210084711561874
-105.663865546218,41.4556962025316,0.196084956082357
-105.168067226891,41.4556962025316,0.168998077660145
-104.672268907563,41.4556962025316,0.132246469716402
-104.176470588235,41.4556962025316,0.0934842524283691
-103.680672268908,41.4556962025316,0.0600376066190715
-103.18487394958,41.4556962025316,0.0344451281743533
-102.689075630252,41.4556962025316,0.0148995900675455
-102.193277310924,41.4556962025316,-0.00366307175124007
-101.697478991597,41.4556962025316,-0.026741900432538
-101.201680672269,41.4556962025316,-0.0569303870356744
-100.705882352941,41.4556962025316,-0.093337664701285
-100.210084033613,41.4556962025316,-0.132647119647331
-99.7142857142857,41.4556962025316,-0.170879311522413
-99.218487394958,41.4556962025316,-0.204450906908209
-98.7226890756303,41.4556962025316,-0.23015966310394
-98.2268907563025,41.4556962025316,-0.246070379157005
-97.7310924369748,41.4556962025316,-0.25166467803055
-97.2352941176471,41.4556962025316,-0.246514971512731
-96.7394957983193,41.4556962025316,-0.231584517873248
-96.2436974789916,41.4556962025316,-0.209560140811452
-95.7478991596639,41.4556962025316,-0.187811186682921
-95.2521008403361,41.4556962025316,-0.175591836266105
-94.7563025210084,41.4556962025316,-0.179301811356104
-94.2605042016807,41.4556962025316,-0.198867826885247
-93.7647058823529,41.4556962025316,-0.225775617219494
-93.2689075630252,41.4556962025316,-0.247009796097313
-92.7731092436975,41.4556962025316,-0.251866195627682
-92.2773109243697,41.4556962025316,-0.236756652611907
-91.781512605042,41.4556962025316,-0.206258363283589
-91.2857142857143,41.4556962025316,-0.17178961162163
-90.7899159663866,41.4556962025316,-0.148408297914616
-90.2941176470588,41.4556962025316,-0.147338035711097
-89.7983193277311,41.4556962025316,-0.169243533275816
-89.3025210084034,41.4556962025316,-0.200267308528398
-88.8067226890756,41.4556962025316,-0.219443901392949
-88.3109243697479,41.4556962025316,-0.210607251115181
-87.8151260504202,41.4556962025316,-0.17152870415938
-87.3193277310924,41.4556962025316,-0.115142067389383
-86.8235294117647,41.4556962025316,-0.0615119242472701
-86.327731092437,41.4556962025316,-0.0272166351558339
-85.8319327731092,41.4556962025316,-0.0209563200554255
-85.3361344537815,41.4556962025316,-0.041446648851971
-84.8403361344538,41.4556962025316,-0.0775392412221518
-84.344537815126,41.4556962025316,-0.11287806124031
-83.8487394957983,41.4556962025316,-0.133403204713074
-83.3529411764706,41.4556962025316,-0.131461290426414
-82.8571428571429,41.4556962025316,-0.107494181281968
-82.3613445378151,41.4556962025316,-0.0684524884912107
-81.8655462184874,41.4556962025316,-0.0249400863780649
-81.3697478991597,41.4556962025316,0.0115108245756491
-80.8739495798319,41.4556962025316,0.0298137168022131
-80.3781512605042,41.4556962025316,0.022189307425311
-79.8823529411765,41.4556962025316,-0.0103172984479055
-79.3865546218487,41.4556962025316,-0.0581838274806294
-78.890756302521,41.4556962025316,-0.108227329508355
-78.3949579831933,41.4556962025316,-0.147248269274157
-77.8991596638655,41.4556962025316,-0.165724074666465
-77.4033613445378,41.4556962025316,-0.162833264922488
-76.9075630252101,41.4556962025316,-0.146713878618412
-76.4117647058823,41.4556962025316,-0.125939402560985
-75.9159663865546,41.4556962025316,-0.104609381663738
-75.4201680672269,41.4556962025316,-0.0818081197052007
-74.9243697478992,41.4556962025316,-0.055198508411605
-74.4285714285714,41.4556962025316,-0.0269232130645195
-73.9327731092437,41.4556962025316,-0.00381647370003923
-73.436974789916,41.4556962025316,0.00864076376224849
-72.9411764705882,41.4556962025316,0.00966964539176962
-72.4453781512605,41.4556962025316,0.00137456345548519
-71.9495798319328,41.4556962025316,-0.0124379783934312
-71.453781512605,41.4556962025316,-0.0278554029966137
-70.9579831932773,41.4556962025316,-0.0444033603413891
-70.4621848739496,41.4556962025316,-0.0653302701666545
-69.9663865546218,41.4556962025316,-0.094297734467737
-69.4705882352941,41.4556962025316,-0.136438461102871
-68.9747899159664,41.4556962025316,-0.194657754622712
-68.4789915966387,41.4556962025316,-0.268047948321666
-67.9831932773109,41.4556962025316,-0.352978322774811
-67.4873949579832,41.4556962025316,-0.444774940173289
-66.9915966386555,41.4556962025316,-0.538935811774582
-66.4957983193277,41.4556962025316,-0.6318367357526
-66,41.4556962025316,-0.72098732661972
-125,41.7721518987342,0.0736193364828223
-124.504201680672,41.7721518987342,0.122249172344574
-124.008403361345,41.7721518987342,0.173064075490881
-123.512605042017,41.7721518987342,0.219564772019841
-123.016806722689,41.7721518987342,0.252791246380835
-122.521008403361,41.7721518987342,0.265635639092652
-122.025210084034,41.7721518987342,0.260131170869608
-121.529411764706,41.7721518987342,0.247821658815037
-121.033613445378,41.7721518987342,0.238964178087253
-120.53781512605,41.7721518987342,0.238674794846295
-120.042016806723,41.7721518987342,0.246115740270622
-119.546218487395,41.7721518987342,0.255081018085637
-119.050420168067,41.7721518987342,0.258195594354772
-118.55462184874,41.7721518987342,0.250652602378156
-118.058823529412,41.7721518987342,0.230698285530694
-117.563025210084,41.7721518987342,0.198991354683209
-117.067226890756,41.7721518987342,0.157985643769647
-116.571428571429,41.7721518987342,0.111446998841923
-116.075630252101,41.7721518987342,0.0628511290827057
-115.579831932773,41.7721518987342,0.0139332451906209
-115.084033613445,41.7721518987342,-0.035032423833334
-114.588235294118,41.7721518987342,-0.083120538790063
-114.09243697479,41.7721518987342,-0.126393159068958
-113.596638655462,41.7721518987342,-0.157917091262827
-113.100840336134,41.7721518987342,-0.169660562422584
-112.605042016807,41.7721518987342,-0.155019504579744
-112.109243697479,41.7721518987342,-0.110971616140808
-111.613445378151,41.7721518987342,-0.0415967651391181
-111.117647058824,41.7721518987342,0.0399836762895047
-110.621848739496,41.7721518987342,0.117670420260637
-110.126050420168,41.7721518987342,0.179995178947627
-109.63025210084,41.7721518987342,0.221423791629214
-109.134453781513,41.7721518987342,0.241564516922089
-108.638655462185,41.7721518987342,0.244545289744379
-108.142857142857,41.7721518987342,0.237227741803411
-107.647058823529,41.7721518987342,0.226621754516618
-107.151260504202,41.7721518987342,0.217694117395469
-106.655462184874,41.7721518987342,0.211125349998219
-106.159663865546,41.7721518987342,0.201678778408318
-105.663865546218,41.7721518987342,0.183088427887941
-105.168067226891,41.7721518987342,0.152757828539849
-104.672268907563,41.7721518987342,0.11316544085409
-104.176470588235,41.7721518987342,0.0708459142131886
-103.680672268908,41.7721518987342,0.0328057673830919
-103.18487394958,41.7721518987342,0.00207559044977331
-102.689075630252,41.7721518987342,-0.021902580987734
-102.193277310924,41.7721518987342,-0.0428723488284645
-101.697478991597,41.7721518987342,-0.0656731760945445
-101.201680672269,41.7721518987342,-0.0930796219852557
-100.705882352941,41.7721518987342,-0.124992242389967
-100.210084033613,41.7721518987342,-0.159142870202187
-99.7142857142857,41.7721518987342,-0.192388517618048
-99.218487394958,41.7721518987342,-0.221482344444841
-98.7226890756303,41.7721518987342,-0.242995506946783
-98.2268907563025,41.7721518987342,-0.254307353102734
-97.7310924369748,41.7721518987342,-0.254020373316417
-97.2352941176471,41.7721518987342,-0.24084033327648
-96.7394957983193,41.7721518987342,-0.215883828212922
-96.2436974789916,41.7721518987342,-0.18358886860368
-95.7478991596639,41.7721518987342,-0.153594976380703
-95.2521008403361,41.7721518987342,-0.137330721161214
-94.7563025210084,41.7721518987342,-0.143413895980532
-94.2605042016807,41.7721518987342,-0.172770514193928
-93.7647058823529,41.7721518987342,-0.215121747223371
-93.2689075630252,41.7721518987342,-0.254271530343143
-92.7731092436975,41.7721518987342,-0.274650663511455
-92.2773109243697,41.7721518987342,-0.269060990156969
-91.781512605042,41.7721518987342,-0.241227910984132
-91.2857142857143,41.7721518987342,-0.203256249626941
-90.7899159663866,41.7721518987342,-0.171564568870514
-90.2941176470588,41.7721518987342,-0.160944275351778
-89.7983193277311,41.7721518987342,-0.174836430635511
-89.3025210084034,41.7721518987342,-0.201134566010915
-88.8067226890756,41.7721518987342,-0.218704136102019
-88.3109243697479,41.7721518987342,-0.209777747212903
-87.8151260504202,41.7721518987342,-0.170048629006973
-87.3193277310924,41.7721518987342,-0.110914317712766
-86.8235294117647,41.7721518987342,-0.0528596236147539
-86.327731092437,41.7721518987342,-0.0151401325386047
-85.8319327731092,41.7721518987342,-0.0078678882993329
-85.3361344537815,41.7721518987342,-0.0303178904847174
-84.8403361344538,41.7721518987342,-0.0707776285486787
-84.344537815126,41.7721518987342,-0.110916707306639
-83.8487394957983,41.7721518987342,-0.134421451226
-83.3529411764706,41.7721518987342,-0.132559856057803
-82.8571428571429,41.7721518987342,-0.105638646461973
-82.3613445378151,41.7721518987342,-0.0613909761340099
-81.8655462184874,41.7721518987342,-0.0117713524387537
-81.3697478991597,41.7721518987342,0.0304058856405932
-80.8739495798319,41.7721518987342,0.0527523078489932
-80.3781512605042,41.7721518987342,0.0458841760103303
-79.8823529411765,41.7721518987342,0.0100715009862819
-79.3865546218487,41.7721518987342,-0.0465651388168029
-78.890756302521,41.7721518987342,-0.110256329300116
-78.3949579831933,41.7721518987342,-0.165515770029483
-77.8991596638655,41.7721518987342,-0.199467927721315
-77.4033613445378,41.7721518987342,-0.207173728605148
-76.9075630252101,41.7721518987342,-0.193328486534967
-76.4117647058823,41.7721518987342,-0.165103687355157
-75.9159663865546,41.7721518987342,-0.128489308593338
-75.4201680672269,41.7721518987342,-0.087579281693118
-74.9243697478992,41.7721518987342,-0.0461386276127379
-74.4285714285714,41.7721518987342,-0.0109165913991062
-73.9327731092437,41.7721518987342,0.0104366395447757
-73.436974789916,41.7721518987342,0.0165008558853085
-72.9411764705882,41.7721518987342,0.0111484157422185
-72.4453781512605,41.7721518987342,0.000367415504123585
-71.9495798319328,41.7721518987342,-0.010543435306976
-71.453781512605,41.7721518987342,-0.0186302186313098
-70.9579831932773,41.7721518987342,-0.0259091893417389
-70.4621848739496,41.7721518987342,-0.0385149231853662
-69.9663865546218,41.7721518987342,-0.0626525709389906
-69.4705882352941,41.7721518987342,-0.103453832396756
-68.9747899159664,41.7721518987342,-0.162819046988846
-68.4789915966387,41.7721518987342,-0.238629364322073
-67.9831932773109,41.7721518987342,-0.326132589995562
-67.4873949579832,41.7721518987342,-0.419783557456214
-66.9915966386555,41.7721518987342,-0.514573166926571
-66.4957983193277,41.7721518987342,-0.606725708625585
-66,41.7721518987342,-0.69386531966119
-125,42.0886075949367,0.0577870654642966
-124.504201680672,42.0886075949367,0.118840864960953
-124.008403361345,42.0886075949367,0.179800610860994
-123.512605042017,42.0886075949367,0.232243290407487
-123.016806722689,42.0886075949367,0.26616540895894
-122.521008403361,42.0886075949367,0.274342458920314
-122.025210084034,42.0886075949367,0.259859594311356
-121.529411764706,42.0886075949367,0.236513145512786
-121.033613445378,42.0886075949367,0.216442106017325
-120.53781512605,42.0886075949367,0.206167556264395
-120.042016806723,42.0886075949367,0.205666917711336
-119.546218487395,42.0886075949367,0.209134749916218
-119.050420168067,42.0886075949367,0.209584799172241
-118.55462184874,42.0886075949367,0.202582139053217
-118.058823529412,42.0886075949367,0.186626360483427
-117.563025210084,42.0886075949367,0.162625970482342
-117.067226890756,42.0886075949367,0.133026702366396
-116.571428571429,42.0886075949367,0.100736038954774
-116.075630252101,42.0886075949367,0.0676901507872928
-115.579831932773,42.0886075949367,0.0338941973976737
-115.084033613445,42.0886075949367,-0.00227565564103864
-114.588235294118,42.0886075949367,-0.0415319465923091
-114.09243697479,42.0886075949367,-0.0801517527096101
-113.596638655462,42.0886075949367,-0.110143845358844
-113.100840336134,42.0886075949367,-0.121972592830708
-112.605042016807,42.0886075949367,-0.107945749632057
-112.109243697479,42.0886075949367,-0.0648832536832931
-111.613445378151,42.0886075949367,0.00260673419359481
-111.117647058824,42.0886075949367,0.0810466724334808
-110.621848739496,42.0886075949367,0.15460317961451
-110.126050420168,42.0886075949367,0.212445607257323
-109.63025210084,42.0886075949367,0.249717877681615
-109.134453781513,42.0886075949367,0.2662421907333
-108.638655462185,42.0886075949367,0.265701275540566
-108.142857142857,42.0886075949367,0.254315567897789
-107.647058823529,42.0886075949367,0.238690271590112
-107.151260504202,42.0886075949367,0.223540403375984
-106.655462184874,42.0886075949367,0.20996906404498
-106.159663865546,42.0886075949367,0.194080180830096
-105.663865546218,42.0886075949367,0.170459573137065
-105.168067226891,42.0886075949367,0.136432692809548
-104.672268907563,42.0886075949367,0.0938111324976422
-104.176470588235,42.0886075949367,0.0482294506203969
-103.680672268908,42.0886075949367,0.00632826184848719
-103.18487394958,42.0886075949367,-0.028402627373008
-102.689075630252,42.0886075949367,-0.0554853532512715
-102.193277310924,42.0886075949367,-0.0776555091120402
-101.697478991597,42.0886075949367,-0.0992702157466834
-101.201680672269,42.0886075949367,-0.123272842362397
-100.705882352941,42.0886075949367,-0.150167505817394
-100.210084033613,42.0886075949367,-0.178470515455509
-99.7142857142857,42.0886075949367,-0.205688075471786
-99.218487394958,42.0886075949367,-0.228894358555399
-98.7226890756303,42.0886075949367,-0.244757421999944
-98.2268907563025,42.0886075949367,-0.250379307876829
-97.7310924369748,42.0886075949367,-0.243679603533239
-97.2352941176471,42.0886075949367,-0.223225486990828
-96.7394957983193,42.0886075949367,-0.189950177204459
-96.2436974789916,42.0886075949367,-0.149952616953944
-95.7478991596639,42.0886075949367,-0.114339439499306
-95.2521008403361,42.0886075949367,-0.0957378650106218
-94.7563025210084,42.0886075949367,-0.104358702713109
-94.2605042016807,42.0886075949367,-0.14231810025043
-93.7647058823529,42.0886075949367,-0.197923706094171
-93.2689075630252,42.0886075949367,-0.252523052425959
-92.7731092436975,42.0886075949367,-0.286559959655379
-92.2773109243697,42.0886075949367,-0.289354197193582
-91.781512605042,42.0886075949367,-0.263812253380903
-91.2857142857143,42.0886075949367,-0.222934502322155
-90.7899159663866,42.0886075949367,-0.184362272017373
-90.2941176470588,42.0886075949367,-0.165800764749088
-89.7983193277311,42.0886075949367,-0.173014814191804
-89.3025210084034,42.0886075949367,-0.19550597857685
-88.8067226890756,42.0886075949367,-0.212492386779762
-88.3109243697479,42.0886075949367,-0.205207101493802
-87.8151260504202,42.0886075949367,-0.167395358427137
-87.3193277310924,42.0886075949367,-0.108521326028803
-86.8235294117647,42.0886075949367,-0.0487728161812804
-86.327731092437,42.0886075949367,-0.00897300221130084
-85.8319327731092,42.0886075949367,-0.000938099507689389
-85.3361344537815,42.0886075949367,-0.024496218501006
-84.8403361344538,42.0886075949367,-0.0677241166157336
-84.344537815126,42.0886075949367,-0.111284162029423
-83.8487394957983,42.0886075949367,-0.137081499944627
-83.3529411764706,42.0886075949367,-0.136069589650761
-82.8571428571429,42.0886075949367,-0.107917655715835
-82.3613445378151,42.0886075949367,-0.060956611274465
-81.8655462184874,42.0886075949367,-0.00824255527513622
-81.3697478991597,42.0886075949367,0.0364510320844912
-80.8739495798319,42.0886075949367,0.060133190600376
-80.3781512605042,42.0886075949367,0.053268249797608
-79.8823529411765,42.0886075949367,0.0141915183646856
-79.3865546218487,42.0886075949367,-0.0505720018458773
-78.890756302521,42.0886075949367,-0.126538746868083
-78.3949579831933,42.0886075949367,-0.19605082951331
-77.8991596638655,42.0886075949367,-0.243446099699448
-77.4033613445378,42.0886075949367,-0.260636537911034
-76.9075630252101,42.0886075949367,-0.249273775249401
-76.4117647058823,42.0886075949367,-0.215351737420394
-75.9159663865546,42.0886075949367,-0.166623424479903
-75.4201680672269,42.0886075949367,-0.111636798910697
-74.9243697478992,42.0886075949367,-0.0593284742762427
-74.4285714285714,42.0886075949367,-0.0198570424358754
-73.9327731092437,42.0886075949367,-0.000924785010797421
-73.436974789916,42.0886075949367,-0.000868883808397529
-72.9411764705882,42.0886075949367,-0.0111484135449224
-72.4453781512605,42.0886075949367,-0.0224088260686281
-71.9495798319328,42.0886075949367,-0.0276796720386499
-71.453781512605,42.0886075949367,-0.025142046155371
-70.9579831932773,42.0886075949367,-0.0199285935115445
-70.4621848739496,42.0886075949367,-0.0218731204402956
-69.9663865546218,42.0886075949367,-0.0399664726842796
-69.4705882352941,42.0886075949367,-0.0791387212309562
-68.9747899159664,42.0886075949367,-0.139535734033689
-68.4789915966387,42.0886075949367,-0.217513798354905
-67.9831932773109,42.0886075949367,-0.307075191262292
-67.4873949579832,42.0886075949367,-0.401776128021722
-66.9915966386555,42.0886075949367,-0.496159619088001
-66.4957983193277,42.0886075949367,-0.586404233102256
-66,42.0886075949367,-0.67036167933891
-125,42.4050632911392,0.0446006130258851
-124.504201680672,42.4050632911392,0.116883786584072
-124.008403361345,42.4050632911392,0.186784891256365
-123.512605042017,42.4050632911392,0.24404376393382
-123.016806722689,42.4050632911392,0.27751234911875
-122.521008403361,42.4050632911392,0.280584152172977
-122.025210084034,42.4050632911392,0.25805359237764
-121.529411764706,42.4050632911392,0.225076716109053
-121.033613445378,42.4050632911392,0.195247861739215
-120.53781512605,42.4050632911392,0.176138412077675
-120.042016806723,42.4050632911392,0.167953954914686
-119.546218487395,42.4050632911392,0.165518606157719
-119.050420168067,42.4050632911392,0.162527471225708
-118.55462184874,42.4050632911392,0.154942744992073
-118.058823529412,42.4050632911392,0.141639300038536
-117.563025210084,42.4050632911392,0.123919232787878
-117.067226890756,42.4050632911392,0.104343055140602
-116.571428571429,42.4050632911392,0.0851717487651492
-116.075630252101,42.4050632911392,0.0669487842197674
-115.579831932773,42.4050632911392,0.0480251596719501
-115.084033613445,42.4050632911392,0.0250647381497413
-114.588235294118,42.4050632911392,-0.00431525565477981
-114.09243697479,42.4050632911392,-0.036688456088624
-113.596638655462,42.4050632911392,-0.0632512692832322
-113.100840336134,42.4050632911392,-0.0732578027054026
-112.605042016807,42.4050632911392,-0.0582282324420424
-112.109243697479,42.4050632911392,-0.0152264128017759
-111.613445378151,42.4050632911392,0.0503967170288374
-111.117647058824,42.4050632911392,0.125020770524126
-110.621848739496,42.4050632911392,0.193316692555164
-110.126050420168,42.4050632911392,0.2455610268516
-109.63025210084,42.4050632911392,0.277827776315518
-109.134453781513,42.4050632911392,0.290276933040143
-108.638655462185,42.4050632911392,0.286214565290278
-108.142857142857,42.4050632911392,0.271159239362981
-107.647058823529,42.4050632911392,0.251284704199287
-107.151260504202,42.4050632911392,0.230939028397326
-106.655462184874,42.4050632911392,0.211147099443014
-106.159663865546,42.4050632911392,0.189229821761382
-105.663865546218,42.4050632911392,0.160722933147928
-105.168067226891,42.4050632911392,0.122964165923467
-104.672268907563,42.4050632911392,0.0773702285619412
-104.176470588235,42.4050632911392,0.0289293439507172
-103.680672268908,42.4050632911392,-0.0162406546452434
-103.18487394958,42.4050632911392,-0.0541132018866468
-102.689075630252,42.4050632911392,-0.083220519479712
-102.193277310924,42.4050632911392,-0.105610377199538
-101.697478991597,42.4050632911392,-0.12544328358783
-101.201680672269,42.4050632911392,-0.145780606765468
-100.705882352941,42.4050632911392,-0.167544270848776
-100.210084033613,42.4050632911392,-0.189775765829606
-99.7142857142857,42.4050632911392,-0.210447238781365
-99.218487394958,42.4050632911392,-0.226945253971647
-98.7226890756303,42.4050632911392,-0.236135398605906
-98.2268907563025,42.4050632911392,-0.235121760151395
-97.7310924369748,42.4050632911392,-0.221875545855176
-97.2352941176471,42.4050632911392,-0.195175488325632
-96.7394957983193,42.4050632911392,-0.156287447562697
-96.2436974789916,42.4050632911392,-0.112003925963015
-95.7478991596639,42.4050632911392,-0.0740047155792678
-95.2521008403361,42.4050632911392,-0.0552795909278044
-94.7563025210084,42.4050632911392,-0.06664085092161
-94.2605042016807,42.4050632911392,-0.110922328613111
-93.7647058823529,42.4050632911392,-0.176200952970309
-93.2689075630252,42.4050632911392,-0.242096137810071
-92.7731092436975,42.4050632911392,-0.28616061961611
-92.2773109243697,42.4050632911392,-0.295050934253806
-91.781512605042,42.4050632911392,-0.27082062454095
-91.2857142857143,42.4050632911392,-0.227254867847635
-90.7899159663866,42.4050632911392,-0.183685500429843
-90.2941176470588,42.4050632911392,-0.159643023645094
-89.7983193277311,42.4050632911392,-0.162539257937378
-89.3025210084034,42.4050632911392,-0.183161804493773
-88.8067226890756,42.4050632911392,-0.201304737846017
-88.3109243697479,42.4050632911392,-0.197609766271727
-87.8151260504202,42.4050632911392,-0.164008465493437
-87.3193277310924,42.4050632911392,-0.107886946637603
-86.8235294117647,42.4050632911392,-0.0487876329241671
-86.327731092437,42.4050632911392,-0.00780156807018465
-85.8319327731092,42.4050632911392,0.00142307985062541
-85.3361344537815,42.4050632911392,-0.0219071149213694
-84.8403361344538,42.4050632911392,-0.0661001174025687
-84.344537815126,42.4050632911392,-0.111557957179714
-83.8487394957983,42.4050632911392,-0.139231504231245
-83.3529411764706,42.4050632911392,-0.139818610493346
-82.8571428571429,42.4050632911392,-0.112406317338656
-82.3613445378151,42.4050632911392,-0.0656188724006947
-81.8655462184874,42.4050632911392,-0.0131855215663595
-81.3697478991597,42.4050632911392,0.0305307511096618
-80.8739495798319,42.4050632911392,0.0525264945470594
-80.3781512605042,42.4050632911392,0.0434719524386944
-79.8823529411765,42.4050632911392,0.000679813381183518
-79.3865546218487,42.4050632911392,-0.0707226458430012
-78.890756302521,42.4050632911392,-0.156247510539145
-78.3949579831933,42.4050632911392,-0.236677986543084
-77.8991596638655,42.4050632911392,-0.294217854858998
-77.4033613445378,42.4050632911392,-0.318729423141195
-76.9075630252101,42.4050632911392,-0.3098102248338
-76.4117647058823,42.4050632911392,-0.272218903211116
-75.9159663865546,42.4050632911392,-0.214679483234899
-75.4201680672269,42.4050632911392,-0.149342291711274
-74.9243697478992,42.4050632911392,-0.0896279183204113
-74.4285714285714,42.4050632911392,-0.0482344285637457
-73.9327731092437,42.4050632911392,-0.0323100854136931
-73.436974789916,42.4050632911392,-0.037874831814155
-72.9411764705882,42.4050632911392,-0.0523466464227713
-72.4453781512605,42.4050632911392,-0.0629930469249194
-71.9495798319328,42.4050632911392,-0.0613083548337717
-71.453781512605,42.4050632911392,-0.0466986317418838
-70.9579831932773,42.4050632911392,-0.0276112396376244
-70.4621848739496,42.4050632911392,-0.0177703598045552
-69.9663865546218,42.4050632911392,-0.0290648640014823
-69.4705882352941,42.4050632911392,-0.0658153188140893
-68.9747899159664,42.4050632911392,-0.126569288912289
-68.4789915966387,42.4050632911392,-0.205992371683769
-67.9831932773109,42.4050632911392,-0.296655813819717
-67.4873949579832,42.4050632911392,-0.391190720107386
-66.9915966386555,42.4050632911392,-0.483777268036425
-66.4957983193277,42.4050632911392,-0.570674488309237
-66,42.4050632911392,-0.65008299841996
-125,42.7215189873418,0.0310136526486035
-124.504201680672,42.7215189873418,0.112793253503373
-124.008403361345,42.7215189873418,0.190160585784675
-123.512605042017,42.7215189873418,0.251166307378743
-123.016806722689,42.7215189873418,0.283736621992865
-122.521008403361,42.7215189873418,0.282416510414397
-122.025210084034,42.7215189873418,0.253776742461427
-121.529411764706,42.7215189873418,0.213536885055077
-121.033613445378,42.7215189873418,0.176215979893465
-120.53781512605,42.7215189873418,0.149759740188199
-120.042016806723,42.7215189873418,0.134648595710615
-119.546218487395,42.7215189873418,0.126387800112931
-119.050420168067,42.7215189873418,0.119441447633561
-118.55462184874,42.7215189873418,0.110230097064569
-118.058823529412,42.7215189873418,0.0980898419042281
-117.563025210084,42.7215189873418,0.084856504915694
-117.067226890756,42.7215189873418,0.0734095714558858
-116.571428571429,42.7215189873418,0.065606617078842
-116.075630252101,42.7215189873418,0.0607168583393436
-115.579831932773,42.7215189873418,0.0554381007922584
-115.084033613445,42.7215189873418,0.0450786482321456
-114.588235294118,42.7215189873418,0.0262670293094263
-114.09243697479,42.7215189873418,0.00180356570594494
-113.596638655462,42.7215189873418,-0.0192034379765634
-113.100840336134,42.7215189873418,-0.0253738958805296
-112.605042016807,42.7215189873418,-0.00797419543678912
-112.109243697479,42.7215189873418,0.0354824889505076
-111.613445378151,42.7215189873418,0.099086081300069
-111.117647058824,42.7215189873418,0.169570099438286
-110.621848739496,42.7215189873418,0.231982453714007
-110.126050420168,42.7215189873418,0.27804284518047
-109.63025210084,42.7215189873418,0.304836309993871
-109.134453781513,42.7215189873418,0.312965755047453
-108.638655462185,42.7215189873418,0.30553367538936
-108.142857142857,42.7215189873418,0.287414106097896
-107.647058823529,42.7215189873418,0.264320721455277
-107.151260504202,42.7215189873418,0.240079622172897
-106.655462184874,42.7215189873418,0.21543234825934
-106.159663865546,42.7215189873418,0.188529455606569
-105.663865546218,42.7215189873418,0.155734266713576
-105.168067226891,42.7215189873418,0.114555817439236
-104.672268907563,42.7215189873418,0.0662580112817893
-104.176470588235,42.7215189873418,0.0153869589685445
-103.680672268908,42.7215189873418,-0.0323174947457044
-103.18487394958,42.7215189873418,-0.0724405487194256
-102.689075630252,42.7215189873418,-0.102681574151078
-102.193277310924,42.7215189873418,-0.124653601467504
-101.697478991597,42.7215189873418,-0.142469064171493
-101.201680672269,42.7215189873418,-0.15927011961719
-100.705882352941,42.7215189873418,-0.176260856673813
-100.210084033613,42.7215189873418,-0.192781237774117
-99.7142857142857,42.7215189873418,-0.207105211433107
-99.218487394958,42.7215189873418,-0.216911169879349
-98.7226890756303,42.7215189873418,-0.219250158699099
-98.2268907563025,42.7215189873418,-0.21142114790025
-97.7310924369748,42.7215189873418,-0.19198546901021
-97.2352941176471,42.7215189873418,-0.160681482797574
-96.7394957983193,42.7215189873418,-0.119284083426992
-96.2436974789916,42.7215189873418,-0.0744879933847465
-95.7478991596639,42.7215189873418,-0.0374713103664224
-95.2521008403361,42.7215189873418,-0.0208698883888882
-94.7563025210084,42.7215189873418,-0.0350916248044775
-94.2605042016807,42.7215189873418,-0.0827192758504973
-93.7647058823529,42.7215189873418,-0.153153724986815
-93.2689075630252,42.7215189873418,-0.225083152107767
-92.7731092436975,42.7215189873418,-0.274280060296317
-92.2773109243697,42.7215189873418,-0.285794907671255
-91.781512605042,42.7215189873418,-0.261205564800878
-91.2857142857143,42.7215189873418,-0.215204900635021
-90.7899159663866,42.7215189873418,-0.16871226983982
-90.2941176470588,42.7215189873418,-0.142137331927644
-89.7983193277311,42.7215189873418,-0.143708823021712
-89.3025210084034,42.7215189873418,-0.165014075237934
-88.8067226890756,42.7215189873418,-0.186367705146284
-88.3109243697479,42.7215189873418,-0.188020074123723
-87.8151260504202,42.7215189873418,-0.160372323027242
-87.3193277310924,42.7215189873418,-0.10886570922854
-86.8235294117647,42.7215189873418,-0.0519086042806386
-86.327731092437,42.7215189873418,-0.0103968710179694
-85.8319327731092,42.7215189873418,0.000770205858545257
-85.3361344537815,42.7215189873418,-0.0206941990255838
-84.8403361344538,42.7215189873418,-0.0639672087360052
-84.344537815126,42.7215189873418,-0.109728606907313
-83.8487394957983,42.7215189873418,-0.138900844830984
-83.3529411764706,42.7215189873418,-0.141583142374533
-82.8571428571429,42.7215189873418,-0.117001713480956
-82.3613445378151,42.7215189873418,-0.0734119453740381
-81.8655462184874,42.7215189873418,-0.0245650972457204
-81.3697478991597,42.7215189873418,0.0150516615854424
-80.8739495798319,42.7215189873418,0.0327646567834912
-80.3781512605042,42.7215189873418,0.0196058509473986
-79.8823529411765,42.7215189873418,-0.0274204044514105
-79.3865546218487,42.7215189873418,-0.1036086887474
-78.890756302521,42.7215189873418,-0.195114587793819
-78.3949579831933,42.7215189873418,-0.282138828578838
-77.8991596638655,42.7215189873418,-0.345729667885868
-77.4033613445378,42.7215189873418,-0.374900810229301
-76.9075630252101,42.7215189873418,-0.368253639112741
-76.4117647058823,42.7215189873418,-0.328780031958316
-75.9159663865546,42.7215189873418,-0.26542349351611
-75.4201680672269,42.7215189873418,-0.193105291746962
-74.9243697478992,42.7215189873418,-0.128945873686474
-74.4285714285714,42.7215189873418,-0.0876069827201711
-73.9327731092437,42.7215189873418,-0.075492916370479
-73.436974789916,42.7215189873418,-0.0864034018016985
-72.9411764705882,42.7215189873418,-0.104809210113251
-72.4453781512605,42.7215189873418,-0.115116219076072
-71.9495798319328,42.7215189873418,-0.107149587089167
-71.453781512605,42.7215189873418,-0.0814125678955941
-70.9579831932773,42.7215189873418,-0.0494528142025352
-70.4621848739496,42.7215189873418,-0.0282415135497133
-69.9663865546218,42.7215189873418,-0.0322753610959118
-69.4705882352941,42.7215189873418,-0.065582818004974
-68.9747899159664,42.7215189873418,-0.125537710385838
-68.4789915966387,42.7215189873418,-0.205159306459207
-67.9831932773109,42.7215189873418,-0.295451694765615
-67.4873949579832,42.7215189873418,-0.388140918509678
-66.9915966386555,42.7215189873418,-0.47716840597383
-66.4957983193277,42.7215189873418,-0.559014779680372
-66,42.7215189873418,-0.632349479894843
-125,43.0379746835443,0.0147418145105099
-124.504201680672,43.0379746835443,0.103925055290686
-124.008403361345,43.0379746835443,0.187063277417713
-123.512605042017,43.0379746835443,0.250924873286193
-123.016806722689,43.0379746835443,0.283200273496419
-122.521008403361,43.0379746835443,0.279418471853527
-122.025210084034,43.0379746835443,0.247127307974284
-121.529411764706,43.0379746835443,0.202183384641852
-121.033613445378,43.0379746835443,0.159731003725448
-120.53781512605,43.0379746835443,0.127817757486186
-120.042016806723,43.0379746835443,0.107057851068774
-119.546218487395,43.0379746835443,0.0935700793501765
-119.050420168067,43.0379746835443,0.0825215692365433
-118.55462184874,43.0379746835443,0.0708381097188137
-118.058823529412,43.0379746835443,0.0583699502132969
-117.563025210084,43.0379746835443,0.0476141425287771
-117.067226890756,43.0379746835443,0.0420288131844865
-116.571428571429,43.0379746835443,0.0433656984443874
-116.075630252101,43.0379746835443,0.0497633963299576
-115.579831932773,43.0379746835443,0.0562758213624643
-115.084033613445,43.0379746835443,0.0572595522101137
-114.588235294118,43.0379746835443,0.0492209624194089
-114.09243697479,43.0379746835443,0.0339379507658024
-113.596638655462,43.0379746835443,0.0203259405833202
-113.100840336134,43.0379746835443,0.0196932896962241
-112.605042016807,43.0379746835443,0.0403891075397063
-112.109243697479,43.0379746835443,0.0844304519833178
-111.613445378151,43.0379746835443,0.145832464174136
-111.117647058824,43.0379746835443,0.211881095225754
-110.621848739496,43.0379746835443,0.268446961075483
-110.126050420168,43.0379746835443,0.308351462395198
-109.63025210084,43.0379746835443,0.329589623190132
-109.134453781513,43.0379746835443,0.333383458218431
-108.638655462185,43.0379746835443,0.322916458023387
-108.142857142857,43.0379746835443,0.30265324646526
-107.647058823529,43.0379746835443,0.27761604320331
-107.151260504202,43.0379746835443,0.251072173802603
-106.655462184874,43.0379746835443,0.223354730361275
-106.159663865546,43.0379746835443,0.192867027451542
-105.663865546218,43.0379746835443,0.15666164401688
-105.168067226891,43.0379746835443,0.11268129492894
-104.672268907563,43.0379746835443,0.0621745284111833
-104.176470588235,43.0379746835443,0.00944516321272047
-103.680672268908,43.0379746835443,-0.0398946193298878
-103.18487394958,43.0379746835443,-0.0811433902580394
-102.689075630252,43.0379746835443,-0.111775795000147
-102.193277310924,43.0379746835443,-0.133108863673699
-101.697478991597,43.0379746835443,-0.149019691251252
-101.201680672269,43.0379746835443,-0.162796973549636
-100.705882352941,43.0379746835443,-0.175866309182192
-100.210084033613,43.0379746835443,-0.187684614055507
-99.7142857142857,43.0379746835443,-0.196692365231788
-99.218487394958,43.0379746835443,-0.200758406167478
-98.7226890756303,43.0379746835443,-0.19709922929635
-98.2268907563025,43.0379746835443,-0.183358939912115
-97.7310924369748,43.0379746835443,-0.159053870026696
-97.2352941176471,43.0379746835443,-0.125336796493369
-96.7394957983193,43.0379746835443,-0.0846570786724169
-96.2436974789916,43.0379746835443,-0.0429125353670654
-95.7478991596639,43.0379746835443,-0.00988322420797775
-95.2521008403361,43.0379746835443,0.00293105856057697
-94.7563025210084,43.0379746835443,-0.0137925566097383
-94.2605042016807,43.0379746835443,-0.0620027536734267
-93.7647058823529,43.0379746835443,-0.132559434324732
-93.2689075630252,43.0379746835443,-0.204606112431538
-92.7731092436975,43.0379746835443,-0.253615632539438
-92.2773109243697,43.0379746835443,-0.263884854772681
-91.781512605042,43.0379746835443,-0.237000854148019
-91.2857142857143,43.0379746835443,-0.188831703403763
-90.7899159663866,43.0379746835443,-0.141226279841519
-90.2941176470588,43.0379746835443,-0.114981313665795
-89.7983193277311,43.0379746835443,-0.118286871923006
-89.3025210084034,43.0379746835443,-0.142850004428268
-88.8067226890756,43.0379746835443,-0.169365220889692
-88.3109243697479,43.0379746835443,-0.177817976077303
-87.8151260504202,43.0379746835443,-0.157263031256542
-87.3193277310924,43.0379746835443,-0.111541264410831
-86.8235294117647,43.0379746835443,-0.0575496377074022
-86.327731092437,43.0379746835443,-0.0157252050819681
-85.8319327731092,43.0379746835443,-0.00185883063212046
-85.3361344537815,43.0379746835443,-0.0198801399049695
-84.8403361344538,43.0379746835443,-0.0604216442848449
-84.344537815126,43.0379746835443,-0.105001760063626
-83.8487394957983,43.0379746835443,-0.134901818536568
-83.3529411764706,43.0379746835443,-0.140353946733463
-82.8571428571429,43.0379746835443,-0.120381885618819
-82.3613445378151,43.0379746835443,-0.08258381880736
-81.8655462184874,43.0379746835443,-0.0401361827235146
-81.3697478991597,43.0379746835443,-0.00706742542147835
-80.8739495798319,43.0379746835443,0.00456721387077376
-80.3781512605042,43.0379746835443,-0.013629127843726
-79.8823529411765,43.0379746835443,-0.0644483109693018
-79.3865546218487,43.0379746835443,-0.143248976546863
-78.890756302521,43.0379746835443,-0.236890941015853
-78.3949579831933,43.0379746835443,-0.325849692059773
-77.8991596638655,43.0379746835443,-0.391345029090892
-77.4033613445378,43.0379746835443,-0.422708802407304
-76.9075630252101,43.0379746835443,-0.417779995977648
-76.4117647058823,43.0379746835443,-0.37751892326659
-75.9159663865546,43.0379746835443,-0.310598116717534
-75.4201680672269,43.0379746835443,-0.234061919844895
-74.9243697478992,43.0379746835443,-0.167868559191533
-74.4285714285714,43.0379746835443,-0.128098096164547
-73.9327731092437,43.0379746835443,-0.120584924262621
-73.436974789916,43.0379746835443,-0.137021653531784
-72.9411764705882,43.0379746835443,-0.159740566145001
-72.4453781512605,43.0379746835443,-0.171313234967988
-71.9495798319328,43.0379746835443,-0.159867090029491
-71.453781512605,43.0379746835443,-0.126496068248531
-70.9579831932773,43.0379746835443,-0.0850380434117504
-70.4621848739496,43.0379746835443,-0.0545036629842849
-69.9663865546218,43.0379746835443,-0.0513019771111702
-69.4705882352941,43.0379746835443,-0.0799974947209273
-68.9747899159664,43.0379746835443,-0.13761555550077
-68.4789915966387,43.0379746835443,-0.215671342460288
-67.9831932773109,43.0379746835443,-0.303563166241232
-67.4873949579832,43.0379746835443,-0.392250656659164
-66.9915966386555,43.0379746835443,-0.475613105696241
-66.4957983193277,43.0379746835443,-0.550496843053651
-66,43.0379746835443,-0.616145844036297
-125,43.3544303797468,-0.00550778163237577
-124.504201680672,43.3544303797468,0.0888851011601804
-124.008403361345,43.3544303797468,0.17609824991943
-123.512605042017,43.3544303797468,0.242778027828285
-123.016806722689,43.3544303797468,0.276481015227586
-122.521008403361,43.3544303797468,0.272772134166643
-122.025210084034,43.3544303797468,0.239210586458401
-121.529411764706,43.3544303797468,0.191909911126044
-121.033613445378,43.3544303797468,0.146648118980567
-120.53781512605,43.3544303797468,0.111304922452467
-120.042016806723,43.3544303797468,0.0864504010662486
-119.546218487395,43.3544303797468,0.0686814673773858
-119.050420168067,43.3544303797468,0.0537509680688854
-118.55462184874,43.3544303797468,0.0390517253407797
-118.058823529412,43.3544303797468,0.0249325915715171
-117.563025210084,43.3544303797468,0.0146174497681064
-117.067226890756,43.3544303797468,0.012407835712872
-116.571428571429,43.3544303797468,0.0202971636850732
-116.075630252101,43.3544303797468,0.0355525517241717
-115.579831932773,43.3544303797468,0.0517839595908442
-115.084033613445,43.3544303797468,0.0626781232923764
-114.588235294118,43.3544303797468,0.064927299727197
-114.09243697479,43.3544303797468,0.0593045388815649
-113.596638655462,43.3544303797468,0.0541983809574361
-113.100840336134,43.3544303797468,0.0601617938837831
-112.605042016807,43.3544303797468,0.0846911136827448
-112.109243697479,43.3544303797468,0.129374915537396
-111.613445378151,43.3544303797468,0.18839072308795
-111.117647058824,43.3544303797468,0.249721753343465
-110.621848739496,43.3544303797468,0.300877033498848
-110.126050420168,43.3544303797468,0.335017053520619
-109.63025210084,43.3544303797468,0.350922403619509
-109.134453781513,43.3544303797468,0.350664096169472
-108.638655462185,43.3544303797468,0.337764976281582
-108.142857142857,43.3544303797468,0.316463090491568
-107.647058823529,43.3544303797468,0.290938355337078
-107.151260504202,43.3544303797468,0.263797675023066
-106.655462184874,43.3544303797468,0.234852074969799
-106.159663865546,43.3544303797468,0.202380398568349
-105.663865546218,43.3544303797468,0.163966727726691
-105.168067226891,43.3544303797468,0.118123424105391
-104.672268907563,43.3544303797468,0.0661856684066497
-104.176470588235,43.3544303797468,0.0123916785689485
-103.680672268908,43.3544303797468,-0.0375852699849213
-103.18487394958,43.3544303797468,-0.0788503759616088
-102.689075630252,43.3544303797468,-0.109201811718091
-102.193277310924,43.3544303797468,-0.129818390001031
-101.697478991597,43.3544303797468,-0.144185125746689
-101.201680672269,43.3544303797468,-0.155791874928198
-100.705882352941,43.3544303797468,-0.166238705861253
-100.210084033613,43.3544303797468,-0.174998847781298
-99.7142857142857,43.3544303797468,-0.180552236795561
-99.218487394958,43.3544303797468,-0.180745364167735
-98.7226890756303,43.3544303797468,-0.172961956442458
-98.2268907563025,43.3544303797468,-0.155339987110044
-97.7310924369748,43.3544303797468,-0.12843499036852
-97.2352941176471,43.3544303797468,-0.0949807914263262
-96.7394957983193,43.3544303797468,-0.0580936408041178
-96.2436974789916,43.3544303797468,-0.0224797885731821
-95.7478991596639,43.3544303797468,0.00420365047780094
-95.2521008403361,43.3544303797468,0.0123732764789125
-94.7563025210084,43.3544303797468,-0.00583313003902766
-94.2605042016807,43.3544303797468,-0.0519508400983973
-93.7647058823529,43.3544303797468,-0.117666346310565
-93.2689075630252,43.3544303797468,-0.184015077454662
-92.7731092436975,43.3544303797468,-0.227851049340624
-92.2773109243697,43.3544303797468,-0.233501150006845
-91.781512605042,43.3544303797468,-0.202727144136222
-91.2857142857143,43.3544303797468,-0.152448819248431
-90.7899159663866,43.3544303797468,-0.105239911056578
-90.2941176470588,43.3544303797468,-0.0816856222510353
-89.7983193277311,43.3544303797468,-0.0892412630258341
-89.3025210084034,43.3544303797468,-0.119058860054542
-88.8067226890756,43.3544303797468,-0.152172384191769
-88.3109243697479,43.3544303797468,-0.168410851967986
-87.8151260504202,43.3544303797468,-0.155708133658479
-87.3193277310924,43.3544303797468,-0.11633660467227
-86.8235294117647,43.3544303797468,-0.0657041106294518
-86.327731092437,43.3544303797468,-0.0236659741149154
-85.8319327731092,43.3544303797468,-0.00644860660936611
-85.3361344537815,43.3544303797468,-0.0196505169839355
-84.8403361344538,43.3544303797468,-0.055805977489574
-84.344537815126,43.3544303797468,-0.0977880920985411
-83.8487394957983,43.3544303797468,-0.127719064234294
-83.3529411764706,43.3544303797468,-0.1363415623275
-82.8571428571429,43.3544303797468,-0.122131303758841
-82.3613445378151,43.3544303797468,-0.0919839152025455
-81.8655462184874,43.3544303797468,-0.057961898858471
-81.3697478991597,43.3544303797468,-0.0330347341097576
-80.8739495798319,43.3544303797468,-0.0283650368477186
-80.3781512605042,43.3544303797468,-0.0515811499934447
-79.8823529411765,43.3544303797468,-0.104975231669216
-79.3865546218487,43.3544303797468,-0.1838485248907
-78.890756302521,43.3544303797468,-0.27575482030408
-78.3949579831933,43.3544303797468,-0.362307635181627
-77.8991596638655,43.3544303797468,-0.426091602640498
-77.4033613445378,43.3544303797468,-0.457266801977765
-76.9075630252101,43.3544303797468,-0.452596318181351
-76.4117647058823,43.3544303797468,-0.411659741500975
-75.9159663865546,43.3544303797468,-0.342550463397143
-75.4201680672269,43.3544303797468,-0.263840403180357
-74.9243697478992,43.3544303797468,-0.197584521324415
-74.4285714285714,43.3544303797468,-0.16072918173845
-73.9327731092437,43.3544303797468,-0.158536923400421
-73.436974789916,43.3544303797468,-0.181122140114886
-72.9411764705882,43.3544303797468,-0.209397015599674
-72.4453781512605,43.3544303797468,-0.22473205533621
-71.9495798319328,43.3544303797468,-0.214230843884582
-71.453781512605,43.3544303797468,-0.178803308236709
-70.9579831932773,43.3544303797468,-0.133084291746961
-70.4621848739496,43.3544303797468,-0.0968616946700588
-69.9663865546218,43.3544303797468,-0.0869487773284525
-69.4705882352941,43.3544303797468,-0.10986129625018
-68.9747899159664,43.3544303797468,-0.163272648882891
-68.4789915966387,43.3544303797468,-0.237481510845785
-67.9831932773109,43.3544303797468,-0.320373349784883
-67.4873949579832,43.3544303797468,-0.402469610097745
-66.9915966386555,43.3544303797468,-0.477804286055894
-66.4957983193277,43.3544303797468,-0.543711980125407
-66,43.3544303797468,-0.600087339291414
-125,43.6708860759494,-0.0299237423333933
-124.504201680672,43.6708860759494,0.0677526387883667
-124.008403361345,43.6708860759494,0.158009170974242
-123.512605042017,43.6708860759494,0.228114871739148
-123.016806722689,43.6708860759494,0.265306811409804
-122.521008403361,43.6708860759494,0.26426785553095
-122.025210084034,43.6708860759494,0.231917046450577
-121.529411764706,43.6708860759494,0.184447424506942
-121.033613445378,43.6708860759494,0.138454029539927
-120.53781512605,43.6708860759494,0.10148834827428
-120.042016806723,43.6708860759494,0.0740634750228351
-119.546218487395,43.6708860759494,0.053124516744819
-119.050420168067,43.6708860759494,0.0348542784007921
-118.55462184874,43.6708860759494,0.0169795288321683
-118.058823529412,43.6708860759494,0.000251127059011808
-117.563025210084,43.6708860759494,-0.0114385651741531
-117.067226890756,43.6708860759494,-0.0127728540199608
-116.571428571429,43.6708860759494,-0.00120016331218579
-116.075630252101,43.6708860759494,0.0201206156578397
-115.579831932773,43.6708860759494,0.0438123006576713
-115.084033613445,43.6708860759494,0.0630034676308672
-114.588235294118,43.6708860759494,0.0743687268984561
-114.09243697479,43.6708860759494,0.0783422766059984
-113.596638655462,43.6708860759494,0.082181026685271
-113.100840336134,43.6708860759494,0.0951607626518829
-112.605042016807,43.6708860759494,0.123716611575252
-112.109243697479,43.6708860759494,0.16898449790363
-111.613445378151,43.6708860759494,0.22544253430948
-111.117647058824,43.6708860759494,0.282052371691836
-110.621848739496,43.6708860759494,0.328070858920281
-110.126050420168,43.6708860759494,0.356809541516863
-109.63025210084,43.6708860759494,0.367796978933375
-109.134453781513,43.6708860759494,0.364063601106488
-108.638655462185,43.6708860759494,0.349560532453464
-108.142857142857,43.6708860759494,0.328388669237748
-107.647058823529,43.6708860759494,0.303921361202113
-107.151260504202,43.6708860759494,0.277838479166357
-106.655462184874,43.6708860759494,0.249377474793458
-106.159663865546,43.6708860759494,0.216596801846535
-105.663865546218,43.6708860759494,0.177467777193582
-105.168067226891,43.6708860759494,0.131019412328085
-104.672268907563,43.6708860759494,0.078749972106818
-104.176470588235,43.6708860759494,0.0249546341696566
-103.680672268908,43.6708860759494,-0.0245693937438215
-103.18487394958,43.6708860759494,-0.0648334655219761
-102.689075630252,43.6708860759494,-0.0942694173355128
-102.193277310924,43.6708860759494,-0.114107160998246
-101.697478991597,43.6708860759494,-0.127470269725632
-101.201680672269,43.6708860759494,-0.138071699145885
-100.705882352941,43.6708860759494,-0.147568525996962
-100.210084033613,43.6708860759494,-0.155431148065046
-99.7142857142857,43.6708860759494,-0.159988304984365
-99.218487394958,43.6708860759494,-0.158941709398746
-98.7226890756303,43.6708860759494,-0.149845689543681
-98.2268907563025,43.6708860759494,-0.131392884780094
-97.7310924369748,43.6708860759494,-0.105050675618252
-97.2352941176471,43.6708860759494,-0.0748642712573033
-96.7394957983193,43.6708860759494,-0.0443427507882766
-96.2436974789916,43.6708860759494,-0.0170155154022804
-95.7478991596639,43.6708860759494,0.00194967321214496
-95.2521008403361,43.6708860759494,0.00545256600593471
-94.7563025210084,43.6708860759494,-0.0128091610025793
-94.2605042016807,43.6708860759494,-0.0538286348052695
-93.7647058823529,43.6708860759494,-0.110481824259391
-93.2689075630252,43.6708860759494,-0.166266676892903
-92.7731092436975,43.6708860759494,-0.200618687156954
-92.2773109243697,43.6708860759494,-0.199152373656043
-91.781512605042,43.6708860759494,-0.163826535928147
-91.2857142857143,43.6708860759494,-0.111806144949957
-90.7899159663866,43.6708860759494,-0.0661741153615318
-90.2941176470588,43.6708860759494,-0.0470345928886446
-89.7983193277311,43.6708860759494,-0.0601461268406388
-89.3025210084034,43.6708860759494,-0.0962265169360937
-88.8067226890756,43.6708860759494,-0.136691557669076
-88.3109243697479,43.6708860759494,-0.161191246342467
-87.8151260504202,43.6708860759494,-0.156602586388409
-87.3193277310924,43.6708860759494,-0.123819859624793
-86.8235294117647,43.6708860759494,-0.0767496616055805
-86.327731092437,43.6708860759494,-0.0345764521980066
-85.8319327731092,43.6708860759494,-0.0136975996017393
-85.3361344537815,43.6708860759494,-0.0211983108867024
-84.8403361344538,43.6708860759494,-0.0516643128541818
-84.344537815126,43.6708860759494,-0.0897980035213735
-83.8487394957983,43.6708860759494,-0.119090757435249
-83.3529411764706,43.6708860759494,-0.13056514506173
-82.8571428571429,43.6708860759494,-0.122660918875222
-82.3613445378151,43.6708860759494,-0.101230591639963
-81.8655462184874,43.6708860759494,-0.0766951324939434
-81.3697478991597,43.6708860759494,-0.0605648322307319
-80.8739495798319,43.6708860759494,-0.0628941949321813
-80.3781512605042,43.6708860759494,-0.0903984424558034
-79.8823529411765,43.6708860759494,-0.144745723755645
-79.3865546218487,43.6708860759494,-0.221152999126531
-78.890756302521,43.6708860759494,-0.307979410798821
-78.3949579831933,43.6708860759494,-0.388713531129122
-77.8991596638655,43.6708860759494,-0.44786490194733
-77.4033613445378,43.6708860759494,-0.476011018469544
-76.9075630252101,43.6708860759494,-0.469078985403355
-76.4117647058823,43.6708860759494,-0.426766294932386
-75.9159663865546,43.6708860759494,-0.356206993107105
-75.4201680672269,43.6708860759494,-0.276779899191046
-74.9243697478992,43.6708860759494,-0.211998638267539
-74.4285714285714,43.6708860759494,-0.179408875449191
-73.9327731092437,43.6708860759494,-0.183504528248951
-73.436974789916,43.6708860759494,-0.213242574314331
-72.9411764705882,43.6708860759494,-0.248594676117414
-72.4453781512605,43.6708860759494,-0.270537668956393
-71.9495798319328,43.6708860759494,-0.265932470333764
-71.453781512605,43.6708860759494,-0.234792479077252
-70.9579831932773,43.6708860759494,-0.190829306712801
-70.4621848739496,43.6708860759494,-0.153393610414876
-69.9663865546218,43.6708860759494,-0.138601393501647
-69.4705882352941,43.6708860759494,-0.154884433855104
-68.9747899159664,43.6708860759494,-0.20198660359547
-68.4789915966387,43.6708860759494,-0.269514907137263
-67.9831932773109,43.6708860759494,-0.344277205899628
-67.4873949579832,43.6708860759494,-0.416886787108428
-66.9915966386555,43.6708860759494,-0.481738761143529
-66.4957983193277,43.6708860759494,-0.536722346727996
-66,43.6708860759494,-0.582414102098773
-125,43.9873417721519,-0.0576756432926437
-124.504201680672,43.9873417721519,0.0419224709165376
-124.008403361345,43.9873417721519,0.134723031624154
-123.512605042017,43.9873417721519,0.208922033274982
-123.016806722689,43.9873417721519,0.251525300529975
-122.521008403361,43.9873417721519,0.255893203970847
-122.025210084034,43.9873417721519,0.227592319176228
-121.529411764706,43.9873417721519,0.182235392464572
-121.033613445378,43.9873417721519,0.136983569719608
-120.53781512605,43.9873417721519,0.0996668262046857
-120.042016806723,43.9873417721519,0.0709349554352288
-119.546218487395,43.9873417721519,0.0479563489327693
-119.050420168067,43.9873417721519,0.0271640693627981
-118.55462184874,43.9873417721519,0.00638853808647398
-118.058823529412,43.9873417721519,-0.0133577703024812
-117.563025210084,43.9873417721519,-0.0276705277521412
-117.067226890756,43.9873417721519,-0.030365080799403
-116.571428571429,43.9873417721519,-0.018084745176943
-116.075630252101,43.9873417721519,0.00625151693340787
-115.579831932773,43.9873417721519,0.0349460552093687
-115.084033613445,43.9873417721519,0.0607126945202539
-114.588235294118,43.9873417721519,0.0798214899525595
-114.09243697479,43.9873417721519,0.0926423392215642
-113.596638655462,43.9873417721519,0.10503964419281
-113.100840336134,43.9873417721519,0.12478891143897
-112.605042016807,43.9873417721519,0.157172120882361
-112.109243697479,43.9873417721519,0.202746238112172
-111.613445378151,43.9873417721519,0.256304932810402
-111.117647058824,43.9873417721519,0.308191952331934
-110.621848739496,43.9873417721519,0.34912529812156
-110.126050420168,43.9873417721519,0.372726744881517
-109.63025210084,43.9873417721519,0.379379079887293
-109.134453781513,43.9873417721519,0.372936940245165
-108.638655462185,43.9873417721519,0.357761684513382
-108.142857142857,43.9873417721519,0.337895492508867
-107.647058823529,43.9873417721519,0.315946226466267
-107.151260504202,43.9873417721519,0.292532636450843
-106.655462184874,43.9873417721519,0.266166935412526
-106.159663865546,43.9873417721519,0.234700632201928
-105.663865546218,43.9873417721519,0.196448787566053
-105.168067226891,43.9873417721519,0.15089582461111
-104.672268907563,43.9873417721519,0.0997179698647874
-104.176470588235,43.9873417721519,0.0473202654600614
-103.680672268908,43.9873417721519,-0.000444186455902839
-103.18487394958,43.9873417721519,-0.0386484521845705
-102.689075630252,43.9873417721519,-0.0665699254099697
-102.193277310924,43.9873417721519,-0.0856653258966944
-101.697478991597,43.9873417721519,-0.0987986375084371
-101.201680672269,43.9873417721519,-0.109852281236984
-100.705882352941,43.9873417721519,-0.120406895417192
-100.210084033613,43.9873417721519,-0.129821485647551
-99.7142857142857,43.9873417721519,-0.136191556665128
-99.218487394958,43.9873417721519,-0.137036957244567
-98.7226890756303,43.9873417721519,-0.130058197560351
-98.2268907563025,43.9873417721519,-0.114463742504156
-97.7310924369748,43.9873417721519,-0.0924316640118081
-97.2352941176471,43.9873417721519,-0.0684576912441674
-96.7394957983193,43.9873417721519,-0.0462265462992849
-96.2436974789916,43.9873417721519,-0.0281967930326624
-95.7478991596639,43.9873417721519,-0.017210270905075
-95.2521008403361,43.9873417721519,-0.0175936501050468
-94.7563025210084,43.9873417721519,-0.0339509095150555
-94.2605042016807,43.9873417721519,-0.0673975027593869
-93.7647058823529,43.9873417721519,-0.111873017992644
-93.2689075630252,43.9873417721519,-0.153789350784555
-92.7731092436975,43.9873417721519,-0.17574965739953
-92.2773109243697,43.9873417721519,-0.165728648209603
-91.781512605042,43.9873417721519,-0.125966232804442
-91.2857142857143,43.9873417721519,-0.0729410879231666
-90.7899159663866,43.9873417721519,-0.0297486469892122
-90.2941176470588,43.9873417721519,-0.0157276603106761
-89.7983193277311,43.9873417721519,-0.0345891780970422
-89.3025210084034,43.9873417721519,-0.0768829678852131
-88.8067226890756,43.9873417721519,-0.124528699652716
-88.3109243697479,43.9873417721519,-0.157108442984213
-87.8151260504202,43.9873417721519,-0.160588736318041
-87.3193277310924,43.9873417721519,-0.13441893275181
-86.8235294117647,43.9873417721519,-0.091197045120714
-86.327731092437,43.9873417721519,-0.0492368860039748
-85.8319327731092,43.9873417721519,-0.0247665425704304
-85.3361344537815,43.9873417721519,-0.0262999715154255
-84.8403361344538,43.9873417721519,-0.0504380709028102
-84.344537815126,43.9873417721519,-0.0837342585668399
-83.8487394957983,43.9873417721519,-0.111448761888551
-83.3529411764706,43.9873417721519,-0.125063095833566
-82.8571428571429,43.9873417721519,-0.123299124109143
-82.3613445378151,43.9873417721519,-0.110675144283119
-81.8655462184874,43.9873417721519,-0.0956262010406986
-81.3697478991597,43.9873417721519,-0.0880291161256086
-80.8739495798319,43.9873417721519,-0.0966751372898993
-80.3781512605042,43.9873417721519,-0.127280229046849
-79.8823529411765,43.9873417721519,-0.180876018193788
-79.3865546218487,43.9873417721519,-0.252678994481594
-78.890756302521,43.9873417721519,-0.33204154706384
-78.3949579831933,43.9873417721519,-0.404536126822403
-77.8991596638655,43.9873417721519,-0.456548574023793
-77.4033613445378,43.9873417721519,-0.479019654664293
-76.9075630252101,43.9873417721519,-0.467619154189079
-76.4117647058823,43.9873417721519,-0.422508397772041
-75.9159663865546,43.9873417721519,-0.350866769593569
-75.4201680672269,43.9873417721519,-0.271746815089328
-74.9243697478992,43.9873417721519,-0.209412390459664
-74.4285714285714,43.9873417721519,-0.182159605352464
-73.9327731092437,43.9873417721519,-0.193651443921668
-73.436974789916,43.9873417721519,-0.231539198116824
-72.9411764705882,43.9873417721519,-0.275396046657667
-72.4453781512605,43.9873417721519,-0.30634157732047
-71.9495798319328,43.9873417721519,-0.311668241522153
-71.453781512605,43.9873417721519,-0.290191260702655
-70.9579831932773,43.9873417721519,-0.25343953546964
-70.4621848739496,43.9873417721519,-0.219169795886431
-69.9663865546218,43.9873417721519,-0.202786764276123
-69.4705882352941,43.9873417721519,-0.212929277781669
-68.9747899159664,43.9873417721519,-0.251737068010708
-68.4789915966387,43.9873417721519,-0.309240369813938
-67.9831932773109,43.9873417721519,-0.3724098347309
-67.4873949579832,43.9873417721519,-0.432574415070486
-66.9915966386555,43.9873417721519,-0.484652217171877
-66.4957983193277,43.9873417721519,-0.527059761506024
-66,43.9873417721519,-0.561030851569182
-125,44.3037974683544,-0.0871890804299872
-124.504201680672,44.3037974683544,0.0135309662025294
-124.008403361345,44.3037974683544,0.10875003701252
-123.512605042017,44.3037974683544,0.187761487014222
-123.016806722689,44.3037974683544,0.23757982629476
-122.521008403361,44.3037974683544,0.249983454978593
-122.025210084034,44.3037974683544,0.228496382410008
-121.529411764706,44.3037974683544,0.187412275446916
-121.033613445378,44.3037974683544,0.143747006286421
-120.53781512605,44.3037974683544,0.106785558280694
-120.042016806723,44.3037974683544,0.0776236595928293
-119.546218487395,44.3037974683544,0.0536706715710942
-119.050420168067,44.3037974683544,0.0314170148679344
-118.55462184874,44.3037974683544,0.00844742142179942
-118.058823529412,44.3037974683544,-0.0141445004869474
-117.563025210084,44.3037974683544,-0.0314536043528853
-117.067226890756,44.3037974683544,-0.0372148359834833
-116.571428571429,44.3037974683544,-0.0270315072734019
-116.075630252101,44.3037974683544,-0.00276657599962472
-115.579831932773,44.3037974683544,0.0283677931673664
-115.084033613445,44.3037974683544,0.0588146201431026
-114.588235294118,44.3037974683544,0.0841778070517269
-114.09243697479,44.3037974683544,0.104450015995786
-113.596638655462,44.3037974683544,0.124258030960872
-113.100840336134,44.3037974683544,0.149900804145087
-112.605042016807,44.3037974683544,0.185432647924991
-112.109243697479,44.3037974683544,0.230722559995107
-111.613445378151,44.3037974683544,0.280930260658002
-111.117647058824,44.3037974683544,0.327842236128743
-110.621848739496,44.3037974683544,0.36335508170736
-110.126050420168,44.3037974683544,0.38213493296732
-109.63025210084,44.3037974683544,0.38514876331478
-109.134453781513,44.3037974683544,0.376828296521687
-108.638655462185,44.3037974683544,0.361951331906911
-108.142857142857,44.3037974683544,0.344533360379829
-107.647058823529,44.3037974683544,0.326436128270207
-107.151260504202,44.3037974683544,0.307116900442533
-106.655462184874,44.3037974683544,0.284282923911012
-106.159663865546,44.3037974683544,0.25559317973085
-105.663865546218,44.3037974683544,0.219735620898417
-105.168067226891,44.3037974683544,0.176680527357426
-104.672268907563,44.3037974683544,0.128302437285173
-104.176470588235,44.3037974683544,0.0790616952792558
-103.680672268908,44.3037974683544,0.0347342020306121
-103.18487394958,44.3037974683544,-0.00038272657054354
-102.689075630252,44.3037974683544,-0.0262313132249106
-102.193277310924,44.3037974683544,-0.0446629311512684
-101.697478991597,44.3037974683544,-0.0585990016757934
-101.201680672269,44.3037974683544,-0.0717232978443596
-100.705882352941,44.3037974683544,-0.0854909295350528
-100.210084033613,44.3037974683544,-0.0990381055725983
-99.7142857142857,44.3037974683544,-0.110171836840309
-99.218487394958,44.3037974683544,-0.11622415069657
-98.7226890756303,44.3037974683544,-0.114968938557675
-98.2268907563025,44.3037974683544,-0.105921551453219
-97.7310924369748,44.3037974683544,-0.0916297723010203
-97.2352941176471,44.3037974683544,-0.0765693917549139
-96.7394957983193,44.3037974683544,-0.0638825430209364
-96.2436974789916,44.3037974683544,-0.0551647232138972
-95.7478991596639,44.3037974683544,-0.0513584669137401
-95.2521008403361,44.3037974683544,-0.0542498063276149
-94.7563025210084,44.3037974683544,-0.0669358843991736
-94.2605042016807,44.3037974683544,-0.0909592524100969
-93.7647058823529,44.3037974683544,-0.121768875755236
-93.2689075630252,44.3037974683544,-0.148438771259772
-92.7731092436975,44.3037974683544,-0.156982188795534
-92.2773109243697,44.3037974683544,-0.138099757591702
-91.781512605042,44.3037974683544,-0.0944637550290405
-91.2857142857143,44.3037974683544,-0.0414491929486525
-90.7899159663866,44.3037974683544,-0.00122517700319556
-90.2941176470588,44.3037974683544,0.00806520944271683
-89.7983193277311,44.3037974683544,-0.0158528506700149
-89.3025210084034,44.3037974683544,-0.0632715984890554
-88.8067226890756,44.3037974683544,-0.116867399007876
-88.3109243697479,44.3037974683544,-0.156582999483937
-87.8151260504202,44.3037974683544,-0.167646089321235
-87.3193277310924,44.3037974683544,-0.148151700548642
-86.8235294117647,44.3037974683544,-0.109276845965126
-86.327731092437,44.3037974683544,-0.0682925643975804
-85.8319327731092,44.3037974683544,-0.040987680231524
-85.3361344537815,44.3037974683544,-0.0369901216384727
-84.8403361344538,44.3037974683544,-0.054700851447212
-84.344537815126,44.3037974683544,-0.082507912043711
-83.8487394957983,44.3037974683544,-0.107661761045915
-83.3529411764706,44.3037974683544,-0.122429498184336
-82.8571428571429,44.3037974683544,-0.125855670358205
-82.3613445378151,44.3037974683544,-0.121085320058747
-81.8655462184874,44.3037974683544,-0.114541323482358
-81.3697478991597,44.3037974683544,-0.114422634112463
-80.8739495798319,44.3037974683544,-0.128162232820056
-80.3781512605042,44.3037974683544,-0.160439352100098
-79.8823529411765,44.3037974683544,-0.211697875984918
-79.3865546218487,44.3037974683544,-0.277275196994846
-78.890756302521,44.3037974683544,-0.347621738477241
-78.3949579831933,44.3037974683544,-0.410256200794131
-77.8991596638655,44.3037974683544,-0.453263331214712
-77.4033613445378,44.3037974683544,-0.468178450671456
-76.9075630252101,44.3037974683544,-0.450831663541837
-76.4117647058823,44.3037974683544,-0.401911935066422
-75.9159663865546,44.3037974683544,-0.329386666487162
-75.4201680672269,44.3037974683544,-0.251397463114292
-74.9243697478992,44.3037974683544,-0.192306470710992
-74.4285714285714,44.3037974683544,-0.171116448970149
-73.9327731092437,44.3037974683544,-0.19061523791281
-73.436974789916,44.3037974683544,-0.236927278413728
-72.9411764705882,44.3037974683544,-0.28978595946241
-72.4453781512605,44.3037974683544,-0.331036835081387
-71.9495798319328,44.3037974683544,-0.348551346541834
-71.453781512605,44.3037974683544,-0.34008408113931
-70.9579831932773,44.3037974683544,-0.314686692769721
-70.4621848739496,44.3037974683544,-0.287552508012942
-69.9663865546218,44.3037974683544,-0.272547767782175
-69.4705882352941,44.3037974683544,-0.278492757766402
-68.9747899159664,44.3037974683544,-0.307886950982856
-68.4789915966387,44.3037974683544,-0.352239459979868
-67.9831932773109,44.3037974683544,-0.400462081663335
-67.4873949579832,44.3037974683544,-0.445512063213612
-66.9915966386555,44.3037974683544,-0.4830398047645
-66.4957983193277,44.3037974683544,-0.511801277308954
-66,44.3037974683544,-0.53361285771862
-125,44.620253164557,-0.116452787740293
-124.504201680672,44.620253164557,-0.0148810928515457
-124.008403361345,44.620253164557,0.0830525927619686
-123.512605042017,44.620253164557,0.167902809672768
-123.016806722689,44.620253164557,0.226645255479563
-122.521008403361,44.620253164557,0.249086076273965
-122.025210084034,44.620253164557,0.236214012310399
-121.529411764706,44.620253164557,0.200762160455184
-121.033613445378,44.620253164557,0.159393179907244
-120.53781512605,44.620253164557,0.123017590304248
-120.042016806723,44.620253164557,0.0938859874466374
-119.546218487395,44.620253164557,0.0699591016662819
-119.050420168067,44.620253164557,0.0475235538340918
-118.55462184874,44.620253164557,0.023451140603561
-118.058823529412,44.620253164557,-0.00141803317770938
-117.563025210084,44.620253164557,-0.0217235674294468
-117.067226890756,44.620253164557,-0.0314843690043537
-116.571428571429,44.620253164557,-0.0256156880182743
-116.075630252101,44.620253164557,-0.00417782860647911
-115.579831932773,44.620253164557,0.026966771675735
-115.084033613445,44.620253164557,0.0601281211256171
-114.588235294118,44.620253164557,0.0900670874638758
-114.09243697479,44.620253164557,0.116083037880394
-113.596638655462,44.620253164557,0.141679597729221
-113.100840336134,44.620253164557,0.171861571631967
-112.605042016807,44.620253164557,0.20941194769444
-112.109243697479,44.620253164557,0.253515868576824
-111.613445378151,44.620253164557,0.299802323325513
-111.117647058824,44.620253164557,0.341292161196478
-110.621848739496,44.620253164557,0.371100774661574
-110.126050420168,44.620253164557,0.385169323163238
-109.63025210084,44.620253164557,0.385011586633418
-109.134453781513,44.620253164557,0.37556730911255
-108.638655462185,44.620253164557,0.361984552213669
-108.142857142857,44.620253164557,0.348063624077787
-107.647058823529,44.620253164557,0.334894830858362
-107.151260504202,44.620253164557,0.320791423142179
-106.655462184874,44.620253164557,0.302647834329609
-106.159663865546,44.620253164557,0.277944026475802
-105.663865546218,44.620253164557,0.245799865864537
-105.168067226891,44.620253164557,0.206774146919297
-104.672268907563,44.620253164557,0.163034742236661
-104.176470588235,44.620253164557,0.118923302166405
-103.680672268908,44.620253164557,0.0797752476927745
-103.18487394958,44.620253164557,0.0487871559470065
-102.689075630252,44.620253164557,0.0255150087205633
-102.193277310924,44.620253164557,0.00767742145523616
-101.697478991597,44.620253164557,-0.00790578994283219
-101.201680672269,44.620253164557,-0.0246201142843245
-100.705882352941,44.620253164557,-0.0436851819918336
-100.210084033613,44.620253164557,-0.0638871110998368
-99.7142857142857,44.620253164557,-0.0826525923280107
-99.218487394958,44.620253164557,-0.0971149681413133
-98.7226890756303,44.620253164557,-0.104997674026453
-98.2268907563025,44.620253164557,-0.105760123995757
-97.7310924369748,44.620253164557,-0.101839026745632
-97.2352941176471,44.620253164557,-0.0975345524067706
-96.7394957983193,44.620253164557,-0.0949293348125172
-96.2436974789916,44.620253164557,-0.0946971919880765
-95.7478991596639,44.620253164557,-0.0965028939786408
-95.2521008403361,44.620253164557,-0.100346967765429
-94.7563025210084,44.620253164557,-0.108181864005156
-94.2605042016807,44.620253164557,-0.122091518511536
-93.7647058823529,44.620253164557,-0.1392207530705
-93.2689075630252,44.620253164557,-0.151141995653663
-92.7731092436975,44.620253164557,-0.147066691553813
-92.2773109243697,44.620253164557,-0.12024377271189
-91.781512605042,44.620253164557,-0.07385502444565
-91.2857142857143,44.620253164557,-0.0219951802157128
-90.7899159663866,44.620253164557,0.0150398005475262
-90.2941176470588,44.620253164557,0.0207606879739847
-89.7983193277311,44.620253164557,-0.00648725751098902
-89.3025210084034,44.620253164557,-0.057024051834422
-88.8067226890756,44.620253164557,-0.114482848772191
-88.3109243697479,44.620253164557,-0.159657768114549
-87.8151260504202,44.620253164557,-0.177477614299357
-87.3193277310924,44.620253164557,-0.164600419287662
-86.8235294117647,44.620253164557,-0.130739945841567
-86.327731092437,44.620253164557,-0.0919052270601774
-85.8319327731092,44.620253164557,-0.0632357126440825
-85.3361344537815,44.620253164557,-0.0547530390196701
-84.8403361344538,44.620253164557,-0.066312258933843
-84.344537815126,44.620253164557,-0.0884072966948311
-83.8487394957983,44.620253164557,-0.110212714162948
-83.3529411764706,44.620253164557,-0.124965049902769
-82.8571428571429,44.620253164557,-0.131977354533784
-82.3613445378151,44.620253164557,-0.133259127812423
-81.8655462184874,44.620253164557,-0.133491271924295
-81.3697478991597,44.620253164557,-0.139221446989757
-80.8739495798319,44.620253164557,-0.156484432553748
-80.3781512605042,44.620253164557,-0.188925184719986
-79.8823529411765,44.620253164557,-0.236469795846134
-79.3865546218487,44.620253164557,-0.294670306203042
-78.890756302521,44.620253164557,-0.35507072129311
-78.3949579831933,44.620253164557,-0.40691800253494
-77.8991596638655,44.620253164557,-0.439854742226574
-77.4033613445378,44.620253164557,-0.446257015086404
-76.9075630252101,44.620253164557,-0.422454087171401
-76.4117647058823,44.620253164557,-0.369795733720142
-75.9159663865546,44.620253164557,-0.296751194597875
-75.4201680672269,44.620253164557,-0.220776886914083
-74.9243697478992,44.620253164557,-0.165826395526068
-74.4285714285714,44.620253164557,-0.151032428807281
-73.9327731092437,44.620253164557,-0.178213194407606
-73.436974789916,44.620253164557,-0.231952362229768
-72.9411764705882,44.620253164557,-0.292817345946948
-72.4453781512605,44.620253164557,-0.344040555099517
-71.9495798319328,44.620253164557,-0.374094235400587
-71.453781512605,44.620253164557,-0.379812790589733
-70.9579831932773,44.620253164557,-0.367893969255936
-70.4621848739496,44.620253164557,-0.350501525007908
-69.9663865546218,44.620253164557,-0.339105685998402
-69.4705882352941,44.620253164557,-0.342572954782102
-68.9747899159664,44.620253164557,-0.362607775783219
-68.4789915966387,44.620253164557,-0.391938148854515
-67.9831932773109,44.620253164557,-0.422658968275614
-67.4873949579832,44.620253164557,-0.450683041696556
-66.9915966386555,44.620253164557,-0.472825973105296
-66.4957983193277,44.620253164557,-0.487760487254609
-66,44.620253164557,-0.497802057140486
-125,44.9367088607595,-0.143298012215612
-124.504201680672,44.9367088607595,-0.040692704549747
-124.008403361345,44.9367088607595,0.0607178921770825
-123.512605042017,44.9367088607595,0.152584208360064
-123.016806722689,44.9367088607595,0.221545918538057
-122.521008403361,44.9367088607595,0.254999591284924
-122.025210084034,44.9367088607595,0.251252941890529
-121.529411764706,44.9367088607595,0.221813225281677
-121.033613445378,44.9367088607595,0.183057027033068
-120.53781512605,44.9367088607595,0.147203331870175
-120.042016806723,44.9367088607595,0.118420097965088
-119.546218487395,44.9367088607595,0.0955392567241861
-119.050420168067,44.9367088607595,0.0743558931117449
-118.55462184874,44.9367088607595,0.050557973613959
-118.058823529412,44.9367088607595,0.024314875429579
-117.563025210084,44.9367088607595,0.000967039371684221
-117.067226890756,44.9367088607595,-0.0133868058542358
-116.571428571429,44.9367088607595,-0.0132327061936674
-116.075630252101,44.9367088607595,0.00346256787737204
-115.579831932773,44.9367088607595,0.032668762005193
-115.084033613445,44.9367088607595,0.0666978057868498
-114.588235294118,44.9367088607595,0.0995609319694281
-114.09243697479,44.9367088607595,0.129612351609415
-113.596638655462,44.9367088607595,0.159233410164241
-113.100840336134,44.9367088607595,0.192317856771797
-112.605042016807,44.9367088607595,0.23038489652047
-112.109243697479,44.9367088607595,0.272063194351677
-111.613445378151,44.9367088607595,0.313607543947948
-111.117647058824,44.9367088607595,0.349140671117258
-110.621848739496,44.9367088607595,0.373103467798328
-110.126050420168,44.9367088607595,0.38246202755486
-109.63025210084,44.9367088607595,0.379381332707575
-109.134453781513,44.9367088607595,0.369454869413913
-108.638655462185,44.9367088607595,0.358098920670087
-108.142857142857,44.9367088607595,0.34853552523037
-107.647058823529,44.9367088607595,0.340975480481187
-107.151260504202,44.9367088607595,0.332754754017777
-106.655462184874,44.9367088607595,0.320093211457147
-106.159663865546,44.9367088607595,0.300265347147868
-105.663865546218,44.9367088607595,0.272903339233082
-105.168067226891,44.9367088607595,0.239269764041858
-104.672268907563,44.9367088607595,0.201790557320837
-104.176470588235,44.9367088607595,0.16463242228954
-103.680672268908,44.9367088607595,0.1322357493731
-103.18487394958,44.9367088607595,0.106600497971096
-102.689075630252,44.9367088607595,0.0865767780313899
-102.193277310924,44.9367088607595,0.0694419557553345
-101.697478991597,44.9367088607595,0.051739006144171
-101.201680672269,44.9367088607595,0.0302163729884023
-100.705882352941,44.9367088607595,0.00404038395142686
-100.210084033613,44.9367088607595,-0.0250597309291072
-99.7142857142857,44.9367088607595,-0.0540320100664703
-99.218487394958,44.9367088607595,-0.0797544461450547
-98.7226890756303,44.9367088607595,-0.0997357830617062
-98.2268907563025,44.9367088607595,-0.113028089416317
-97.7310924369748,44.9367088607595,-0.12140285938713
-97.2352941176471,44.9367088607595,-0.128479459810269
-96.7394957983193,44.9367088607595,-0.135437804098383
-96.2436974789916,44.9367088607595,-0.142108566105973
-95.7478991596639,44.9367088607595,-0.147499385815212
-95.2521008403361,44.9367088607595,-0.150875597512576
-94.7563025210084,44.9367088607595,-0.153562711433472
-94.2605042016807,44.9367088607595,-0.157963940697134
-93.7647058823529,44.9367088607595,-0.162809128862326
-93.2689075630252,44.9367088607595,-0.161993684496899
-92.7731092436975,44.9367088607595,-0.147496309432154
-92.2773109243697,44.9367088607595,-0.114705204895589
-91.781512605042,44.9367088607595,-0.0672174243924458
-91.2857142857143,44.9367088607595,-0.0176721123205056
-90.7899159663866,44.9367088607595,0.0161373617100527
-90.2941176470588,44.9367088607595,0.0197495834308007
-89.7983193277311,44.9367088607595,-0.0082988932520601
-89.3025210084034,44.9367088607595,-0.0592691071531132
-88.8067226890756,44.9367088607595,-0.117982996343763
-88.3109243697479,44.9367088607595,-0.1663838045245
-87.8151260504202,44.9367088607595,-0.189686375037656
-87.3193277310924,44.9367088607595,-0.183245047104842
-86.8235294117647,44.9367088607595,-0.155157298463006
-86.327731092437,44.9367088607595,-0.119884685640603
-85.8319327731092,44.9367088607595,-0.0916377062605501
-85.3361344537815,44.9367088607595,-0.0800772603376488
-84.8403361344538,44.9367088607595,-0.0861143376259349
-84.344537815126,44.9367088607595,-0.102512705370467
-83.8487394957983,44.9367088607595,-0.120294668516559
-83.3529411764706,44.9367088607595,-0.133903672455038
-82.8571428571429,44.9367088607595,-0.142594213854856
-82.3613445378151,44.9367088607595,-0.147693666158627
-81.8655462184874,44.9367088607595,-0.152568477740758
-81.3697478991597,44.9367088607595,-0.162206633339943
-80.8739495798319,44.9367088607595,-0.181268102929151
-80.3781512605042,44.9367088607595,-0.212404606599381
-79.8823529411765,44.9367088607595,-0.255096547088078
-79.3865546218487,44.9367088607595,-0.305162080882216
-78.890756302521,44.9367088607595,-0.35517366407705
-78.3949579831933,44.9367088607595,-0.395906942535788
-77.8991596638655,44.9367088607595,-0.41846524231218
-77.4033613445378,44.9367088607595,-0.416252153029534
-76.9075630252101,44.9367088607595,-0.386359120064057
-76.4117647058823,44.9367088607595,-0.330858873053979
-75.9159663865546,44.9367088607595,-0.258518302638245
-75.4201680672269,44.9367088607595,-0.186046772796998
-74.9243697478992,44.9367088607595,-0.136268767977399
-74.4285714285714,44.9367088607595,-0.127382057558129
-73.9327731092437,44.9367088607595,-0.160383694289823
-73.436974789916,44.9367088607595,-0.219361760494156
-72.9411764705882,44.9367088607595,-0.286223295054633
-72.4453781512605,44.9367088607595,-0.345636814360813
-71.9495798319328,44.9367088607595,-0.386770491286034
-71.453781512605,44.9367088607595,-0.40573927695246
-70.9579831932773,44.9367088607595,-0.407070236631442
-70.4621848739496,44.9367088607595,-0.399976315366442
-69.9663865546218,44.9367088607595,-0.393089632250174
-69.4705882352941,44.9367088607595,-0.394828746331846
-68.9747899159664,44.9367088607595,-0.405987341810485
-68.4789915966387,44.9367088607595,-0.419937468151533
-67.9831932773109,44.9367088607595,-0.432258401662447
-67.4873949579832,44.9367088607595,-0.442694232090464
-66.9915966386555,44.9367088607595,-0.449751430717474
-66.4957983193277,44.9367088607595,-0.451865784760545
-66,44.9367088607595,-0.451508390528241
-125,45.253164556962,-0.165640158629567
-124.504201680672,45.253164556962,-0.0615645849119349
-124.008403361345,45.253164556962,0.0441419435058873
-123.512605042017,45.253164556962,0.144044580192519
-123.016806722689,45.253164556962,0.22390639028442
-122.521008403361,45.253164556962,0.268208280665227
-122.025210084034,45.253164556962,0.272763813090848
-121.529411764706,45.253164556962,0.248447654569939
-121.033613445378,45.253164556962,0.21189582276592
-120.53781512605,45.253164556962,0.176690078030791
-120.042016806723,45.253164556962,0.14886967274292
-119.546218487395,45.253164556962,0.128134416628893
-119.050420168067,45.253164556962,0.109599492275653
-118.55462184874,45.253164556962,0.0874903813753232
-118.058823529412,45.253164556962,0.0608876246683749
-117.563025210084,45.253164556962,0.0345661583092151
-117.067226890756,45.253164556962,0.0151350429081481
-116.571428571429,45.253164556962,0.00889010493126619
-116.075630252101,45.253164556962,0.019865853955757
-115.579831932773,45.253164556962,0.0458502829746789
-115.084033613445,45.253164556962,0.0794184992111789
-114.588235294118,45.253164556962,0.113942252086833
-114.09243697479,45.253164556962,0.146631510204108
-113.596638655462,45.253164556962,0.178731679793618
-113.100840336134,45.253164556962,0.212935851926785
-112.605042016807,45.253164556962,0.249656302687124
-112.109243697479,45.253164556962,0.287340971091707
-111.613445378151,45.253164556962,0.32301395844061
-111.117647058824,45.253164556962,0.35190394059642
-110.621848739496,45.253164556962,0.369864492975536
-110.126050420168,45.253164556962,0.374676932639753
-109.63025210084,45.253164556962,0.369129822873287
-109.134453781513,45.253164556962,0.359367197819353
-108.638655462185,45.253164556962,0.350910186814008
-108.142857142857,45.253164556962,0.346232459329469
-107.647058823529,45.253164556962,0.344526601289037
-107.151260504202,45.253164556962,0.342347012908879
-106.655462184874,45.253164556962,0.33545851699883
-106.159663865546,45.253164556962,0.32100897075081
-105.663865546218,45.253164556962,0.299188303407686
-105.168067226891,45.253164556962,0.272012610092167
-104.672268907563,45.253164556962,0.24211854022852
-104.176470588235,45.253164556962,0.213416872236359
-103.680672268908,45.253164556962,0.189248970026528
-103.18487394958,45.253164556962,0.170320548372928
-102.689075630252,45.253164556962,0.154505290623807
-102.193277310924,45.253164556962,0.138466754850051
-101.697478991597,45.253164556962,0.118450748906483
-101.201680672269,45.253164556962,0.0912778413984596
-100.705882352941,45.253164556962,0.056604098044906
-100.210084033613,45.253164556962,0.0168300117172964
-99.7142857142857,45.253164556962,-0.0244496384603672
-99.218487394958,45.253164556962,-0.0637273428307276
-98.7226890756303,45.253164556962,-0.0980858227854288
-98.2268907563025,45.253164556962,-0.125905730498129
-97.7310924369748,45.253164556962,-0.147804212719046
-97.2352941176471,45.253164556962,-0.165893830698201
-96.7394957983193,45.253164556962,-0.180893200278614
-96.2436974789916,45.253164556962,-0.19229407935511
-95.7478991596639,45.253164556962,-0.199104856658172
-95.2521008403361,45.253164556962,-0.200939567259772
-94.7563025210084,45.253164556962,-0.199092065295938
-94.2605042016807,45.253164556962,-0.195720823062115
-93.7647058823529,45.253164556962,-0.190907384977888
-93.2689075630252,45.253164556962,-0.18050846363836
-92.7731092436975,45.253164556962,-0.15875177964108
-92.2773109243697,45.253164556962,-0.122608558458156
-91.781512605042,45.253164556962,-0.0758445959945809
-91.2857142857143,45.253164556962,-0.0295895220165755
-90.7899159663866,45.253164556962,0.0011454416200504
-90.2941176470588,45.253164556962,0.00412307497392646
-89.7983193277311,45.253164556962,-0.0221710730939621
-89.3025210084034,45.253164556962,-0.0707621388789941
-88.8067226890756,45.253164556962,-0.128014134626776
-88.3109243697479,45.253164556962,-0.177214292556192
-87.8151260504202,45.253164556962,-0.204324631023762
-87.3193277310924,45.253164556962,-0.203856664564396
-86.8235294117647,45.253164556962,-0.182097495881396
-86.327731092437,45.253164556962,-0.151683364029847
-85.8319327731092,45.253164556962,-0.125488804026796
-85.3361344537815,45.253164556962,-0.112296987554133
-84.8403361344538,45.253164556962,-0.113659322038147
-84.344537815126,45.253164556962,-0.124479037812087
-83.8487394957983,45.253164556962,-0.137742874518794
-83.3529411764706,45.253164556962,-0.149099941462188
-82.8571428571429,45.253164556962,-0.157679422178916
-82.3613445378151,45.253164556962,-0.164422556190745
-81.8655462184874,45.253164556962,-0.171760307612243
-81.3697478991597,45.253164556962,-0.183311374345587
-80.8739495798319,45.253164556962,-0.202463265269947
-80.3781512605042,45.253164556962,-0.230956732164356
-79.8823529411765,45.253164556962,-0.267898891445064
-79.3865546218487,45.253164556962,-0.309395492326026
-78.890756302521,45.253164556962,-0.348962644804135
-78.3949579831933,45.253164556962,-0.37874094255844
-77.8991596638655,45.253164556962,-0.391217373254761
-77.4033613445378,45.253164556962,-0.380932101259945
-76.9075630252101,45.253164556962,-0.345896078506438
-76.4117647058823,45.253164556962,-0.288920742749888
-75.9159663865546,45.253164556962,-0.218993791719266
-75.4201680672269,45.253164556962,-0.151949101011074
-74.9243697478992,45.253164556962,-0.108422541246775
-74.4285714285714,45.253164556962,-0.104320285982961
-73.9327731092437,45.253164556962,-0.140012697318682
-73.436974789916,45.253164556962,-0.201288400315273
-72.9411764705882,45.253164556962,-0.271506740016202
-72.4453781512605,45.253164556962,-0.336421885532278
-71.9495798319328,45.253164556962,-0.385863731505159
-71.453781512605,45.253164556962,-0.415499907278727
-70.9579831932773,45.253164556962,-0.427906837844794
-70.4621848739496,45.253164556962,-0.429478225924703
-69.9663865546218,45.253164556962,-0.426543503703859
-69.4705882352941,45.253164556962,-0.426374896813352
-68.9747899159664,45.253164556962,-0.428727459453556
-68.4789915966387,45.253164556962,-0.428063751240055
-67.9831932773109,45.253164556962,-0.423093422669905
-67.4873949579832,45.253164556962,-0.416965566983324
-66.9915966386555,45.253164556962,-0.410299535615348
-66.4957983193277,45.253164556962,-0.401800656105319
-66,45.253164556962,-0.393278120811277
-125,45.5696202531646,-0.181653416473087
-124.504201680672,45.5696202531646,-0.0755852409442435
-124.008403361345,45.5696202531646,0.0348813588081765
-123.512605042017,45.5696202531646,0.143347798786299
-123.016806722689,45.5696202531646,0.233967607180074
-122.521008403361,45.5696202531646,0.287852922385445
-122.025210084034,45.5696202531646,0.298749350398741
-121.529411764706,45.5696202531646,0.277787343762787
-121.033613445378,45.5696202531646,0.242479453315981
-120.53781512605,45.5696202531646,0.208011893030354
-120.042016806723,45.5696202531646,0.182010833717908
-119.546218487395,45.5696202531646,0.164503555590568
-119.050420168067,45.5696202531646,0.149732723510966
-118.55462184874,45.5696202531646,0.130511159344418
-118.058823529412,45.5696202531646,0.104452209125358
-117.563025210084,45.5696202531646,0.075608390598879
-117.067226890756,45.5696202531646,0.0509098207384507
-116.571428571429,45.5696202531646,0.0380603577907341
-116.075630252101,45.5696202531646,0.043042159202711
-115.579831932773,45.5696202531646,0.0652843437447668
-115.084033613445,45.5696202531646,0.0979200683892867
-114.588235294118,45.5696202531646,0.13353997667451
-114.09243697479,45.5696202531646,0.167986458188045
-113.596638655462,45.5696202531646,0.201460438409713
-113.100840336134,45.5696202531646,0.234862917232749
-112.605042016807,45.5696202531646,0.26806143314505
-112.109243697479,45.5696202531646,0.300011830976317
-111.613445378151,45.5696202531646,0.328417521405368
-111.117647058824,45.5696202531646,0.349872852351328
-110.621848739496,45.5696202531646,0.361605235786692
-110.126050420168,45.5696202531646,0.362383478233852
-109.63025210084,45.5696202531646,0.35527928516392
-109.134453781513,45.5696202531646,0.346464156699368
-108.638655462185,45.5696202531646,0.341314263375613
-108.142857142857,45.5696202531646,0.341639890533189
-107.647058823529,45.5696202531646,0.345601635893005
-107.151260504202,45.5696202531646,0.349116537125447
-106.655462184874,45.5696202531646,0.347743565651985
-106.159663865546,45.5696202531646,0.338794516096179
-105.663865546218,45.5696202531646,0.322937039084347
-105.168067226891,45.5696202531646,0.302874270999088
-104.672268907563,45.5696202531646,0.28162634888917
-104.176470588235,45.5696202531646,0.262567775779141
-103.680672268908,45.5696202531646,0.247944572733448
-103.18487394958,45.5696202531646,0.237070400980391
-102.689075630252,45.5696202531646,0.226618478403079
-102.193277310924,45.5696202531646,0.212327119888377
-101.697478991597,45.5696202531646,0.190020631791127
-101.201680672269,45.5696202531646,0.156774636443499
-100.705882352941,45.5696202531646,0.112766969726557
-100.210084033613,45.5696202531646,0.0611324902129944
-99.7142857142857,45.5696202531646,0.00604570535007672
-99.218487394958,45.5696202531646,-0.0483428011135955
-98.7226890756303,45.5696202531646,-0.0984588381424963
-98.2268907563025,45.5696202531646,-0.141800344646774
-97.7310924369748,45.5696202531646,-0.177448779378558
-97.2352941176471,45.5696202531646,-0.205693189459484
-96.7394957983193,45.5696202531646,-0.226854076119418
-96.2436974789916,45.5696202531646,-0.240755252592156
-95.7478991596639,45.5696202531646,-0.247138499732745
-95.2521008403361,45.5696202531646,-0.246773181537475
-94.7563025210084,45.5696202531646,-0.241474857392415
-94.2605042016807,45.5696202531646,-0.232939536485729
-93.7647058823529,45.5696202531646,-0.221893545267642
-93.2689075630252,45.5696202531646,-0.20575314052052
-92.7731092436975,45.5696202531646,-0.180393788705048
-92.2773109243697,45.5696202531646,-0.143747613010079
-91.781512605042,45.5696202531646,-0.0993969356140145
-91.2857142857143,45.5696202531646,-0.0569555341674821
-90.7899159663866,45.5696202531646,-0.0288987876633763
-90.2941176470588,45.5696202531646,-0.0252930470848946
-89.7983193277311,45.5696202531646,-0.0479561752484615
-89.3025210084034,45.5696202531646,-0.0917972736127027
-88.8067226890756,45.5696202531646,-0.145120396897795
-88.3109243697479,45.5696202531646,-0.192809517071993
-87.8151260504202,45.5696202531646,-0.221854763860647
-87.3193277310924,45.5696202531646,-0.226496856601924
-86.8235294117647,45.5696202531646,-0.211132268252263
-86.327731092437,45.5696202531646,-0.186338554898603
-85.8319327731092,45.5696202531646,-0.163304653934688
-85.3361344537815,45.5696202531646,-0.149720775928063
-84.8403361344538,45.5696202531646,-0.14740721222048
-84.344537815126,45.5696202531646,-0.152971584064981
-83.8487394957983,45.5696202531646,-0.161390850193203
-83.3529411764706,45.5696202531646,-0.169497386511523
-82.8571428571429,45.5696202531646,-0.176507653319886
-82.3613445378151,45.5696202531646,-0.183066490878714
-81.8655462184874,45.5696202531646,-0.190902010789798
-81.3697478991597,45.5696202531646,-0.202518657115764
-80.8739495798319,45.5696202531646,-0.220203113016126
-80.3781512605042,45.5696202531646,-0.244905388285391
-79.8823529411765,45.5696202531646,-0.275435812363483
-79.3865546218487,45.5696202531646,-0.308195452907139
-78.890756302521,45.5696202531646,-0.33755997034917
-78.3949579831933,45.5696202531646,-0.356898807906203
-77.8991596638655,45.5696202531646,-0.36000280917052
-77.4033613445378,45.5696202531646,-0.342576283516807
-76.9075630252101,45.5696202531646,-0.303592091170195
-76.4117647058823,45.5696202531646,-0.246534084891658
-75.9159663865546,45.5696202531646,-0.180437105149912
-75.4201680672269,45.5696202531646,-0.120002311560223
-74.9243697478992,45.5696202531646,-0.0829736167077764
-74.4285714285714,45.5696202531646,-0.0823047101770699
-73.9327731092437,45.5696202531646,-0.118142152986238
-73.436974789916,45.5696202531646,-0.178871673338013
-72.9411764705882,45.5696202531646,-0.249576479873889
-72.4453781512605,45.5696202531646,-0.316996468539978
-71.9495798319328,45.5696202531646,-0.371465439252198
-71.453781512605,45.5696202531646,-0.408296294399166
-70.9579831932773,45.5696202531646,-0.428295740183843
-70.4621848739496,45.5696202531646,-0.435458586836218
-69.9663865546218,45.5696202531646,-0.43468463205611
-69.4705882352941,45.5696202531646,-0.431295923550248
-68.9747899159664,45.5696202531646,-0.42448036490656
-68.4789915966387,45.5696202531646,-0.410643031308138
-67.9831932773109,45.5696202531646,-0.39090481060452
-67.4873949579832,45.5696202531646,-0.370691351515086
-66.9915966386555,45.5696202531646,-0.35283908750647
-66.4957983193277,45.5696202531646,-0.336637229991308
-66,45.5696202531646,-0.322594030358936
-125,45.8860759493671,-0.18989670961444
-124.504201680672,45.8860759493671,-0.0812717391786751
-124.008403361345,45.8860759493671,0.0343083110003575
-123.512605042017,45.8860759493671,0.150984746741456
-123.016806722689,45.8860759493671,0.250847717306429
-122.521008403361,45.8860759493671,0.311918768637509
-122.025210084034,45.8860759493671,0.326511493630013
-121.529411764706,45.8860759493671,0.30663974892056
-121.033613445378,45.8860759493671,0.271299752133768
-120.53781512605,45.8860759493671,0.237463534911834
-120.042016806723,45.8860759493671,0.213922873756393
-119.546218487395,45.8860759493671,0.200471408120002
-119.050420168067,45.8860759493671,0.190271915349979
-118.55462184874,45.8860759493671,0.174792511118268
-118.058823529412,45.8860759493671,0.150083434531362
-117.563025210084,45.8860759493671,0.119409849661312
-117.067226890756,45.8860759493671,0.0896922088381336
-116.571428571429,45.8860759493671,0.0703681102998044
-116.075630252101,45.8860759493671,0.069670984867602
-115.579831932773,45.8860759493671,0.0885867745529714
-115.084033613445,45.8860759493671,0.120669168099163
-114.588235294118,45.8860759493671,0.157612542331951
-114.09243697479,45.8860759493671,0.193575242544952
-113.596638655462,45.8860759493671,0.227314380083345
-113.100840336134,45.8860759493671,0.257957972824518
-112.605042016807,45.8860759493671,0.28548148012677
-112.109243697479,45.8860759493671,0.309906372665127
-111.613445378151,45.8860759493671,0.329776753597691
-111.117647058824,45.8860759493671,0.343149598714666
-110.621848739496,45.8860759493671,0.348656666150628
-110.126050420168,45.8860759493671,0.346163805011878
-109.63025210084,45.8860759493671,0.338716841051697
-109.134453781513,45.8860759493671,0.331846156456151
-108.638655462185,45.8860759493671,0.330334489394341
-108.142857142857,45.8860759493671,0.335448531995971
-107.647058823529,45.8860759493671,0.344429251123725
-107.151260504202,45.8860759493671,0.35282990317892
-106.655462184874,45.8860759493671,0.356407980091092
-106.159663865546,45.8860759493671,0.352735891394793
-105.663865546218,45.8860759493671,0.342922138087958
-105.168067226891,45.8860759493671,0.330294258689635
-104.672268907563,45.8860759493671,0.318237089246461
-104.176470588235,45.8860759493671,0.309646643709948
-103.680672268908,45.8860759493671,0.305593880032693
-103.18487394958,45.8860759493671,0.303928384652585
-102.689075630252,45.8860759493671,0.299910494215437
-102.193277310924,45.8860759493671,0.288114252360336
-101.697478991597,45.8860759493671,0.263865915278163
-101.201680672269,45.8860759493671,0.224563673662315
-100.705882352941,45.8860759493671,0.170982450751656
-100.210084033613,45.8860759493671,0.106888000483166
-99.7142857142857,45.8860759493671,0.0372753018625196
-99.218487394958,45.8860759493671,-0.0328553178399126
-98.7226890756303,45.8860759493671,-0.099083912082598
-98.2268907563025,45.8860759493671,-0.157867648349314
-97.7310924369748,45.8860759493671,-0.206664201356835
-97.2352941176471,45.8860759493671,-0.243930024404166
-96.7394957983193,45.8860759493671,-0.269518206344563
-96.2436974789916,45.8860759493671,-0.284137505316805
-95.7478991596639,45.8860759493671,-0.289002915755774
-95.2521008403361,45.8860759493671,-0.286420385342612
-94.7563025210084,45.8860759493671,-0.27892447574822
-94.2605042016807,45.8860759493671,-0.268008932069614
-93.7647058823529,45.8860759493671,-0.254383165542817
-93.2689075630252,45.8860759493671,-0.236497952929033
-92.7731092436975,45.8860759493671,-0.211160258371564
-92.2773109243697,45.8860759493671,-0.176663751805202
-91.781512605042,45.8860759493671,-0.136134752398606
-91.2857142857143,45.8860759493671,-0.097772597878218
-90.7899159663866,45.8860759493671,-0.0719280052574542
-90.2941176470588,45.8860759493671,-0.0667548355782763
-89.7983193277311,45.8860759493671,-0.0845865711765612
-89.3025210084034,45.8860759493671,-0.122041868221825
-88.8067226890756,45.8860759493671,-0.16950330358369
-88.3109243697479,45.8860759493671,-0.213699789386041
-87.8151260504202,45.8860759493671,-0.242854497863621
-87.3193277310924,45.8860759493671,-0.25134516393262
-86.8235294117647,45.8860759493671,-0.241852715951503
-86.327731092437,45.8860759493671,-0.222728683113966
-85.8319327731092,45.8860759493671,-0.203329454798546
-85.3361344537815,45.8860759493671,-0.190223787517662
-84.8403361344538,45.8860759493671,-0.185198287056818
-84.344537815126,45.8860759493671,-0.186047806288269
-83.8487394957983,45.8860759493671,-0.189527878436602
-83.3529411764706,45.8860759493671,-0.193703887817334
-82.8571428571429,45.8860759493671,-0.198052875034613
-82.3613445378151,45.8860759493671,-0.202996457881525
-81.8655462184874,45.8860759493671,-0.209704331176284
-81.3697478991597,45.8860759493671,-0.219810325357944
-80.8739495798319,45.8860759493671,-0.234705639972404
-80.3781512605042,45.8860759493671,-0.254694800820898
-79.8823529411765,45.8860759493671,-0.278373161840227
-79.3865546218487,45.8860759493671,-0.302441637447922
-78.890756302521,45.8860759493671,-0.322058567208012
-78.3949579831933,45.8860759493671,-0.331701598574305
-77.8991596638655,45.8860759493671,-0.326369388804584
-77.4033613445378,45.8860759493671,-0.302883062540733
-76.9075630252101,45.8860759493671,-0.261115989890736
-76.4117647058823,45.8860759493671,-0.205065909936931
-75.9159663865546,45.8860759493671,-0.143544191527608
-75.4201680672269,45.8860759493671,-0.0897779370275157
-74.9243697478992,45.8860759493671,-0.0585482878599182
-74.4285714285714,45.8860759493671,-0.0600708496969934
-73.9327731092437,45.8860759493671,-0.094454331415668
-73.436974789916,45.8860759493671,-0.152416927860498
-72.9411764705882,45.8860759493671,-0.220990935252583
-72.4453781512605,45.8860759493671,-0.287991599060318
-71.9495798319328,45.8860759493671,-0.344194810478894
-71.453781512605,45.8860759493671,-0.384541609675842
-70.9579831932773,45.8860759493671,-0.408336723516244
-70.4621848739496,45.8860759493671,-0.417743813884783
-69.9663865546218,45.8860759493671,-0.416302034618165
-69.4705882352941,45.8860759493671,-0.407479206300235
-68.9747899159664,45.8860759493671,-0.391091295888087
-68.4789915966387,45.8860759493671,-0.365616904784154
-67.9831932773109,45.8860759493671,-0.334107615346583
-67.4873949579832,45.8860759493671,-0.303437899935002
-66.9915966386555,45.8860759493671,-0.277890599470566
-66.4957983193277,45.8860759493671,-0.256978347085391
-66,45.8860759493671,-0.23995892205629
-125,46.2025316455696,-0.189421277810119
-124.504201680672,46.2025316455696,-0.0777917611679283
-124.008403361345,46.2025316455696,0.0431155867051146
-123.512605042017,46.2025316455696,0.166569347379995
-123.016806722689,46.2025316455696,0.272762949547413
-122.521008403361,46.2025316455696,0.337754162684078
-122.025210084034,46.2025316455696,0.35309228395406
-121.529411764706,46.2025316455696,0.331864393861669
-121.033613445378,46.2025316455696,0.295164215407084
-120.53781512605,46.2025316455696,0.261630768052325
-120.042016806723,46.2025316455696,0.240791514243379
-119.546218487395,46.2025316455696,0.231813019741111
-119.050420168067,46.2025316455696,0.226523546300949
-118.55462184874,46.2025316455696,0.215165701951577
-118.058823529412,46.2025316455696,0.19247996988641
-117.563025210084,46.2025316455696,0.16080310975276
-117.067226890756,46.2025316455696,0.126661165197571
-116.571428571429,46.2025316455696,0.101461079312916
-116.075630252101,46.2025316455696,0.09597986191946
-115.579831932773,46.2025316455696,0.112640585410131
-115.084033613445,46.2025316455696,0.145154616030872
-114.588235294118,46.2025316455696,0.184203245742432
-114.09243697479,46.2025316455696,0.22197428964669
-113.596638655462,46.2025316455696,0.254814125795728
-113.100840336134,46.2025316455696,0.280893873928977
-112.605042016807,46.2025316455696,0.300886807729278
-112.109243697479,46.2025316455696,0.316144518227199
-111.613445378151,46.2025316455696,0.326553721791061
-111.117647058824,46.2025316455696,0.331616694315968
-110.621848739496,46.2025316455696,0.331377840930081
-110.126050420168,46.2025316455696,0.326515650947602
-109.63025210084,46.2025316455696,0.319895208085229
-109.134453781513,46.2025316455696,0.316019941192065
-108.638655462185,46.2025316455696,0.318577618804967
-108.142857142857,46.2025316455696,0.328058498195945
-107.647058823529,46.2025316455696,0.341205898223078
-107.151260504202,46.2025316455696,0.353544135039472
-106.655462184874,46.2025316455696,0.361215809285915
-106.159663865546,46.2025316455696,0.362317670985881
-105.663865546218,46.2025316455696,0.358383892774026
-105.168067226891,46.2025316455696,0.353179412137908
-104.672268907563,46.2025316455696,0.350406285420205
-104.176470588235,46.2025316455696,0.352594465111072
-103.680672268908,46.2025316455696,0.359689710047257
-103.18487394958,46.2025316455696,0.368017495930316
-102.689075630252,46.2025316455696,0.371245497887818
-102.193277310924,46.2025316455696,0.362669753513945
-101.697478991597,46.2025316455696,0.337081072040676
-101.201680672269,46.2025316455696,0.292130677054811
-100.705882352941,46.2025316455696,0.229238249574119
-100.210084033613,46.2025316455696,0.152841083854735
-99.7142857142857,46.2025316455696,0.0688845524801174
-99.218487394958,46.2025316455696,-0.0166476772731302
-98.7226890756303,46.2025316455696,-0.0983563590174643
-98.2268907563025,46.2025316455696,-0.171579062894624
-97.7310924369748,46.2025316455696,-0.232306477827433
-97.2352941176471,46.2025316455696,-0.277413530099041
-96.7394957983193,46.2025316455696,-0.306144665196569
-96.2436974789916,46.2025316455696,-0.320407608255542
-95.7478991596639,46.2025316455696,-0.323490977023197
-95.2521008403361,46.2025316455696,-0.319340823129325
-94.7563025210084,46.2025316455696,-0.311141366012893
-94.2605042016807,46.2025316455696,-0.300344708647228
-93.7647058823529,46.2025316455696,-0.287501603515342
-93.2689075630252,46.2025316455696,-0.27142238194488
-92.7731092436975,46.2025316455696,-0.249210536559649
-92.2773109243697,46.2025316455696,-0.218982059501051
-91.781512605042,46.2025316455696,-0.183281555949042
-91.2857142857143,46.2025316455696,-0.149134847667678
-90.7899159663866,46.2025316455696,-0.125025148071783
-90.2941176470588,46.2025316455696,-0.117841539256692
-89.7983193277311,46.2025316455696,-0.13038407194571
-89.3025210084034,46.2025316455696,-0.160613933440126
-88.8067226890756,46.2025316455696,-0.200940798393837
-88.3109243697479,46.2025316455696,-0.240124942264376
-87.8151260504202,46.2025316455696,-0.267782750069936
-87.3193277310924,46.2025316455696,-0.278633670710368
-86.8235294117647,46.2025316455696,-0.273942095966824
-86.327731092437,46.2025316455696,-0.259882727632178
-85.8319327731092,46.2025316455696,-0.243982972765258
-85.3361344537815,46.2025316455696,-0.231733973460807
-84.8403361344538,46.2025316455696,-0.224721676482997
-84.344537815126,46.2025316455696,-0.221497024539984
-83.8487394957983,46.2025316455696,-0.220249777302065
-83.3529411764706,46.2025316455696,-0.220218108130366
-82.8571428571429,46.2025316455696,-0.221202712478332
-82.3613445378151,46.2025316455696,-0.22348634817434
-81.8655462184874,46.2025316455696,-0.227811048179365
-81.3697478991597,46.2025316455696,-0.235152639464212
-80.8739495798319,46.2025316455696,-0.246213119993257
-80.3781512605042,46.2025316455696,-0.260804753342835
-79.8823529411765,46.2025316455696,-0.277391900165007
-79.3865546218487,46.2025316455696,-0.292980493742597
-78.890756302521,46.2025316455696,-0.303441839144496
-78.3949579831933,46.2025316455696,-0.304247620746894
-77.8991596638655,46.2025316455696,-0.291488438122123
-77.4033613445378,46.2025316455696,-0.262995931394738
-76.9075630252101,46.2025316455696,-0.219407911306116
-76.4117647058823,46.2025316455696,-0.165024408650764
-75.9159663865546,46.2025316455696,-0.108163392938053
-75.4201680672269,46.2025316455696,-0.0603988360273606
-74.9243697478992,46.2025316455696,-0.0338238148245059
-74.4285714285714,46.2025316455696,-0.0364064397095173
-73.9327731092437,46.2025316455696,-0.0682080653550112
-73.436974789916,46.2025316455696,-0.121796004067952
-72.9411764705882,46.2025316455696,-0.186093852742843
-72.4453781512605,46.2025316455696,-0.250082239613752
-71.9495798319328,46.2025316455696,-0.30499576011912
-71.453781512605,46.2025316455696,-0.345448937423419
-70.9579831932773,46.2025316455696,-0.369575834353549
-70.4621848739496,46.2025316455696,-0.378103465528103
-69.9663865546218,46.2025316455696,-0.373227531848749
-69.4705882352941,46.2025316455696,-0.357216304441705
-68.9747899159664,46.2025316455696,-0.330813005629318
-68.4789915966387,46.2025316455696,-0.29496653365871
-67.9831932773109,46.2025316455696,-0.25453138059917
-67.4873949579832,46.2025316455696,-0.217209291371743
-66.9915966386555,46.2025316455696,-0.187542712065338
-66.4957983193277,46.2025316455696,-0.164637746252888
-66,46.2025316455696,-0.14675002793238
-125,46.5189873417722,-0.179808457978957
-124.504201680672,46.5189873417722,-0.0650968771330248
-124.008403361345,46.5189873417722,0.0604471897929406
-123.512605042017,46.5189873417722,0.188521232959971
-123.016806722689,46.5189873417722,0.297463989748426
-122.521008403361,46.5189873417722,0.362626507951582
-122.025210084034,46.5189873417722,0.375772030070116
-121.529411764706,46.5189873417722,0.35102722786755
-121.033613445378,46.5189873417722,0.31172136237167
-120.53781512605,46.5189873417722,0.277932408681448
-120.042016806723,46.5189873417722,0.259592455119936
-119.546218487395,46.5189873417722,0.255017099354714
-119.050420168067,46.5189873417722,0.2543933072413
-118.55462184874,46.5189873417722,0.246844855747932
-118.058823529412,46.5189873417722,0.22661337139877
-117.563025210084,46.5189873417722,0.194652318053936
-117.067226890756,46.5189873417722,0.156925411883271
-116.571428571429,46.5189873417722,0.127014526809892
-116.075630252101,46.5189873417722,0.118185047570934
-115.579831932773,46.5189873417722,0.134038490848462
-115.084033613445,46.5189873417722,0.168178227867946
-114.588235294118,46.5189873417722,0.210156466253618
-114.09243697479,46.5189873417722,0.249981416058774
-113.596638655462,46.5189873417722,0.281021874113156
-113.100840336134,46.5189873417722,0.301186870471717
-112.605042016807,46.5189873417722,0.31232018239451
-112.109243697479,46.5189873417722,0.317277915956242
-111.613445378151,46.5189873417722,0.317790481489423
-111.117647058824,46.5189873417722,0.314907100072846
-110.621848739496,46.5189873417722,0.309810407658481
-110.126050420168,46.5189873417722,0.30361953039846
-109.63025210084,46.5189873417722,0.298816632021435
-109.134453781513,46.5189873417722,0.298745494217966
-108.638655462185,46.5189873417722,0.305720728221011
-108.142857142857,46.5189873417722,0.31925570789409
-107.647058823529,46.5189873417722,0.335915912386905
-107.151260504202,46.5189873417722,0.35136259084681
-106.655462184874,46.5189873417722,0.362233601630527
-106.159663865546,46.5189873417722,0.367418251974739
-105.663865546218,46.5189873417722,0.368917467359438
-105.168067226891,46.5189873417722,0.370769076079625
-104.672268907563,46.5189873417722,0.37695508292227
-104.176470588235,46.5189873417722,0.38974577923215
-103.680672268908,46.5189873417722,0.408002422053987
-103.18487394958,46.5189873417722,0.426603754917549
-102.689075630252,46.5189873417722,0.437536616823632
-102.193277310924,46.5189873417722,0.432771828794574
-101.697478991597,46.5189873417722,0.406555931188898
-101.201680672269,46.5189873417722,0.356713542781903
-100.705882352941,46.5189873417722,0.285353170370831
-100.210084033613,46.5189873417722,0.197604712171738
-99.7142857142857,46.5189873417722,0.100383325204976
-99.218487394958,46.5189873417722,0.00066327926338465
-98.7226890756303,46.5189873417722,-0.0950762016650641
-98.2268907563025,46.5189873417722,-0.181046934576823
-97.7310924369748,46.5189873417722,-0.252066132911708
-97.2352941176471,46.5189873417722,-0.30378462300647
-96.7394957983193,46.5189873417722,-0.334901971614463
-96.2436974789916,46.5189873417722,-0.348633641192782
-95.7478991596639,46.5189873417722,-0.350511271994904
-95.2521008403361,46.5189873417722,-0.346023331098208
-94.7563025210084,46.5189873417722,-0.338826097207464
-94.2605042016807,46.5189873417722,-0.330355395313365
-93.7647058823529,46.5189873417722,-0.320922486901596
-93.2689075630252,46.5189873417722,-0.309287453242696
-92.7731092436975,46.5189873417722,-0.292418521925385
-92.2773109243697,46.5189873417722,-0.267895400007107
-91.781512605042,46.5189873417722,-0.237590620140393
-91.2857142857143,46.5189873417722,-0.207591720364683
-90.7899159663866,46.5189873417722,-0.184950304880798
-90.2941176470588,46.5189873417722,-0.175724321978379
-89.7983193277311,46.5189873417722,-0.183110011227518
-89.3025210084034,46.5189873417722,-0.206042546405252
-88.8067226890756,46.5189873417722,-0.238691572601625
-88.3109243697479,46.5189873417722,-0.27189200771247
-87.8151260504202,46.5189873417722,-0.296785994230084
-87.3193277310924,46.5189873417722,-0.308490800090962
-86.8235294117647,46.5189873417722,-0.307168060879732
-86.327731092437,46.5189873417722,-0.297099525691643
-85.8319327731092,46.5189873417722,-0.284081164311205
-85.3361344537815,46.5189873417722,-0.272552294190869
-84.8403361344538,46.5189873417722,-0.263886932412874
-84.344537815126,46.5189873417722,-0.257218301009226
-83.8487394957983,46.5189873417722,-0.251776321840133
-83.3529411764706,46.5189873417722,-0.247626866308867
-82.8571428571429,46.5189873417722,-0.244893493753567
-82.3613445378151,46.5189873417722,-0.243820185762056
-81.8655462184874,46.5189873417722,-0.244855033585584
-81.3697478991597,46.5189873417722,-0.248500982532337
-80.8739495798319,46.5189873417722,-0.2549597229342
-80.3781512605042,46.5189873417722,-0.263697757210778
-79.8823529411765,46.5189873417722,-0.2731290674361
-79.3865546218487,46.5189873417722,-0.280569859297777
-78.890756302521,46.5189873417722,-0.282539614904248
-78.3949579831933,46.5189873417722,-0.275391983243427
-77.8991596638655,46.5189873417722,-0.256177716723566
-77.4033613445378,46.5189873417722,-0.223595160130422
-76.9075630252101,46.5189873417722,-0.178872790060054
-76.4117647058823,46.5189873417722,-0.126399879745133
-75.9159663865546,46.5189873417722,-0.073806138448988
-75.4201680672269,46.5189873417722,-0.0310125770313654
-74.9243697478992,46.5189873417722,-0.00781290958363199
-74.4285714285714,46.5189873417722,-0.0103948230931107
-73.9327731092437,46.5189873417722,-0.0387288639458956
-73.436974789916,46.5189873417722,-0.0867842527584207
-72.9411764705882,46.5189873417722,-0.145157088228801
-72.4453781512605,46.5189873417722,-0.204001916779849
-71.9495798319328,46.5189873417722,-0.255061701349124
-71.453781512605,46.5189873417722,-0.292746101212586
-70.9579831932773,46.5189873417722,-0.31433529011751
-70.4621848739496,46.5189873417722,-0.319433052005818
-69.9663865546218,46.5189873417722,-0.309135416165864
-69.4705882352941,46.5189873417722,-0.285080435532217
-68.9747899159664,46.5189873417722,-0.24900255075153
-68.4789915966387,46.5189873417722,-0.20419114920643
-67.9831932773109,46.5189873417722,-0.157175600199925
-67.4873949579832,46.5189873417722,-0.116086526125576
-66.9915966386555,46.5189873417722,-0.0851347333323156
-66.4957983193277,46.5189873417722,-0.0622481019080686
-66,46.5189873417722,-0.044945858469012
-125,46.8354430379747,-0.161142480994637
-124.504201680672,46.8354430379747,-0.0435433441373615
-124.008403361345,46.8354430379747,0.085262156302238
-123.512605042017,46.8354430379747,0.215134814194285
-123.016806722689,46.8354430379747,0.322873237545924
-122.521008403361,46.8354430379747,0.384351504316662
-122.025210084034,46.8354430379747,0.392616122029005
-121.529411764706,46.8354430379747,0.362864673642666
-121.033613445378,46.8354430379747,0.319889068259259
-120.53781512605,46.8354430379747,0.285003430827376
-120.042016806723,46.8354430379747,0.268417295033711
-119.546218487395,46.8354430379747,0.267537324195023
-119.050420168067,46.8354430379747,0.270792876927702
-118.55462184874,46.8354430379747,0.266314716949543
-118.058823529412,46.8354430379747,0.248341748623494
-117.563025210084,46.8354430379747,0.216296320634647
-117.067226890756,46.8354430379747,0.17610875537159
-116.571428571429,46.8354430379747,0.143276859517396
-116.075630252101,46.8354430379747,0.132971791417438
-115.579831932773,46.8354430379747,0.149554168732185
-115.084033613445,46.8354430379747,0.18631238203341
-114.588235294118,46.8354430379747,0.231599653747628
-114.09243697479,46.8354430379747,0.273289906455714
-113.596638655462,46.8354430379747,0.301917568476976
-113.100840336134,46.8354430379747,0.315400299603969
-112.605042016807,46.8354430379747,0.31707512532972
-112.109243697479,46.8354430379747,0.31152180483292
-111.613445378151,46.8354430379747,0.302460266248573
-111.117647058824,46.8354430379747,0.292604838666543
-110.621848739496,46.8354430379747,0.283849406776389
-110.126050420168,46.8354430379747,0.277481396040729
-109.63025210084,46.8354430379747,0.275338262954231
-109.134453781513,46.8354430379747,0.279571807412191
-108.638655462185,46.8354430379747,0.291148905905321
-108.142857142857,46.8354430379747,0.30863449133892
-107.647058823529,46.8354430379747,0.328416715987275
-107.151260504202,46.8354430379747,0.34636716334501
-106.655462184874,46.8354430379747,0.359713814422538
-106.159663865546,46.8354430379747,0.368205069415454
-105.663865546218,46.8354430379747,0.374404341486046
-105.168067226891,46.8354430379747,0.382634168151112
-104.672268907563,46.8354430379747,0.397078479839363
-104.176470588235,46.8354430379747,0.419800923073298
-103.680672268908,46.8354430379747,0.448655195406805
-103.18487394958,46.8354430379747,0.477199726552277
-102.689075630252,46.8354430379747,0.49584042171818
-102.193277310924,46.8354430379747,0.495217585204289
-101.697478991597,46.8354430379747,0.469088084256452
-101.201680672269,46.8354430379747,0.415475731206445
-100.705882352941,46.8354430379747,0.337106568811742
-100.210084033613,46.8354430379747,0.239792638353177
-99.7142857142857,46.8354430379747,0.131197154221807
-99.218487394958,46.8354430379747,0.0191920217448175
-98.7226890756303,46.8354430379747,-0.088535357394643
-98.2268907563025,46.8354430379747,-0.185075344985099
-97.7310924369748,46.8354430379747,-0.264440269465432
-97.2352941176471,46.8354430379747,-0.32154078357334
-96.7394957983193,46.8354430379747,-0.354921841272151
-96.2436974789916,46.8354430379747,-0.3689191617223
-95.7478991596639,46.8354430379747,-0.37094539606818
-95.2521008403361,46.8354430379747,-0.367743188981511
-94.7563025210084,46.8354430379747,-0.363306316887366
-94.2605042016807,46.8354430379747,-0.358953284951994
-93.7647058823529,46.8354430379747,-0.354651726243973
-93.2689075630252,46.8354430379747,-0.349011083182206
-92.7731092436975,46.8354430379747,-0.338672156620371
-92.2773109243697,46.8354430379747,-0.320608325939023
-91.781512605042,46.8354430379747,-0.295903121576785
-91.2857142857143,46.8354430379747,-0.269799702506622
-90.7899159663866,46.8354430379747,-0.248541116601469
-90.2941176470588,46.8354430379747,-0.237542068794687
-89.7983193277311,46.8354430379747,-0.240285874771965
-89.3025210084034,46.8354430379747,-0.256404953685908
-88.8067226890756,46.8354430379747,-0.281495991228642
-88.3109243697479,46.8354430379747,-0.308324743225867
-87.8151260504202,46.8354430379747,-0.329583680510881
-87.3193277310924,46.8354430379747,-0.340772268456215
-86.8235294117647,46.8354430379747,-0.341299725820367
-86.327731092437,46.8354430379747,-0.33393440263362
-85.8319327731092,46.8354430379747,-0.322903944728352
-85.3361344537815,46.8354430379747,-0.311630152276394
-84.8403361344538,46.8354430379747,-0.301345849703411
-84.344537815126,46.8354430379747,-0.29175799143568
-83.8487394957983,46.8354430379747,-0.282746973255393
-83.3529411764706,46.8354430379747,-0.27476449946384
-82.8571428571429,46.8354430379747,-0.268207901195422
-82.3613445378151,46.8354430379747,-0.263361784519962
-81.8655462184874,46.8354430379747,-0.260500538612558
-81.3697478991597,46.8354430379747,-0.25981102062262
-80.8739495798319,46.8354430379747,-0.261157307841981
-80.3781512605042,46.8354430379747,-0.263790037484317
-79.8823529411765,46.8354430379747,-0.266144565832633
-79.3865546218487,46.8354430379747,-0.265850364560404
-78.890756302521,46.8354430379747,-0.260013072141139
-78.3949579831933,46.8354430379747,-0.245757678573564
-77.8991596638655,46.8354430379747,-0.220955297968259
-77.4033613445378,46.8354430379747,-0.185011401562835
-76.9075630252101,46.8354430379747,-0.139566477486308
-76.4117647058823,46.8354430379747,-0.0889201694554958
-75.9159663865546,46.8354430379747,-0.0399110914349398
-75.4201680672269,46.8354430379747,-0.000920487558368128
-74.9243697478992,46.8354430379747,0.0201688156489764
-74.4285714285714,46.8354430379747,0.0185717211255723
-73.9327731092437,46.8354430379747,-0.00556136683936526
-73.436974789916,46.8354430379747,-0.0472468160493403
-72.9411764705882,46.8354430379747,-0.0984901464072571
-72.4453781512605,46.8354430379747,-0.150558642125346
-71.9495798319328,46.8354430379747,-0.195754805378643
-71.453781512605,46.8354430379747,-0.228439991660915
-70.9579831932773,46.8354430379747,-0.245331529040672
-70.4621848739496,46.8354430379747,-0.245226559923746
-69.9663865546218,46.8354430379747,-0.228465886254504
-69.4705882352941,46.8354430379747,-0.196445271391133
-68.9747899159664,46.8354430379747,-0.151818028332636
-68.4789915966387,46.8354430379747,-0.099817762046575
-67.9831932773109,46.8354430379747,-0.048328896461148
-67.4873949579832,46.8354430379747,-0.00546754844269348
-66.9915966386555,46.8354430379747,0.025235311381111
-66.4957983193277,46.8354430379747,0.0471623497048503
-66,46.8354430379747,0.0631929841127311
-125,47.1518987341772,-0.134176456425652
-124.504201680672,47.1518987341772,-0.0136404048747964
-124.008403361345,47.1518987341772,0.116675035742799
-123.512605042017,47.1518987341772,0.244871123330343
-123.016806722689,47.1518987341772,0.347407328708383
-122.521008403361,47.1518987341772,0.401846063831038
-122.025210084034,47.1518987341772,0.403196660370126
-121.529411764706,47.1518987341772,0.367420271841433
-121.033613445378,47.1518987341772,0.320006606569317
-120.53781512605,47.1518987341772,0.282960733858804
-120.042016806723,47.1518987341772,0.26674510738404
-119.546218487395,47.1518987341772,0.26795231876223
-119.050420168067,47.1518987341772,0.273663927195289
-118.55462184874,47.1518987341772,0.271288058204757
-118.058823529412,47.1518987341772,0.254858102950412
-117.563025210084,47.1518987341772,0.222607927402192
-117.067226890756,47.1518987341772,0.18131664365466
-116.571428571429,47.1518987341772,0.147773099761312
-116.075630252101,47.1518987341772,0.138031408320514
-115.579831932773,47.1518987341772,0.1566414687811
-115.084033613445,47.1518987341772,0.196462184055771
-114.588235294118,47.1518987341772,0.244737473193344
-114.09243697479,47.1518987341772,0.287530909185506
-113.596638655462,47.1518987341772,0.313335680779252
-113.100840336134,47.1518987341772,0.320024813388562
-112.605042016807,47.1518987341772,0.312509885155388
-112.109243697479,47.1518987341772,0.297259344950133
-111.613445378151,47.1518987341772,0.279869448711381
-111.117647058824,47.1518987341772,0.264533228060274
-110.621848739496,47.1518987341772,0.253599904433618
-110.126050420168,47.1518987341772,0.248190578443436
-109.63025210084,47.1518987341772,0.249383236402439
-109.134453781513,47.1518987341772,0.258191002103161
-108.638655462185,47.1518987341772,0.274406209991674
-108.142857142857,47.1518987341772,0.295794386048201
-107.647058823529,47.1518987341772,0.318505184265863
-107.151260504202,47.1518987341772,0.338568209226611
-106.655462184874,47.1518987341772,0.353816996271784
-106.159663865546,47.1518987341772,0.364868335909663
-105.663865546218,47.1518987341772,0.374925464837949
-105.168067226891,47.1518987341772,0.388680273499412
-104.672268907563,47.1518987341772,0.410447482365813
-104.176470588235,47.1518987341772,0.441957195567607
-103.680672268908,47.1518987341772,0.480299777235032
-103.18487394958,47.1518987341772,0.517839541796078
-102.689075630252,47.1518987341772,0.543627895424965
-102.193277310924,47.1518987341772,0.547057800052503
-101.697478991597,47.1518987341772,0.521573036370179
-101.201680672269,47.1518987341772,0.465779320269707
-100.705882352941,47.1518987341772,0.382475851106234
-100.210084033613,47.1518987341772,0.278147622138569
-99.7142857142857,47.1518987341772,0.160710158327842
-99.218487394958,47.1518987341772,0.0388051591185652
-98.7226890756303,47.1518987341772,-0.0785328089085515
-98.2268907563025,47.1518987341772,-0.183284167339608
-97.7310924369748,47.1518987341772,-0.269010642718448
-97.2352941176471,47.1518987341772,-0.330605476211742
-96.7394957983193,47.1518987341772,-0.36673310688812
-96.2436974789916,47.1518987341772,-0.382437231229161
-95.7478991596639,47.1518987341772,-0.386388592350539
-95.2521008403361,47.1518987341772,-0.386161154198273
-94.7563025210084,47.1518987341772,-0.385962815773063
-94.2605042016807,47.1518987341772,-0.387040299283708
-93.7647058823529,47.1518987341772,-0.388768872679161
-93.2689075630252,47.1518987341772,-0.38962120152428
-92.7731092436975,47.1518987341772,-0.386081567999584
-92.2773109243697,47.1518987341772,-0.374670616682198
-91.781512605042,47.1518987341772,-0.355558218300098
-91.2857142857143,47.1518987341772,-0.333116670201245
-90.7899159663866,47.1518987341772,-0.313151235693306
-90.2941176470588,47.1518987341772,-0.300864779335818
-89.7983193277311,47.1518987341772,-0.299667931516157
-89.3025210084034,47.1518987341772,-0.309739967827049
-88.8067226890756,47.1518987341772,-0.32783824309313
-88.3109243697479,47.1518987341772,-0.348380722552644
-87.8151260504202,47.1518987341772,-0.365477039845488
-87.3193277310924,47.1518987341772,-0.375060969481668
-86.8235294117647,47.1518987341772,-0.376068643964694
-86.327731092437,47.1518987341772,-0.370109505666443
-85.8319327731092,47.1518987341772,-0.360098180478576
-85.3361344537815,47.1518987341772,-0.348563583774629
-84.8403361344538,47.1518987341772,-0.336635280126826
-84.344537815126,47.1518987341772,-0.324466727083601
-83.8487394957983,47.1518987341772,-0.312311653082159
-83.3529411764706,47.1518987341772,-0.300780406410414
-82.8571428571429,47.1518987341772,-0.2904257694513
-82.3613445378151,47.1518987341772,-0.281593066446916
-81.8655462184874,47.1518987341772,-0.274469341696055
-81.3697478991597,47.1518987341772,-0.269049233294804
-80.8739495798319,47.1518987341772,-0.264991558081709
-80.3781512605042,47.1518987341772,-0.261438951628658
-79.8823529411765,47.1518987341772,-0.256907054020489
-79.3865546218487,47.1518987341772,-0.249337049284967
-78.890756302521,47.1518987341772,-0.23636021520823
-78.3949579831933,47.1518987341772,-0.21576528764848
-77.8991596638655,47.1518987341772,-0.186104684418097
-77.4033613445378,47.1518987341772,-0.14733351387213
-76.9075630252101,47.1518987341772,-0.101342906908624
-76.4117647058823,47.1518987341772,-0.052212255861337
-75.9159663865546,47.1518987341772,-0.00596236674342408
-75.4201680672269,47.1518987341772,0.030399535454337
-74.9243697478992,47.1518987341772,0.0505571176541645
-74.4285714285714,47.1518987341772,0.0508338140079144
-73.9327731092437,47.1518987341772,0.0315119695478065
-73.436974789916,47.1518987341772,-0.00320819493388633
-72.9411764705882,47.1518987341772,-0.0464948666839013
-72.4453781512605,47.1518987341772,-0.0906322624445241
-71.9495798319328,47.1518987341772,-0.12852099077594
-71.453781512605,47.1518987341772,-0.154631820417858
-70.9579831932773,47.1518987341772,-0.165385986181069
-70.4621848739496,47.1518987341772,-0.159090839581989
-69.9663865546218,47.1518987341772,-0.135678059332226
-69.4705882352941,47.1518987341772,-0.0965693695328983
-68.9747899159664,47.1518987341772,-0.045164486243157
-68.4789915966387,47.1518987341772,0.0118955839419084
-67.9831932773109,47.1518987341772,0.0658602097180009
-67.4873949579832,47.1518987341772,0.109174568264096
-66.9915966386555,47.1518987341772,0.139614938998561
-66.4957983193277,47.1518987341772,0.160679620609781
-66,47.1518987341772,0.175441530226889
-125,47.4683544303797,-0.100784218866683
-124.504201680672,47.4683544303797,0.0224300163892253
-124.008403361345,47.4683544303797,0.152146029139252
-123.512605042017,47.4683544303797,0.275507124359376
-123.016806722689,47.4683544303797,0.369853947697618
-122.521008403361,47.4683544303797,0.415084611299451
-122.025210084034,47.4683544303797,0.408226982173075
-121.529411764706,47.4683544303797,0.365945033049132
-121.033613445378,47.4683544303797,0.313696001529916
-120.53781512605,47.4683544303797,0.273390227786143
-120.042016806723,47.4683544303797,0.255576945910529
-119.546218487395,47.4683544303797,0.256409291851659
-119.050420168067,47.4683544303797,0.26249297335783
-118.55462184874,47.4683544303797,0.260940275910638
-118.058823529412,47.4683544303797,0.244931012133579
-117.563025210084,47.4683544303797,0.212664725496353
-117.067226890756,47.4683544303797,0.17190809143215
-116.571428571429,47.4683544303797,0.139926841503485
-116.075630252101,47.4683544303797,0.13254154635603
-115.579831932773,47.4683544303797,0.153866560737786
-115.084033613445,47.4683544303797,0.196365151053682
-114.588235294118,47.4683544303797,0.246616667616913
-114.09243697479,47.4683544303797,0.289348852116467
-113.596638655462,47.4683544303797,0.3120353587151
-113.100840336134,47.4683544303797,0.312548612859411
-112.605042016807,47.4683544303797,0.297029068853768
-112.109243697479,47.4683544303797,0.27367926142305
-111.613445378151,47.4683544303797,0.249841780279702
-111.117647058824,47.4683544303797,0.230954648434321
-110.621848739496,47.4683544303797,0.219475525196722
-110.126050420168,47.4683544303797,0.216035825571582
-109.63025210084,47.4683544303797,0.221012696573155
-109.134453781513,47.4683544303797,0.234448986264825
-108.638655462185,47.4683544303797,0.255177038061132
-108.142857142857,47.4683544303797,0.280376447144626
-107.647058823529,47.4683544303797,0.305926281189323
-107.151260504202,47.4683544303797,0.327873988130755
-106.655462184874,47.4683544303797,0.344605579633199
-106.159663865546,47.4683544303797,0.357591153374402
-105.663865546218,47.4683544303797,0.370713165630524
-105.168067226891,47.4683544303797,0.389101398670064
-104.672268907563,47.4683544303797,0.417129892350725
-104.176470588235,47.4683544303797,0.456000162903707
-103.680672268908,47.4683544303797,0.502303907621102
-103.18487394958,47.4683544303797,0.547380142842722
-102.689075630252,47.4683544303797,0.579175871080213
-102.193277310924,47.4683544303797,0.586218811262149
-101.697478991597,47.4683544303797,0.561943087015963
-101.201680672269,47.4683544303797,0.505603269406452
-100.705882352941,47.4683544303797,0.420025947500613
-100.210084033613,47.4683544303797,0.311646626299348
-99.7142857142857,47.4683544303797,0.188303528829114
-99.218487394958,47.4683544303797,0.0591960449706883
-98.7226890756303,47.4683544303797,-0.0652849781552614
-98.2268907563025,47.4683544303797,-0.176098184955262
-97.7310924369748,47.4683544303797,-0.266758417622191
-97.2352941176471,47.4683544303797,-0.332362857992872
-96.7394957983193,47.4683544303797,-0.371992355834444
-96.2436974789916,47.4683544303797,-0.391050074212822
-95.7478991596639,47.4683544303797,-0.398763171590884
-95.2521008403361,47.4683544303797,-0.403006231897339
-94.7563025210084,47.4683544303797,-0.408042608592775
-94.2605042016807,47.4683544303797,-0.415109895954162
-93.7647058823529,47.4683544303797,-0.423085085329414
-93.2689075630252,47.4683544303797,-0.430185926632638
-92.7731092436975,47.4683544303797,-0.433030676747827
-92.2773109243697,47.4683544303797,-0.428044729295672
-91.781512605042,47.4683544303797,-0.41441249400238
-91.2857142857143,47.4683544303797,-0.39547760810912
-90.7899159663866,47.4683544303797,-0.376912403552027
-90.2941176470588,47.4683544303797,-0.363814357851943
-89.7983193277311,47.4683544303797,-0.359442366597544
-89.3025210084034,47.4683544303797,-0.364347247160901
-88.8067226890756,47.4683544303797,-0.376240946882494
-88.3109243697479,47.4683544303797,-0.3908804386925
-87.8151260504202,47.4683544303797,-0.403570812823384
-87.3193277310924,47.4683544303797,-0.410763151804586
-86.8235294117647,47.4683544303797,-0.411127779280813
-86.327731092437,47.4683544303797,-0.405420992047605
-85.8319327731092,47.4683544303797,-0.39552944369045
-85.3361344537815,47.4683544303797,-0.383261698491475
-84.8403361344538,47.4683544303797,-0.369627024610372
-84.344537815126,47.4683544303797,-0.355048141130351
-83.8487394957983,47.4683544303797,-0.339986469260108
-83.3529411764706,47.4683544303797,-0.325109351435789
-82.8571428571429,47.4683544303797,-0.311027307694575
-82.3613445378151,47.4683544303797,-0.298125284798879
-81.8655462184874,47.4683544303797,-0.286552079058322
-81.3697478991597,47.4683544303797,-0.276199754875882
-80.8739495798319,47.4683544303797,-0.26662316927372
-80.3781512605042,47.4683544303797,-0.25694090288278
-79.8823529411765,47.4683544303797,-0.245792963756084
-79.3865546218487,47.4683544303797,-0.231424778514669
-78.890756302521,47.4683544303797,-0.211933964586752
-78.3949579831933,47.4683544303797,-0.185670855628044
-77.8991596638655,47.4683544303797,-0.151738241663067
-77.4033613445378,47.4683544303797,-0.110497554008577
-76.9075630252101,47.4683544303797,-0.0639575765555731
-76.4117647058823,47.4683544303797,-0.0158941113958441
-75.9159663865546,47.4683544303797,0.0284646622788776
-75.4201680672269,47.4683544303797,0.0633055797764377
-74.9243697478992,47.4683544303797,0.0835885035066449
-74.4285714285714,47.4683544303797,0.0865166130227462
-73.9327731092437,47.4683544303797,0.0724998002294397
-73.436974789916,47.4683544303797,0.0451440881984816
-72.9411764705882,47.4683544303797,0.0103261010605927
-72.4453781512605,47.4683544303797,-0.0251519355453063
-71.9495798319328,47.4683544303797,-0.0548116109053461
-71.453781512605,47.4683544303797,-0.0733725383813703
-70.9579831932773,47.4683544303797,-0.077194351138548
-70.4621848739496,47.4683544303797,-0.064381187286234
-69.9663865546218,47.4683544303797,-0.0347494871180492
-69.4705882352941,47.4683544303797,0.0100634145780211
-68.9747899159664,47.4683544303797,0.0660326803409824
-68.4789915966387,47.4683544303797,0.125903231844867
-67.9831932773109,47.4683544303797,0.180883291877833
-67.4873949579832,47.4683544303797,0.224381470486849
-66.9915966386555,47.4683544303797,0.255132567414629
-66.4957983193277,47.4683544303797,0.275941919208513
-66,47.4683544303797,0.289863881766636
-125,47.7848101265823,-0.0638067712434803
-124.504201680672,47.7848101265823,0.0608259949360606
-124.008403361345,47.7848101265823,0.188047822603369
-123.512605042017,47.7848101265823,0.304512227726752
-123.016806722689,47.7848101265823,0.389100946913308
-122.521008403361,47.7848101265823,0.424249322715775
-122.025210084034,47.7848101265823,0.408953733199277
-121.529411764706,47.7848101265823,0.360324088948606
-121.033613445378,47.7848101265823,0.303147334007574
-120.53781512605,47.7848101265823,0.25857252629345
-120.042016806723,47.7848101265823,0.237043585717117
-119.546218487395,47.7848101265823,0.234880327930073
-119.050420168067,47.7848101265823,0.238968829302465
-118.55462184874,47.7848101265823,0.236436579656804
-118.058823529412,47.7848101265823,0.219781492306144
-117.563025210084,47.7848101265823,0.18798570475611
-117.067226890756,47.7848101265823,0.149526849603164
-116.571428571429,47.7848101265823,0.121052344162238
-116.075630252101,47.7848101265823,0.117157166495456
-115.579831932773,47.7848101265823,0.141060366578219
-115.084033613445,47.7848101265823,0.184957433876129
-114.588235294118,47.7848101265823,0.235549113862448
-114.09243697479,47.7848101265823,0.277107130438265
-113.596638655462,47.7848101265823,0.296712247695841
-113.100840336134,47.7848101265823,0.292274281103452
-112.605042016807,47.7848101265823,0.270552149846703
-112.109243697479,47.7848101265823,0.241160168527019
-111.613445378151,47.7848101265823,0.213107434896418
-111.117647058824,47.7848101265823,0.192792200612337
-110.621848739496,47.7848101265823,0.182259741251975
-110.126050420168,47.7848101265823,0.181508599430664
-109.63025210084,47.7848101265823,0.190424305019784
-109.134453781513,47.7848101265823,0.208306431220796
-108.638655462185,47.7848101265823,0.233241739747447
-108.142857142857,47.7848101265823,0.262033784062429
-107.647058823529,47.7848101265823,0.290348276115579
-107.151260504202,47.7848101265823,0.314077948985279
-106.655462184874,47.7848101265823,0.332078006217869
-106.159663865546,47.7848101265823,0.346601365595583
-105.663865546218,47.7848101265823,0.362179302567722
-105.168067226891,47.7848101265823,0.384383434262338
-104.672268907563,47.7848101265823,0.417587062825268
-104.176470588235,47.7848101265823,0.462378344308522
-103.680672268908,47.7848101265823,0.514851711209806
-103.18487394958,47.7848101265823,0.565557721209535
-102.689075630252,47.7848101265823,0.60197251990699
-102.193277310924,47.7848101265823,0.612229025858233
-101.697478991597,47.7848101265823,0.589773107317984
-101.201680672269,47.7848101265823,0.534375995434829
-100.705882352941,47.7848101265823,0.449021998729008
-100.210084033613,47.7848101265823,0.339557465537262
-99.7142857142857,47.7848101265823,0.213376826476638
-99.218487394958,47.7848101265823,0.0799689804840626
-98.7226890756303,47.7848101265823,-0.0492350313516965
-98.2268907563025,47.7848101265823,-0.164392986516088
-97.7310924369748,47.7848101265823,-0.25908326242314
-97.2352941176471,47.7848101265823,-0.328618116745657
-96.7394957983193,47.7848101265823,-0.372611740041667
-96.2436974789916,47.7848101265823,-0.396674494728726
-95.7478991596639,47.7848101265823,-0.409821480886396
-95.2521008403361,47.7848101265823,-0.419690901823083
-94.7563025210084,47.7848101265823,-0.430427844476595
-94.2605042016807,47.7848101265823,-0.443270553795265
-93.7647058823529,47.7848101265823,-0.457080858384899
-93.2689075630252,47.7848101265823,-0.469814987001567
-92.7731092436975,47.7848101265823,-0.4782903813265
-92.2773109243697,47.7848101265823,-0.479147305159903
-91.781512605042,47.7848101265823,-0.470708189061996
-91.2857142857143,47.7848101265823,-0.455206452473775
-90.7899159663866,47.7848101265823,-0.438321721630691
-90.2941176470588,47.7848101265823,-0.424941290268337
-89.7983193277311,47.7848101265823,-0.418166041783211
-89.3025210084034,47.7848101265823,-0.418811714677171
-88.8067226890756,47.7848101265823,-0.425359350002502
-88.3109243697479,47.7848101265823,-0.434629079557882
-87.8151260504202,47.7848101265823,-0.442912318973332
-87.3193277310924,47.7848101265823,-0.447204574544732
-86.8235294117647,47.7848101265823,-0.446073130679181
-86.327731092437,47.7848101265823,-0.439679060587864
-85.8319327731092,47.7848101265823,-0.42914525576504
-85.3361344537815,47.7848101265823,-0.415721944767034
-84.8403361344538,47.7848101265823,-0.400272669437327
-84.344537815126,47.7848101265823,-0.38334316774708
-83.8487394957983,47.7848101265823,-0.365494597410182
-83.3529411764706,47.7848101265823,-0.347398324022109
-82.8571428571429,47.7848101265823,-0.329664926001512
-82.3613445378151,47.7848101265823,-0.312690314449012
-81.8655462184874,47.7848101265823,-0.296607908752883
-81.3697478991597,47.7848101265823,-0.281266928041454
-80.8739495798319,47.7848101265823,-0.266190946654286
-80.3781512605042,47.7848101265823,-0.250535344298436
-79.8823529411765,47.7848101265823,-0.233093652361842
-79.3865546218487,47.7848101265823,-0.212401910347694
-78.890756302521,47.7848101265823,-0.186966407106778
-78.3949579831933,47.7848101265823,-0.155604668039784
-77.8991596638655,47.7848101265823,-0.117852122162591
-77.4033613445378,47.7848101265823,-0.0743538516796778
-76.9075630252101,47.7848101265823,-0.0271344664698634
-76.4117647058823,47.7848101265823,0.0203779280087736
-75.9159663865546,47.7848101265823,0.0636919739219162
-75.4201680672269,47.7848101265823,0.0980148054475602
-74.9243697478992,47.7848101265823,0.119342844524865
-74.4285714285714,47.7848101265823,0.125578854494286
-73.9327731092437,47.7848101265823,0.117245357088185
-73.436974789916,47.7848101265823,0.0974867309281943
-72.9411764705882,47.7848101265823,0.0713891223273451
-72.4453781512605,47.7848101265823,0.0449379375504055
-71.9495798319328,47.7848101265823,0.0239824447982343
-71.453781512605,47.7848101265823,0.0134433520317194
-70.9579831932773,47.7848101265823,0.0168323367055188
-70.4621848739496,47.7848101265823,0.0360203724266349
-69.9663865546218,47.7848101265823,0.071100157798069
-69.4705882352941,47.7848101265823,0.120140421073414
-68.9747899159664,47.7848101265823,0.178700135149615
-68.4789915966387,47.7848101265823,0.239620707007788
-67.9831932773109,47.7848101265823,0.294836121771777
-67.4873949579832,47.7848101265823,0.338720179541793
-66.9915966386555,47.7848101265823,0.370158425187985
-66.4957983193277,47.7848101265823,0.391302948367365
-66,47.7848101265823,0.404944303939793
-125,48.1012658227848,-0.0262123058575624
-124.504201680672,48.1012658227848,0.0981973660196743
-124.008403361345,48.1012658227848,0.221316683695853
-123.512605042017,48.1012658227848,0.329713213992417
-123.016806722689,48.1012658227848,0.404043461535274
-122.521008403361,48.1012658227848,0.429260282642007
-122.025210084034,48.1012658227848,0.406138397643192
-121.529411764706,48.1012658227848,0.352007303335558
-121.033613445378,48.1012658227848,0.290342176327943
-120.53781512605,48.1012658227848,0.240624653514319
-120.042016806723,48.1012658227848,0.213679250427798
-119.546218487395,48.1012658227848,0.206234917842046
-119.050420168067,48.1012658227848,0.205905405920545
-118.55462184874,48.1012658227848,0.200522139359875
-118.058823529412,48.1012658227848,0.182558811403092
-117.563025210084,48.1012658227848,0.152061525101795
-117.067226890756,48.1012658227848,0.117482138972391
-116.571428571429,48.1012658227848,0.0937393976046942
-116.075630252101,48.1012658227848,0.0934789895264186
-115.579831932773,48.1012658227848,0.118969503829766
-115.084033613445,48.1012658227848,0.162471701854898
-114.588235294118,48.1012658227848,0.211392219614424
-114.09243697479,48.1012658227848,0.25064713146672
-113.596638655462,48.1012658227848,0.267735657885998
-113.100840336134,48.1012658227848,0.259998833744136
-112.605042016807,48.1012658227848,0.234246693043856
-112.109243697479,48.1012658227848,0.20124797335327
-111.613445378151,48.1012658227848,0.171320839321666
-111.117647058824,48.1012658227848,0.151478109611883
-110.621848739496,48.1012658227848,0.142955706166326
-110.126050420168,48.1012658227848,0.145260955007368
-109.63025210084,48.1012658227848,0.157979646025831
-109.134453781513,48.1012658227848,0.179870194571653
-108.638655462185,48.1012658227848,0.208482570754291
-108.142857142857,48.1012658227848,0.240427378472505
-107.647058823529,48.1012658227848,0.271329164537754
-107.151260504202,48.1012658227848,0.296852229625318
-106.655462184874,48.1012658227848,0.316200699852721
-106.159663865546,48.1012658227848,0.332244884927772
-105.663865546218,48.1012658227848,0.350016793479988
-105.168067226891,48.1012658227848,0.375393881278936
-104.672268907563,48.1012658227848,0.412778088699701
-104.176470588235,48.1012658227848,0.462121697539681
-103.680672268908,48.1012658227848,0.518861129314469
-103.18487394958,48.1012658227848,0.573196649938679
-102.689075630252,48.1012658227848,0.612680578669011
-102.193277310924,48.1012658227848,0.625634815178653
-101.697478991597,48.1012658227848,0.605593341831356
-101.201680672269,48.1012658227848,0.55250097570513
-100.705882352941,48.1012658227848,0.469301050021304
-100.210084033613,48.1012658227848,0.36129899012458
-99.7142857142857,48.1012658227848,0.235208748190043
-99.218487394958,48.1012658227848,0.100479975869883
-98.7226890756303,48.1012658227848,-0.0311154839103699
-98.2268907563025,48.1012658227848,-0.149321515347251
-97.7310924369748,48.1012658227848,-0.247429508035216
-97.2352941176471,48.1012658227848,-0.320916442436788
-96.7394957983193,48.1012658227848,-0.370168157685932
-96.2436974789916,48.1012658227848,-0.400578659092474
-95.7478991596639,48.1012658227848,-0.420313975505807
-95.2521008403361,48.1012658227848,-0.436434514761562
-94.7563025210084,48.1012658227848,-0.452969549988021
-94.2605042016807,48.1012658227848,-0.471186182096877
-93.7647058823529,48.1012658227848,-0.490146775577573
-93.2689075630252,48.1012658227848,-0.507745075626202
-92.7731092436975,48.1012658227848,-0.520982309726949
-92.2773109243697,48.1012658227848,-0.52674602020446
-91.781512605042,48.1012658227848,-0.522951136135264
-91.2857142857143,48.1012658227848,-0.511021897036226
-90.7899159663866,48.1012658227848,-0.496234344075478
-90.2941176470588,48.1012658227848,-0.483145847441201
-89.7983193277311,48.1012658227848,-0.474719049377821
-89.3025210084034,48.1012658227848,-0.471981281717464
-88.8067226890756,48.1012658227848,-0.474025672458225
-88.3109243697479,48.1012658227848,-0.478521284579997
-87.8151260504202,48.1012658227848,-0.482578599492443
-87.3193277310924,48.1012658227848,-0.483702315432867
-86.8235294117647,48.1012658227848,-0.480478510511515
-86.327731092437,48.1012658227848,-0.472684092121589
-85.8319327731092,48.1012658227848,-0.460900225607096
-85.3361344537815,48.1012658227848,-0.445954484010233
-84.8403361344538,48.1012658227848,-0.428552956576712
-84.344537815126,48.1012658227848,-0.409265123833563
-83.8487394957983,48.1012658227848,-0.388678941199258
-83.3529411764706,48.1012658227848,-0.367438639223037
-82.8571428571429,48.1012658227848,-0.346124201922229
-82.3613445378151,48.1012658227848,-0.325121084220039
-81.8655462184874,48.1012658227848,-0.304556606528956
-81.3697478991597,48.1012658227848,-0.284274322754507
-80.8739495798319,48.1012658227848,-0.263815186188647
-80.3781512605042,48.1012658227848,-0.242411829854368
-79.8823529411765,48.1012658227848,-0.2190268799845
-79.3865546218487,48.1012658227848,-0.192467884296416
-78.890756302521,48.1012658227848,-0.161594555573753
-78.3949579831933,48.1012658227848,-0.125606602861615
-77.8991596638655,48.1012658227848,-0.0843702329301736
-77.4033613445378,48.1012658227848,-0.0387142145604553
-76.9075630252101,48.1012658227848,0.00939384263472415
-76.4117647058823,48.1012658227848,0.0568882380568941
-75.9159663865546,48.1012658227848,0.0999433930605466
-75.4201680672269,48.1012658227848,0.134628416599782
-74.9243697478992,48.1012658227848,0.157779872003636
-74.4285714285714,48.1012658227848,0.167856153232424
-73.9327731092437,48.1012658227848,0.16547113778724
-73.436974789916,48.1012658227848,0.153398805557488
-72.9411764705882,48.1012658227848,0.136061797341916
-72.4453781512605,48.1012658227848,0.118713929110529
-71.9495798319328,48.1012658227848,0.106580362105318
-71.453781512605,48.1012658227848,0.104144428048912
-70.9579831932773,48.1012658227848,0.114651046472979
-70.4621848739496,48.1012658227848,0.139790968082506
-69.9663865546218,48.1012658227848,0.179460071129474
-69.4705882352941,48.1012658227848,0.231478254661409
-68.9747899159664,48.1012658227848,0.291297943715838
-68.4789915966387,48.1012658227848,0.352255482783709
-67.9831932773109,48.1012658227848,0.407288614716852
-67.4873949579832,48.1012658227848,0.451555069620219
-66.9915966386555,48.1012658227848,0.483854028960689
-66.4957983193277,48.1012658227848,0.505731304888129
-66,48.1012658227848,0.519592665763056
-125,48.4177215189873,0.00944000418242771
-124.504201680672,48.4177215189873,0.131930313831321
-124.008403361345,48.4177215189873,0.249611700701589
-123.512605042017,48.4177215189873,0.349302555703606
-123.016806722689,48.4177215189873,0.413531504342332
-122.521008403361,48.4177215189873,0.429660260250597
-122.025210084034,48.4177215189873,0.399968600341644
-121.529411764706,48.4177215189873,0.341596693564593
-121.033613445378,48.4177215189873,0.276348688893108
-120.53781512605,48.4177215189873,0.221585585813349
-120.042016806723,48.4177215189873,0.188133825798125
-119.546218487395,48.4177215189873,0.173461654636445
-119.050420168067,48.4177215189873,0.166679581790072
-118.55462184874,48.4177215189873,0.157063908196694
-118.058823529412,48.4177215189873,0.13769957541531
-117.563025210084,48.4177215189873,0.109179682602227
-117.067226890756,48.4177215189873,0.079459221744299
-116.571428571429,48.4177215189873,0.0608759479645643
-116.075630252101,48.4177215189873,0.0635621716564044
-115.579831932773,48.4177215189873,0.0890299378240617
-115.084033613445,48.4177215189873,0.13032472594871
-114.588235294118,48.4177215189873,0.175945714850738
-114.09243697479,48.4177215189873,0.211872532854999
-113.596638655462,48.4177215189873,0.226792498456532
-113.100840336134,48.4177215189873,0.217446936553097
-112.605042016807,48.4177215189873,0.190124046237803
-112.109243697479,48.4177215189873,0.156128832006536
-111.613445378151,48.4177215189873,0.126565145242897
-111.117647058824,48.4177215189873,0.108478803068444
-110.621848739496,48.4177215189873,0.102564756017948
-110.126050420168,48.4177215189873,0.108016610505229
-109.63025210084,48.4177215189873,0.124148854306525
-109.134453781513,48.4177215189873,0.149367547938988
-108.638655462185,48.4177215189873,0.180931644116256
-108.142857142857,48.4177215189873,0.215348786259506
-107.647058823529,48.4177215189873,0.248350119212565
-107.151260504202,48.4177215189873,0.275830213831204
-106.655462184874,48.4177215189873,0.296949800118258
-106.159663865546,48.4177215189873,0.314949786856483
-105.663865546218,48.4177215189873,0.335109443351022
-105.168067226891,48.4177215189873,0.363340337954387
-104.672268907563,48.4177215189873,0.403952647947854
-104.176470588235,48.4177215189873,0.456452078408322
-103.680672268908,48.4177215189873,0.515698014177678
-103.18487394958,48.4177215189873,0.57179274529083
-102.689075630252,48.4177215189873,0.612760977624325
-102.193277310924,48.4177215189873,0.627712279381027
-101.697478991597,48.4177215189873,0.610513929589719
-101.201680672269,48.4177215189873,0.56069684205267
-100.705882352941,48.4177215189873,0.481003442598835
-100.210084033613,48.4177215189873,0.376295605869949
-99.7142857142857,48.4177215189873,0.252817745087963
-99.218487394958,48.4177215189873,0.119438399681643
-98.7226890756303,48.4177215189873,-0.0124449003748049
-98.2268907563025,48.4177215189873,-0.132366271642943
-97.7310924369748,48.4177215189873,-0.233202766383852
-97.2352941176471,48.4177215189873,-0.310773575533873
-96.7394957983193,48.4177215189873,-0.365826177685922
-96.2436974789916,48.4177215189873,-0.403261186211449
-95.7478991596639,48.4177215189873,-0.430146022265835
-95.2521008403361,48.4177215189873,-0.452797411824566
-94.7563025210084,48.4177215189873,-0.475071933983176
-94.2605042016807,48.4177215189873,-0.498292010324465
-93.7647058823529,48.4177215189873,-0.521739507645704
-93.2689075630252,48.4177215189873,-0.543425434948112
-92.7731092436975,48.4177215189873,-0.560543220889134
-92.2773109243697,48.4177215189873,-0.570187987775749
-91.781512605042,48.4177215189873,-0.570388291432684
-91.2857142857143,48.4177215189873,-0.562215564185044
-90.7899159663866,48.4177215189873,-0.549922084967402
-90.2941176470588,48.4177215189873,-0.537663070220538
-89.7983193277311,48.4177215189873,-0.528274724177844
-89.3025210084034,48.4177215189873,-0.522956209713551
-88.8067226890756,48.4177215189873,-0.521287304611894
-88.3109243697479,48.4177215189873,-0.521619444482367
-87.8151260504202,48.4177215189873,-0.521741177700186
-87.3193277310924,48.4177215189873,-0.519614905365466
-86.8235294117647,48.4177215189873,-0.513923989717441
-86.327731092437,48.4177215189873,-0.504224036671793
-85.8319327731092,48.4177215189873,-0.490730188775823
-85.3361344537815,48.4177215189873,-0.473957555642067
-84.8403361344538,48.4177215189873,-0.454459127250957
-84.344537815126,48.4177215189873,-0.432769421755302
-83.8487394957983,48.4177215189873,-0.409456134193113
-83.3529411764706,48.4177215189873,-0.385117286308098
-82.8571428571429,48.4177215189873,-0.36028730520294
-82.3613445378151,48.4177215189873,-0.335328899813577
-81.8655462184874,48.4177215189873,-0.31036706289644
-81.3697478991597,48.4177215189873,-0.285261532328851
-80.8739495798319,48.4177215189873,-0.259600691827182
-80.3781512605042,48.4177215189873,-0.232718160854204
-79.8823529411765,48.4177215189873,-0.203749898634503
-79.3865546218487,48.4177215189873,-0.171751667070466
-78.890756302521,48.4177215189873,-0.135884642161997
-78.3949579831933,48.4177215189873,-0.0956559838785939
-77.8991596638655,48.4177215189873,-0.0511773720034249
-77.4033613445378,48.4177215189873,-0.00338317798163314
-76.9075630252101,48.4177215189873,0.0458642811416076
-76.4117647058823,48.4177215189873,0.0938560095902724
-75.9159663865546,48.4177215189873,0.137355957886096
-75.4201680672269,48.4177215189873,0.173155426505899
-74.9243697478992,48.4177215189873,0.198770239563883
-74.4285714285714,48.4177215189873,0.213097926409812
-73.9327731092437,48.4177215189873,0.216819358322292
-73.436974789916,48.4177215189873,0.212400255082691
-72.9411764705882,48.4177215189873,0.203696749984751
-72.4453781512605,48.4177215189873,0.195304997965542
-71.9495798319328,48.4177215189873,0.191842971946703
-71.453781512605,48.4177215189873,0.197312184532354
-70.9579831932773,48.4177215189873,0.21460540610987
-70.4621848739496,48.4177215189873,0.245148230998312
-69.9663865546218,48.4177215189873,0.288616397734316
-69.4705882352941,48.4177215189873,0.342690829472454
-68.9747899159664,48.4177215189873,0.402967102831844
-68.4789915966387,48.4177215189873,0.463451616064115
-67.9831932773109,48.4177215189873,0.518067881524782
-67.4873949579832,48.4177215189873,0.562617107688388
-66.9915966386555,48.4177215189873,0.595795978765097
-66.4957983193277,48.4177215189873,0.618620013046421
-66,48.4177215189873,0.633073100139143
-125,48.7341772151899,0.041175598881178
-124.504201680672,48.7341772151899,0.160128689092999
-124.008403361345,48.7341772151899,0.27117524375097
-123.512605042017,48.7341772151899,0.361815062061948
-123.016806722689,48.7341772151899,0.416444119586113
-122.521008403361,48.7341772151899,0.424765616965142
-122.025210084034,48.7341772151899,0.390320465637914
-121.529411764706,48.7341772151899,0.329450135447582
-121.033613445378,48.7341772151899,0.261702143094064
-120.53781512605,48.7341772151899,0.202791113807148
-120.042016806723,48.7341772151899,0.162444921580271
-119.546218487395,48.7341772151899,0.139324111273601
-119.050420168067,48.7341772151899,0.124938293398973
-118.55462184874,48.7341772151899,0.110374969875706
-118.058823529412,48.7341772151899,0.0894788483869086
-117.563025210084,48.7341772151899,0.0631395747946195
-117.067226890756,48.7341772151899,0.0382665860615693
-116.571428571429,48.7341772151899,0.0243586351466583
-116.075630252101,48.7341772151899,0.0289609481356526
-115.579831932773,48.7341772151899,0.052996402143155
-115.084033613445,48.7341772151899,0.0906746422364281
-114.588235294118,48.7341772151899,0.131938383886701
-114.09243697479,48.7341772151899,0.163962768816118
-113.596638655462,48.7341772151899,0.176728330705022
-113.100840336134,48.7341772151899,0.167138614243601
-112.605042016807,48.7341772151899,0.140634588699894
-112.109243697479,48.7341772151899,0.108089393953427
-111.613445378151,48.7341772151899,0.0806434186603607
-111.117647058824,48.7341772151899,0.0650609311747707
-110.621848739496,48.7341772151899,0.0618942010404514
-110.126050420168,48.7341772151899,0.0703011336183517
-109.63025210084,48.7341772151899,0.0893018916264396
-109.134453781513,48.7341772151899,0.117084523833399
-108.638655462185,48.7341772151899,0.150817637404355
-108.142857142857,48.7341772151899,0.186976362233342
-107.647058823529,48.7341772151899,0.2215229619418
-107.151260504202,48.7341772151899,0.250952990768281
-106.655462184874,48.7341772151899,0.274462996482287
-106.159663865546,48.7341772151899,0.295167986132887
-105.663865546218,48.7341772151899,0.318239562037779
-105.168067226891,48.7341772151899,0.349320521406485
-104.672268907563,48.7341772151899,0.39239385258356
-104.176470588235,48.7341772151899,0.446795007107889
-103.680672268908,48.7341772151899,0.506838963070568
-103.18487394958,48.7341772151899,0.563028512441955
-102.689075630252,48.7341772151899,0.604195817516132
-102.193277310924,48.7341772151899,0.6204457215334
-101.697478991597,48.7341772151899,0.606009625033285
-101.201680672269,48.7341772151899,0.559931495075213
-100.705882352941,48.7341772151899,0.484549259285057
-100.210084033613,48.7341772151899,0.384311512390201
-99.7142857142857,48.7341772151899,0.265219484068539
-99.218487394958,48.7341772151899,0.135198845282043
-98.7226890756303,48.7341772151899,0.00486789571681051
-98.2268907563025,48.7341772151899,-0.115290587466274
-97.7310924369748,48.7341772151899,-0.218034557934732
-97.2352941176471,48.7341772151899,-0.299574559350812
-96.7394957983193,48.7341772151899,-0.360505705884219
-96.2436974789916,48.7341772151899,-0.40503740718333
-95.7478991596639,48.7341772151899,-0.439143600382378
-95.2521008403361,48.7341772151899,-0.468333078150404
-94.7563025210084,48.7341772151899,-0.496183582899106
-94.2605042016807,48.7341772151899,-0.524053414315994
-93.7647058823529,48.7341772151899,-0.551429944002354
-93.2689075630252,48.7341772151899,-0.576523153575156
-92.7731092436975,48.7341772151899,-0.596774948025951
-92.2773109243697,48.7341772151899,-0.609565668399544
-91.781512605042,48.7341772151899,-0.613253257323696
-91.2857142857143,48.7341772151899,-0.608663249532486
-90.7899159663866,48.7341772151899,-0.599056425491252
-90.2941176470588,48.7341772151899,-0.588037246567084
-89.7983193277311,48.7341772151899,-0.578269792556259
-89.3025210084034,48.7341772151899,-0.571071567105775
-88.8067226890756,48.7341772151899,-0.566402945480967
-88.3109243697479,48.7341772151899,-0.563162189561494
-87.8151260504202,48.7341772151899,-0.559696524316582
-87.3193277310924,48.7341772151899,-0.554372898679183
-86.8235294117647,48.7341772151899,-0.54601746813906
-86.327731092437,48.7341772151899,-0.534082660117048
-85.8319327731092,48.7341772151899,-0.518550771190496
-85.3361344537815,48.7341772151899,-0.499712816577377
-84.8403361344538,48.7341772151899,-0.477984772008903
-84.344537815126,48.7341772151899,-0.453837066209
-83.8487394957983,48.7341772151899,-0.427789883828184
-83.3529411764706,48.7341772151899,-0.400384462202724
-82.8571428571429,48.7341772151899,-0.372103749011246
-82.3613445378151,48.7341772151899,-0.343282420249625
-81.8655462184874,48.7341772151899,-0.314045192845219
-81.3697478991597,48.7341772151899,-0.284280041225797
-80.8739495798319,48.7341772151899,-0.2536392877187
-80.3781512605042,48.7341772151899,-0.221568465175084
-79.8823529411765,48.7341772151899,-0.187372394941244
-79.3865546218487,48.7341772151899,-0.150329107115015
-78.890756302521,48.7341772151899,-0.109853328248692
-78.3949579831933,48.7341772151899,-0.0656953676676976
-77.8991596638655,48.7341772151899,-0.0181429226163663
-77.4033613445378,48.7341772151899,0.0318226636900844
-76.9075630252101,48.7341772151899,0.0824731998019933
-76.4117647058823,48.7341772151899,0.131437522606353
-75.9159663865546,48.7341772151899,0.175993716787323
-75.4201680672269,48.7341772151899,0.213534069994626
-74.9243697478992,48.7341772151899,0.24212166649257
-74.4285714285714,48.7341772151899,0.260998039794641
-73.9327731092437,48.7341772151899,0.270886079386238
-73.436974789916,48.7341772151899,0.273985579829928
-72.9411764705882,48.7341772151899,0.273660917957737
-72.4453781512605,48.7341772151899,0.273915408040889
-71.9495798319328,48.7341772151899,0.278787220033362
-71.453781512605,48.7341772151899,0.291781477107117
-70.9579831932773,48.7341772151899,0.315399544852433
-70.4621848739496,48.7341772151899,0.350772927750544
-69.9663865546218,48.7341772151899,0.397383952633115
-69.4705882352941,48.7341772151899,0.452888595330211
-68.9747899159664,48.7341772151899,0.513178244348384
-68.4789915966387,48.7341772151899,0.57296708726084
-67.9831932773109,48.7341772151899,0.62705291026018
-67.4873949579832,48.7341772151899,0.671775595448252
-66.9915966386555,48.7341772151899,0.705771226779175
-66.4957983193277,48.7341772151899,0.729624353755565
-66,48.7341772151899,0.744911005819259
-125,49.0506329113924,0.0676420491353243
-124.504201680672,49.0506329113924,0.181627376295484
-124.008403361345,49.0506329113924,0.285022187280719
-123.512605042017,49.0506329113924,0.366261824522951
-123.016806722689,49.0506329113924,0.411915757339531
-122.521008403361,49.0506329113924,0.414041144182379
-122.025210084034,49.0506329113924,0.376892408900449
-121.529411764706,49.0506329113924,0.315215457193672
-121.033613445378,49.0506329113924,0.246183653312375
-120.53781512605,49.0506329113924,0.184037544458596
-120.042016806723,49.0506329113924,0.137270883450943
-119.546218487395,49.0506329113924,0.10577770182307
-119.050420168067,49.0506329113924,0.0836361290443571
-118.55462184874,49.0506329113924,0.0638155561226883
-118.058823529412,49.0506329113924,0.0412203891123832
-117.563025210084,49.0506329113924,0.0167435917672924
-117.067226890756,49.0506329113924,-0.00424835345359273
-116.571428571429,49.0506329113924,-0.0146599574117334
-116.075630252101,49.0506329113924,-0.00915720187850911
-115.579831932773,49.0506329113924,0.0126468933442713
-115.084033613445,49.0506329113924,0.0459587399463635
-114.588235294118,49.0506329113924,0.0822298698958086
-114.09243697479,49.0506329113924,0.110075881685513
-113.596638655462,49.0506329113924,0.12085326331488
-113.100840336134,49.0506329113924,0.111979405334544
-112.605042016807,49.0506329113924,0.0881171181309339
-112.109243697479,49.0506329113924,0.0590051324174591
-111.613445378151,49.0506329113924,0.034886002152331
-111.117647058824,49.0506329113924,0.0220137481102817
-110.621848739496,49.0506329113924,0.0214303070763514
-110.126050420168,49.0506329113924,0.0323832772248447
-109.63025210084,49.0506329113924,0.0536693178786762
-109.134453781513,49.0506329113924,0.0833312992505042
-108.638655462185,49.0506329113924,0.118545691149615
-108.142857142857,49.0506329113924,0.155877849806029
-107.647058823529,49.0506329113924,0.19165299520593
-107.151260504202,49.0506329113924,0.222960810507019
-106.655462184874,49.0506329113924,0.249275584105856
-106.159663865546,49.0506329113924,0.273330398733762
-105.663865546218,49.0506329113924,0.299855194613131
-105.168067226891,49.0506329113924,0.33394980940938
-104.672268907563,49.0506329113924,0.378967618294691
-104.176470588235,49.0506329113924,0.434002645667092
-103.680672268908,49.0506329113924,0.493425034386701
-103.18487394958,49.0506329113924,0.548409286345168
-102.689075630252,49.0506329113924,0.588793584762527
-102.193277310924,49.0506329113924,0.605669277074519
-101.697478991597,49.0506329113924,0.593623742593629
-101.201680672269,49.0506329113924,0.551324694784042
-100.705882352941,49.0506329113924,0.480620585126205
-100.210084033613,49.0506329113924,0.385538112969981
-99.7142857142857,49.0506329113924,0.271740954407179
-99.218487394958,49.0506329113924,0.146411637069147
-98.7226890756303,49.0506329113924,0.0192371257661908
-98.2268907563025,49.0506329113924,-0.0997845561978109
-97.7310924369748,49.0506329113924,-0.203581698557557
-97.2352941176471,49.0506329113924,-0.288563505869133
-96.7394957983193,49.0506329113924,-0.354988763162522
-96.2436974789916,49.0506329113924,-0.406247481419401
-95.7478991596639,49.0506329113924,-0.447270590049153
-95.2521008403361,49.0506329113924,-0.482752395722565
-94.7563025210084,49.0506329113924,-0.515906734282189
-94.2605042016807,49.0506329113924,-0.548073527834055
-93.7647058823529,49.0506329113924,-0.578915720053781
-93.2689075630252,49.0506329113924,-0.606879217317594
-92.7731092436975,49.0506329113924,-0.629712397868161
-92.2773109243697,49.0506329113924,-0.645156321367321
-91.781512605042,49.0506329113924,-0.651893310746763
-91.2857142857143,49.0506329113924,-0.650546913652659
-90.7899159663866,49.0506329113924,-0.643600875388783
-90.2941176470588,49.0506329113924,-0.634065249191208
-89.7983193277311,49.0506329113924,-0.624365339026739
-89.3025210084034,49.0506329113924,-0.615869444257416
-88.8067226890756,49.0506329113924,-0.60882268127175
-88.3109243697479,49.0506329113924,-0.602555628459611
-87.8151260504202,49.0506329113924,-0.595872479185234
-87.3193277310924,49.0506329113924,-0.587493341653178
-86.8235294117647,49.0506329113924,-0.576409506402007
-86.327731092437,49.0506329113924,-0.562051230109811
-85.8319327731092,49.0506329113924,-0.544265433867791
-85.3361344537815,49.0506329113924,-0.523188946338845
-84.8403361344538,49.0506329113924,-0.499123209202386
-84.344537815126,49.0506329113924,-0.472465053641176
-83.8487394957983,49.0506329113924,-0.443674504669178
-83.3529411764706,49.0506329113924,-0.413232057686305
-82.8571428571429,49.0506329113924,-0.381568691106073
-82.3613445378151,49.0506329113924,-0.348990316334941
-81.8655462184874,49.0506329113924,-0.315623071084894
-81.3697478991597,49.0506329113924,-0.281389135530993
-80.8739495798319,49.0506329113924,-0.246011923409953
-80.3781512605042,49.0506329113924,-0.209050596644772
-79.8823529411765,49.0506329113924,-0.169968259992694
-79.3865546218487,49.0506329113924,-0.128238135518108
-78.890756302521,49.0506329113924,-0.0834851766724549
-78.3949579831933,49.0506329113924,-0.0356485737530311
-77.8991596638655,49.0506329113924,0.0148630987153125
-77.4033613445378,49.0506329113924,0.067063794202659
-76.9075630252101,49.0506329113924,0.11937359692514
-76.4117647058823,49.0506329113924,0.169732548561188
-75.9159663865546,49.0506329113924,0.21586173096549
-75.4201680672269,49.0506329113924,0.255650468477764
-74.9243697478992,49.0506329113924,0.287600581143032
-74.4285714285714,49.0506329113924,0.311219550816097
-73.9327731092437,49.0506329113924,0.327248493057739
-73.436974789916,49.0506329113924,0.337650677196536
-72.9411764705882,49.0506329113924,0.345357727400823
-72.4453781512605,49.0506329113924,0.353838265567366
-71.9495798319328,49.0506329113924,0.366586654735944
-71.453781512605,49.0506329113924,0.386621246808054
-70.9579831932773,49.0506329113924,0.416048285492742
-70.4621848739496,49.0506329113924,0.455713677742601
-69.9663865546218,49.0506329113924,0.504953818948967
-69.4705882352941,49.0506329113924,0.561488871069455
-68.9747899159664,49.0506329113924,0.621579158474827
-68.4789915966387,49.0506329113924,0.680613176862661
-67.9831932773109,49.0506329113924,0.73413697401219
-67.4873949579832,49.0506329113924,0.778947736464782
-66.9915966386555,49.0506329113924,0.813668497695733
-66.4957983193277,49.0506329113924,0.838552465851456
-66,49.0506329113924,0.854810373479605
-125,49.3670886075949,0.0880786445520334
-124.504201680672,49.3670886075949,0.195967144883166
-124.008403361345,49.3670886075949,0.291027553386924
-123.512605042017,49.3670886075949,0.362798409704035
-123.016806722689,49.3670886075949,0.400289759251502
-122.521008403361,49.3670886075949,0.397769688447895
-122.025210084034,49.3670886075949,0.359566653687311
-121.529411764706,49.3670886075949,0.298370112345614
-121.033613445378,49.3670886075949,0.229170984337827
-120.53781512605,49.3670886075949,0.164675773278443
-120.042016806723,49.3670886075949,0.112519714320047
-119.546218487395,49.3670886075949,0.0736801591636196
-119.050420168067,49.3670886075949,0.0443822536315329
-118.55462184874,49.3670886075949,0.0193760702954175
-118.058823529412,49.3670886075949,-0.0051162090591413
-117.563025210084,49.3670886075949,-0.0285341941366571
-117.067226890756,49.3670886075949,-0.0469272546757958
-116.571428571429,49.3670886075949,-0.0551823452394788
-116.075630252101,49.3670886075949,-0.0496787612572025
-115.579831932773,49.3670886075949,-0.0304915244124698
-115.084033613445,49.3670886075949,-0.00170935595287217
-114.588235294118,49.3670886075949,0.0292484591658837
-114.09243697479,49.3670886075949,0.0528976728282872
-113.596638655462,49.3670886075949,0.0619781956261068
-113.100840336134,49.3670886075949,0.0544220464336875
-112.605042016807,49.3670886075949,0.0341984339632219
-112.109243697479,49.3670886075949,0.00960151735402545
-111.613445378151,49.3670886075949,-0.0105177174286983
-111.117647058824,49.3670886075949,-0.0204627539556724
-110.621848739496,49.3670886075949,-0.0186503491330243
-110.126050420168,49.3670886075949,-0.00557995932329127
-109.63025210084,49.3670886075949,0.0174552732512178
-109.134453781513,49.3670886075949,0.0484344673485691
-108.638655462185,49.3670886075949,0.0846088261154525
-108.142857142857,49.3670886075949,0.122746356518141
-107.647058823529,49.3670886075949,0.159597599065637
-107.151260504202,49.3670886075949,0.192800818336959
-106.655462184874,49.3670886075949,0.222076930818991
-106.159663865546,49.3670886075949,0.249774342140178
-105.663865546218,49.3670886075949,0.279992490669121
-105.168067226891,49.3670886075949,0.317055847139699
-104.672268907563,49.3670886075949,0.363541301051951
-104.176470588235,49.3670886075949,0.418319041903169
-103.680672268908,49.3670886075949,0.476174224041906
-103.18487394958,49.3670886075949,0.529083007425087
-102.689075630252,49.3670886075949,0.567973098688239
-102.193277310924,49.3670886075949,0.584883946008194
-101.697478991597,49.3670886075949,0.57476316982367
-101.201680672269,49.3670886075949,0.536026715421295
-100.705882352941,49.3670886075949,0.470050954308403
-100.210084033613,49.3670886075949,0.380402564620183
-99.7142857142857,49.3670886075949,0.272302892751161
-99.218487394958,49.3670886075949,0.152478621464071
-98.7226890756303,49.3670886075949,0.0296571860034246
-98.2268907563025,49.3670886075949,-0.0870992623207478
-97.7310924369748,49.3670886075949,-0.191066773012495
-97.2352941176471,49.3670886075949,-0.278729982375765
-96.7394957983193,49.3670886075949,-0.349938246977818
-96.2436974789916,49.3670886075949,-0.407249132047041
-95.7478991596639,49.3670886075949,-0.454614512842845
-95.2521008403361,49.3670886075949,-0.495938117358325
-94.7563025210084,49.3670886075949,-0.534018116789098
-94.2605042016807,49.3670886075949,-0.570115447098748
-93.7647058823529,49.3670886075949,-0.604030125739514
-93.2689075630252,49.3670886075949,-0.634457277986475
-92.7731092436975,49.3670886075949,-0.659479206825939
-92.2773109243697,49.3670886075949,-0.677212811465012
-91.781512605042,49.3670886075949,-0.686609395017953
-91.2857142857143,49.3670886075949,-0.688133016429478
-90.7899159663866,49.3670886075949,-0.683683627045164
-90.2941176470588,49.3670886075949,-0.675724132798378
-89.7983193277311,49.3670886075949,-0.666400021943162
-89.3025210084034,49.3670886075949,-0.657064954657531
-88.8067226890756,49.3670886075949,-0.648162397496325
-88.3109243697479,49.3670886075949,-0.63935693615241
-87.8151260504202,49.3670886075949,-0.629822403643267
-87.3193277310924,49.3670886075949,-0.618583211223165
-86.8235294117647,49.3670886075949,-0.604802029042276
-86.327731092437,49.3670886075949,-0.587939308866793
-85.8319327731092,49.3670886075949,-0.567775669413527
-85.3361344537815,49.3670886075949,-0.544348060837362
-84.8403361344538,49.3670886075949,-0.517867922461284
-84.344537815126,49.3670886075949,-0.488660943272677
-83.8487394957983,49.3670886075949,-0.457124459752078
-83.3529411764706,49.3670886075949,-0.423679325122243
-82.8571428571429,49.3670886075949,-0.388707453081495
-82.3613445378151,49.3670886075949,-0.352487967208467
-81.8655462184874,49.3670886075949,-0.315150093435906
-81.3697478991597,49.3670886075949,-0.276652440520616
-80.8739495798319,49.3670886075949,-0.236790493335006
-80.3781512605042,49.3670886075949,-0.195232581891957
-79.8823529411765,49.3670886075949,-0.151585698353476
-79.3865546218487,49.3670886075949,-0.105491376803057
-78.890756302521,49.3670886075949,-0.0567463534738113
-78.3949579831933,49.3670886075949,-0.00543370334795315
-77.8991596638655,49.3670886075949,0.0479598736462232
-77.4033613445378,49.3670886075949,0.102472691961983
-76.9075630252101,49.3670886075949,0.15667666519232
-76.4117647058823,49.3670886075949,0.208792518842238
-75.9159663865546,49.3670886075949,0.256919172405812
-75.4201680672269,49.3670886075949,0.299354477173839
-74.9243697478992,49.3670886075949,0.33494965988026
-74.4285714285714,49.3670886075949,0.363414072145425
-73.9327731092437,49.3670886075949,0.385485663105549
-73.436974789916,49.3670886075949,0.402912534451294
-72.9411764705882,49.3670886075949,0.418241769700313
-72.4453781512605,49.3670886075949,0.434460653220639
-71.9495798319328,49.3670886075949,0.454562064487996
-71.453781512605,49.3670886075949,0.48110476559279
-70.9579831932773,49.3670886075949,0.515820261254976
-70.4621848739496,49.3670886075949,0.559298129605559
-69.9663865546218,49.3670886075949,0.610778451855721
-69.4705882352941,49.3670886075949,0.668103919663026
-68.9747899159664,49.3670886075949,0.727923823275069
-68.4789915966387,49.3670886075949,0.786236882231333
-67.9831932773109,49.3670886075949,0.839221825373118
-67.4873949579832,49.3670886075949,0.884068010743753
-66.9915966386555,49.3670886075949,0.919423829759329
-66.4957983193277,49.3670886075949,0.945298374865661
-66,49.3670886075949,0.962591491385272
-125,49.6835443037975,0.102229581158842
-124.504201680672,49.6835443037975,0.203268513684434
-124.008403361345,49.6835443037975,0.289763052069455
-123.512605042017,49.6835443037975,0.352526770046158
-123.016806722689,49.6835443037975,0.382860094288468
-122.521008403361,49.6835443037975,0.376847985544608
-122.025210084034,49.6835443037975,0.338557248497603
-121.529411764706,49.6835443037975,0.278694989922083
-121.033613445378,49.6835443037975,0.210182632187766
-120.53781512605,49.6835443037975,0.144246253784201
-120.042016806723,49.6835443037975,0.0879223288252478
-119.546218487395,49.6835443037975,0.0430509082795296
-119.050420168067,49.6835443037975,0.00754426158290337
-118.55462184874,49.6835443037975,-0.0222095344558744
-118.058823529412,49.6835443037975,-0.0488366761602109
-117.563025210084,49.6835443037975,-0.0720468019568801
-117.067226890756,49.6835443037975,-0.0890747709877514
-116.571428571429,49.6835443037975,-0.0963800694062471
-116.075630252101,49.6835443037975,-0.091642794538497
-115.579831932773,49.6835443037975,-0.0753305255595408
-115.084033613445,49.6835443037975,-0.0510780327793158
-114.588235294118,49.6835443037975,-0.0252547481216865
-114.09243697479,49.6835443037975,-0.00555308964120205
-113.596638655462,49.6835443037975,0.00213486205870609
-113.100840336134,49.6835443037975,-0.00381022673299228
-112.605042016807,49.6835443037975,-0.0200793575340868
-112.109243697479,49.6835443037975,-0.0398326840988725
-111.613445378151,49.6835443037975,-0.0556646018276181
-111.117647058824,49.6835443037975,-0.0624768837899646
-110.621848739496,49.6835443037975,-0.0583638459148043
-110.126050420168,49.6835443037975,-0.043510442290657
-109.63025210084,49.6835443037975,-0.0191542130510161
-109.134453781513,49.6835443037975,0.01271735867426
-108.638655462185,49.6835443037975,0.0494958301756895
-108.142857142857,49.6835443037975,0.088224265123448
-107.647058823529,49.6835443037975,0.126086774528003
-107.151260504202,49.6835443037975,0.161185419541823
-106.655462184874,49.6835443037975,0.193401677636625
-106.159663865546,49.6835443037975,0.224711912839213
-105.663865546218,49.6835443037975,0.25850970022664
-105.168067226891,49.6835443037975,0.298256298328211
-104.672268907563,49.6835443037975,0.345776471456897
-104.176470588235,49.6835443037975,0.399768149377343
-103.680672268908,49.6835443037975,0.455509798599405
-103.18487394958,49.6835443037975,0.505854253143225
-102.689075630252,49.6835443037975,0.542799754513064
-102.193277310924,49.6835443037975,0.55928331273601
-101.697478991597,49.6835443037975,0.550633929370046
-101.201680672269,49.6835443037975,0.515127265002711
-100.705882352941,49.6835443037975,0.453733626994384
-100.210084033613,49.6835443037975,0.369558901356953
-99.7142857142857,49.6835443037975,0.26737951145281
-99.218487394958,49.6835443037975,0.153486975121138
-98.7226890756303,49.6835443037975,0.035694093260992
-98.2268907563025,49.6835443037975,-0.0779739013309505
-97.7310924369748,49.6835443037975,-0.181284506758181
-97.2352941176471,49.6835443037975,-0.270773793597242
-96.7394957983193,49.6835443037975,-0.345880386482686
-96.2436974789916,49.6835443037975,-0.408384443438841
-95.7478991596639,49.6835443037975,-0.461341613590574
-95.2521008403361,49.6835443037975,-0.507909206209829
-94.7563025210084,49.6835443037975,-0.550447521074796
-94.2605042016807,49.6835443037975,-0.590088578270821
-93.7647058823529,49.6835443037975,-0.626729461974143
-93.2689075630252,49.6835443037975,-0.659304106540321
-92.7731092436975,49.6835443037975,-0.686223872623838
-92.2773109243697,49.6835443037975,-0.705954331009996
-91.781512605042,49.6835443037975,-0.7176626477252
-91.2857142857143,49.6835443037975,-0.72169260019361
-90.7899159663866,49.6835443037975,-0.719507745152963
-90.2941176470588,49.6835443037975,-0.713105008850428
-89.7983193277311,49.6835443037975,-0.704343088421758
-89.3025210084034,49.6835443037975,-0.694510778163064
-88.8067226890756,49.6835443037975,-0.684176230925428
-88.3109243697479,49.6835443037975,-0.673254300768523
-87.8151260504202,49.6835443037975,-0.661213347331206
-87.3193277310924,49.6835443037975,-0.647336131557903
-86.8235294117647,49.6835443037975,-0.630951986904197
-86.327731092437,49.6835443037975,-0.611582786307719
-85.8319327731092,49.6835443037975,-0.588990124411774
-85.3361344537815,49.6835443037975,-0.563152319379908
-84.8403361344538,49.6835443037975,-0.534214456722531
-84.344537815126,49.6835443037975,-0.502440061329512
-83.8487394957983,49.6835443037975,-0.468167727140589
-83.3529411764706,49.6835443037975,-0.431763341418791
-82.8571428571429,49.6835443037975,-0.39356475460238
-82.3613445378151,49.6835443037975,-0.353827763296456
-81.8655462184874,49.6835443037975,-0.312686292424186
-81.3697478991597,49.6835443037975,-0.270135308958169
-80.8739495798319,49.6835443037975,-0.22603948000014
-80.3781512605042,49.6835443037975,-0.180168041186852
-79.8823529411765,49.6835443037975,-0.132255531326566
-79.3865546218487,49.6835443037975,-0.0820861440068497
-78.890756302521,49.6835443037975,-0.0295948962895576
-78.3949579831933,49.6835443037975,0.0250279563749719
-77.8991596638655,49.6835443037975,0.0812499560068809
-77.4033613445378,49.6835443037975,0.138152540338832
-76.9075630252101,49.6835443037975,0.194455705140868
-76.4117647058823,49.6835443037975,0.24862909927029
-75.9159663865546,49.6835443037975,0.299090992004564
-75.4201680672269,49.6835443037975,0.34447281004797
-74.9243697478992,49.6835443037975,0.383901672720115
-74.4285714285714,49.6835443037975,0.417236375938919
-73.9327731092437,49.6835443037975,0.445193430313994
-73.436974789916,49.6835443037975,0.469322425832769
-72.9411764705882,49.6835443037975,0.491826817224333
-72.4453781512605,49.6835443037975,0.515262257490242
-71.9495798319328,49.6835443037975,0.542166315638004
-71.453781512605,49.6835443037975,0.574676511741467
-70.9579831932773,49.6835443037975,0.614184050713687
-70.4621848739496,49.6835443037975,0.661060087737006
-69.9663865546218,49.6835443037975,0.714491161660645
-69.4705882352941,49.6835443037975,0.772474435933192
-68.9747899159664,49.6835443037975,0.832036872886109
-68.4789915966387,49.6835443037975,0.889714374830689
-67.9831932773109,49.6835443037975,0.942219069035631
-67.4873949579832,49.6835443037975,0.987079068264422
-66.9915966386555,49.6835443037975,1.02299514932575
-66.4957983193277,49.6835443037975,1.04980328201602
-66,49.6835443037975,1.06814805458932
-125,50,0.110219172999103
-124.504201680672,50,0.204032915510524
-124.008403361345,50,0.282134158329015
-123.512605042017,50,0.336665486704299
-123.016806722689,50,0.360862679562429
-122.521008403361,50,0.35216819358587
-122.025210084034,50,0.31429882022758
-121.529411764706,50,0.25623958856758
-121.033613445378,50,0.189014511442675
-120.53781512605,50,0.122480975434373
-120.042016806723,50,0.0631876233205966
-119.546218487395,50,0.013606796104483
-119.050420168067,50,-0.0270287766021209
-118.55462184874,50,-0.0609396048932505
-118.058823529412,50,-0.0898346805137575
-117.563025210084,50,-0.113559432243787
-117.067226890756,50,-0.130265201517746
-116.571428571429,50,-0.137618160716945
-116.075630252101,50,-0.134276667195637
-115.579831932773,50,-0.121031847478196
-115.084033613445,50,-0.101162728702557
-114.588235294118,50,-0.0800530031277851
-114.09243697479,50,-0.063878438895798
-113.596638655462,50,-0.0573064259520331
-113.100840336134,50,-0.0615764504627259
-112.605042016807,50,-0.073987300809452
-112.109243697479,50,-0.0890093725632799
-111.613445378151,50,-0.100552674335677
-111.117647058824,50,-0.10414907061192
-110.621848739496,50,-0.0977848400035095
-110.126050420168,50,-0.0813726539415505
-109.63025210084,50,-0.0559983307376217
-109.134453781513,50,-0.0235262549054838
-108.638655462185,50,0.0136342198372168
-108.142857142857,50,0.0528365580848911
-107.647058823529,50,0.0916707800842336
-107.151260504202,50,0.128606012302908
-106.655462184874,50,0.163601696232619
-106.159663865546,50,0.198267327269985
-105.663865546218,50,0.2352942613256
-105.168067226891,50,0.277309837307796
-104.672268907563,50,0.325477027956478
-104.176470588235,50,0.378366758321319
-103.680672268908,50,0.431737232967157
-103.18487394958,50,0.479304818926081
-102.689075630252,50,0.514071329393547
-102.193277310924,50,0.529806675483742
-101.697478991597,50,0.522241748921921
-101.201680672269,50,0.489606590939354
-100.705882352941,50,0.432549096337206
-100.210084033613,50,0.353752025554836
-99.7142857142857,50,0.257556918433137
-99.218487394958,50,0.14975404335775
-98.7226890756303,50,0.037303396188665
-98.2268907563025,50,-0.0727308960986309
-97.7310924369748,50,-0.17467172511958
-97.2352941176471,50,-0.265135377418827
-96.7394957983193,50,-0.343197845499469
-96.2436974789916,50,-0.409951552469014
-95.7478991596639,50,-0.467653917409754
-95.2521008403361,50,-0.518775489631953
-94.7563025210084,50,-0.565240190152754
-94.2605042016807,50,-0.608017089306867
-93.7647058823529,50,-0.647062047873259
-93.2689075630252,50,-0.681520153702059
-92.7731092436975,50,-0.710102377998246
-92.2773109243697,50,-0.731577292191338
-91.781512605042,50,-0.745284979730507
-91.2857142857143,50,-0.751481450121243
-90.7899159663866,50,-0.751302995112212
-90.2941176470588,50,-0.746364257483799
-89.7983193277311,50,-0.738253778567587
-89.3025210084034,50,-0.728164120582802
-88.8067226890756,50,-0.716729649259916
-88.3109243697479,50,-0.704045885769317
-87.8151260504202,50,-0.689811598478431
-87.3193277310924,50,-0.673525312773234
-86.8235294117647,50,-0.654671219731785
-86.327731092437,50,-0.632848763295067
-85.8319327731092,50,-0.607831479633494
-85.3361344537815,50,-0.579569541974963
-84.8403361344538,50,-0.548162744462404
-84.344537815126,50,-0.513824296852425
-83.8487394957983,50,-0.476841683697511
-83.3529411764706,50,-0.437532729566005
-82.8571428571429,50,-0.396197404284021
-82.3613445378151,50,-0.353072330040785
-81.8655462184874,50,-0.308297596622571
-81.3697478991597,50,-0.261903072723733
-80.8739495798319,50,-0.213817467784865
-80.3781512605042,50,-0.163900627316644
-79.8823529411765,50,-0.11199776496324
-79.3865546218487,50,-0.0580120369921049
-78.890756302521,50,-0.00198803705644235
-78.3949579831933,50,0.0558062634765785
-77.8991596638655,50,0.114816536295256
-77.4033613445378,50,0.174178305529856
-76.9075630252101,50,0.232751155768202
-76.4117647058823,50,0.289222404942759
-75.9159663865546,50,0.342277955209811
-75.4201680672269,50,0.3908196366751
-74.9243697478992,50,0.434190076968932
-74.4285714285714,50,0.472354911678038
-73.9327731092437,50,0.505994384453511
-73.436974789916,50,0.536473688891423
-72.9411764705882,50,0.565688552148208
-72.4453781512605,50,0.595809580093234
-71.9495798319328,50,0.62896668380874
-71.453781512605,50,0.666920233446466
-70.9579831932773,50,0.710761959796934
-70.4621848739496,50,0.76068355748124
-69.9663865546218,50,0.815851110724625
-69.4705882352941,50,0.874428888910877
-68.9747899159664,50,0.933793854934146
-68.4789915966387,50,0.990947575189089
-67.9831932773109,50,1.04305223612682
-67.4873949579832,50,1.08793001934965
-66.9915966386555,50,1.12435126666551
-66.4957983193277,50,1.15203416973263
-66,50,1.17141924244226
